startedAt,method,path,status,ok,ms,reqId
2026-07-22T15:25:57.560Z,GET,/workers/?page=1&pageSize=10,200,1,73.168,e3c9ef68-c369-4f5f-ba2a-a625e90ee5f4
2026-07-22T15:25:57.572Z,GET,/cars/ace1a0c2-8a88-4c62-bae7-b438def83076,200,1,84.723,e72c112d-52ef-4264-a708-2e894d580b67
2026-07-22T15:25:57.636Z,GET,/workers/?page=1&pageSize=10,200,1,78.540,653c0a33-a8e1-48db-acd2-b98544690a54
2026-07-22T15:25:57.659Z,GET,/work/?page=1&pageSize=10,200,1,82.921,ce36c309-4d5f-4e9d-aeb0-15e74c0c25cf
2026-07-22T15:25:57.721Z,GET,/work/?page=1&pageSize=10,200,1,69.924,e9c5d6fd-0b86-48ed-8a7e-8fdb73221a32
2026-07-22T15:25:57.749Z,GET,/cars/?page=1&pageSize=10,200,1,75.151,9f4d8ad0-e2b0-4724-987e-8f911bda8dec
2026-07-22T15:25:57.792Z,GET,/users/93678e6e-506a-432d-b0d9-a7aba055e1d9,200,1,84.897,ee675f53-d6d4-408e-a831-6a27a09edf0d
2026-07-22T15:25:57.836Z,GET,/work/47ec7d1c-550d-4f68-a20c-ca7ace59e2eb,200,1,91.866,9cafa239-d0dc-485e-8e1a-89c477735e9c
2026-07-22T15:25:57.590Z,GET,/customers/?page=1&pageSize=10,200,1,348.183,bcd7dc3b-e9bc-4b84-a4bf-a84efcfef96c
2026-07-22T15:25:57.644Z,GET,/customers/dd73a830-ece4-4be5-8292-4761f9896ba9/with-cars,200,1,320.767,642c04cf-227e-45c1-9fc8-93c02773f2cd
2026-07-22T15:25:57.888Z,GET,/users/93678e6e-506a-432d-b0d9-a7aba055e1d9,200,1,104.876,1e11dbd2-eea6-45d1-9e62-d95ea5c447b7
2026-07-22T15:25:57.875Z,PATCH,/workers/change-hourly-rate,200,1,140.724,c7a69a74-cc51-4330-a83a-3d600c9d7321
2026-07-22T15:25:57.665Z,GET,/customers/dd73a830-ece4-4be5-8292-4761f9896ba9/with-cars,200,1,358.617,3255c075-1602-4dda-bb95-dcb6a17abc08
2026-07-22T15:25:57.983Z,GET,/users/93678e6e-506a-432d-b0d9-a7aba055e1d9,200,1,75.660,3d06ac3e-89d0-4fcf-b2ac-f2c886eb0699
2026-07-22T15:25:57.999Z,GET,/work/47ec7d1c-550d-4f68-a20c-ca7ace59e2eb,200,1,109.431,0c7b3ec9-5fc8-415b-8155-88e5794a045d
2026-07-22T15:25:57.697Z,GET,/customers/dd73a830-ece4-4be5-8292-4761f9896ba9,200,1,414.259,0cecedd2-6eb1-4676-9cb3-8d1f19fc4324
2026-07-22T15:25:58.088Z,GET,/users/93678e6e-506a-432d-b0d9-a7aba055e1d9,200,1,114.035,824e8233-ac74-4dce-8a20-0ce1a3e3fb63
2026-07-22T15:25:58.000Z,GET,/customers/dd73a830-ece4-4be5-8292-4761f9896ba9,200,1,204.997,b1f29f1a-f348-4de8-a6cb-90d7daeb5c05
2026-07-22T15:25:58.109Z,GET,/workers/304a0fb4-b5e6-43e2-a72f-30524e8d7d50,200,1,123.367,85c14cbd-8ad1-4f27-97a9-94f0f9e0ed04
2026-07-22T15:25:57.712Z,GET,/work/?page=1&pageSize=10,200,1,542.314,1ff6260c-e95d-4f12-8c4f-02faf8137814
2026-07-22T15:25:58.112Z,GET,/users/?page=1&pageSize=10,200,1,240.656,4c5cb53c-8894-4f95-bd02-f80e2109e12a
2026-07-22T15:25:58.241Z,GET,/customers/dd73a830-ece4-4be5-8292-4761f9896ba9,200,1,135.901,c2dd5a86-0143-4507-a307-61170007ac19
2026-07-22T15:25:57.770Z,GET,/customers/dd73a830-ece4-4be5-8292-4761f9896ba9/with-cars,200,1,616.126,b82d7111-fa09-47f1-b9a8-5d2bbc020345
2026-07-22T15:25:58.204Z,GET,/work/47ec7d1c-550d-4f68-a20c-ca7ace59e2eb,200,1,224.118,c7fd80b8-b6fa-40f7-8cd8-3b608a6fcda4
2026-07-22T15:25:58.222Z,GET,/orders/?page=1&pageSize=10,200,1,208.041,48648ca0-c3be-4186-a24c-2ddd30565d71
2026-07-22T15:25:57.842Z,GET,/work/47ec7d1c-550d-4f68-a20c-ca7ace59e2eb,200,1,598.082,eeff6cbf-7834-4990-8731-222be372bd7a
2026-07-22T15:25:57.739Z,GET,/orders/?page=1&pageSize=10,200,1,733.015,5135c35c-6211-4926-9c37-75a2705d24d2
2026-07-22T15:25:58.414Z,GET,/orders/1bb40596-8485-45cb-9d91-df6f390f3788,200,1,81.434,5be8037e-6202-4c0b-a14a-675ff76951d7
2026-07-22T15:25:57.891Z,GET,/work/?page=1&pageSize=10,200,1,610.619,8b6e8790-16e9-4410-82c1-e19a74b2cecf
2026-07-22T15:25:58.320Z,PATCH,/orders/apply-discount,200,1,188.106,59e8667b-3095-47e0-93cb-c020d0e32f84
2026-07-22T15:25:58.436Z,GET,/users/?page=1&pageSize=10,200,1,102.105,b73f4f85-8236-42a9-b99c-a528887391ea
2026-07-22T15:25:58.140Z,GET,/orders/?page=1&pageSize=10,200,1,407.551,2285611c-4773-4b64-9959-8b9a3b80ba98
2026-07-22T15:25:58.275Z,GET,/customers/dd73a830-ece4-4be5-8292-4761f9896ba9,200,1,304.735,3772243a-3974-4dad-b02d-4cde653c4029
2026-07-22T15:25:58.504Z,PATCH,/work/set-estimate,200,1,94.462,c6fe801e-7f2a-421c-b24c-ba5932159785
2026-07-22T15:25:58.522Z,GET,/users/93678e6e-506a-432d-b0d9-a7aba055e1d9,200,1,189.445,5fa0974c-3a39-4a80-a4a0-855cc1b137c0
2026-07-22T15:25:58.599Z,GET,/users/?page=1&pageSize=10,200,1,139.183,667cce7b-8c76-43b0-950d-088465645ca7
2026-07-22T15:25:58.565Z,GET,/customers/?page=1&pageSize=10,200,1,230.943,9f1dbd84-3a8e-4d6a-a61c-f3b64c4df1ca
2026-07-22T15:25:58.511Z,GET,/orders/1bb40596-8485-45cb-9d91-df6f390f3788,200,1,293.410,69b035a0-7515-46a1-af28-bb8302da5977
2026-07-22T15:25:58.765Z,GET,/orders/?page=1&pageSize=10,200,1,131.947,803ca548-c075-46b4-8451-825a90e81545
2026-07-22T15:25:57.788Z,GET,/orders/?page=1&pageSize=10,200,1,1115.177,8cf7796c-c4fb-42c9-a735-436c50c639d2
2026-07-22T15:25:58.246Z,GET,/cars/?page=1&pageSize=10,200,1,665.988,ab7924b3-1525-49e6-b799-32c57b137fc7
2026-07-22T15:25:58.725Z,GET,/work/?page=1&pageSize=10,200,1,222.960,d5c062bc-1ba4-4c47-8ee7-75d5e3606dfb
2026-07-22T15:25:58.810Z,PATCH,/customers/rename,200,1,140.744,cb9b24e9-5223-4f35-b31d-3910ae212e5b
2026-07-22T15:25:57.795Z,GET,/work/?page=1&pageSize=10,200,1,1194.814,d7df9c1e-2f4c-4f4f-88d1-ce9122ebe692
2026-07-22T15:25:58.309Z,GET,/users/93678e6e-506a-432d-b0d9-a7aba055e1d9,200,1,685.551,2309f111-f503-4850-94b7-f63e3ba5d481
2026-07-22T15:25:57.889Z,GET,/work/?page=1&pageSize=10,200,1,1106.334,80d37b86-0e75-4cb9-a6b5-8a949585bf5d
2026-07-22T15:25:58.910Z,GET,/cars/?page=1&pageSize=10,200,1,119.993,d2a4c972-4162-41cf-93a1-4453cce6d95e
2026-07-22T15:25:58.169Z,GET,/workers/304a0fb4-b5e6-43e2-a72f-30524e8d7d50,200,1,877.302,c2e86a35-158c-4919-8509-eee31dfd6e5f
2026-07-22T15:25:58.615Z,GET,/customers/dd73a830-ece4-4be5-8292-4761f9896ba9,200,1,432.680,7d439bf3-d749-409e-82fb-c99201aada99
2026-07-22T15:25:58.821Z,PATCH,/workers/change-hourly-rate,200,1,228.217,9bb02298-6729-4593-8437-6627f31906de
2026-07-22T15:25:58.171Z,GET,/users/93678e6e-506a-432d-b0d9-a7aba055e1d9,200,1,922.027,580943fb-1520-4261-84a9-84a088066f07
2026-07-22T15:25:58.528Z,GET,/customers/dd73a830-ece4-4be5-8292-4761f9896ba9,200,1,612.970,4c63cb07-e770-4711-bf74-219aaf7e94a3
2026-07-22T15:25:58.529Z,GET,/work/?page=1&pageSize=10,200,1,613.121,1ec3145f-23a6-4375-9ba6-2d7f63a8f177
2026-07-22T15:25:58.536Z,GET,/work/47ec7d1c-550d-4f68-a20c-ca7ace59e2eb,200,1,607.294,05f5af22-b579-43d4-b448-842a82da359c
2026-07-22T15:25:58.537Z,GET,/users/?page=1&pageSize=10,200,1,617.968,8568bd0e-2b81-45c3-b61c-725124f0baf4
2026-07-22T15:25:58.973Z,GET,/workers/304a0fb4-b5e6-43e2-a72f-30524e8d7d50,200,1,185.118,1cece07b-9d41-405f-9db0-8a7db2224359
2026-07-22T15:25:59.064Z,GET,/orders/1bb40596-8485-45cb-9d91-df6f390f3788,200,1,127.376,fba6bca5-8f72-4c08-96d6-24931ac4e938
2026-07-22T15:25:58.283Z,GET,/workers/304a0fb4-b5e6-43e2-a72f-30524e8d7d50,200,1,915.358,43a7607d-1dd5-4956-b158-f49127b654d2
2026-07-22T15:25:58.974Z,GET,/cars/?page=1&pageSize=10,200,1,231.033,a1a46cef-f2d8-4cc7-bbc5-2c8f335ea410
2026-07-22T15:25:58.159Z,GET,/cars/?page=1&pageSize=10,200,1,1078.097,fc42f909-885f-4cd8-b167-036630625716
2026-07-22T15:25:59.194Z,GET,/users/93678e6e-506a-432d-b0d9-a7aba055e1d9,200,1,120.153,a64f34d9-0693-4782-801e-d2c9d320f11d
2026-07-22T15:25:58.276Z,GET,/cars/?page=1&pageSize=10,200,1,1040.220,5b0c1a50-68da-4f2e-9e18-3059c1897166
2026-07-22T15:25:58.772Z,GET,/customers/dd73a830-ece4-4be5-8292-4761f9896ba9/with-cars,200,1,669.982,156b7a10-c03e-484b-a4b7-7e81b4b4d8df
2026-07-22T15:25:59.343Z,GET,/work/47ec7d1c-550d-4f68-a20c-ca7ace59e2eb,200,1,124.788,ff998d53-ad6b-4dc5-8982-7236e83b6204
2026-07-22T15:25:59.277Z,GET,/users/93678e6e-506a-432d-b0d9-a7aba055e1d9,200,1,218.229,2fac1d35-953a-4d88-b4d3-374e048eeb16
2026-07-22T15:25:58.812Z,GET,/users/93678e6e-506a-432d-b0d9-a7aba055e1d9,200,1,719.918,ae52f96d-e0c7-4fc8-b7cf-3a928cf96cb4
2026-07-22T15:25:59.013Z,GET,/orders/1bb40596-8485-45cb-9d91-df6f390f3788,200,1,541.596,255f6a25-f29c-4238-93a5-4c3cfe54ceca
2026-07-22T15:25:59.081Z,GET,/work/47ec7d1c-550d-4f68-a20c-ca7ace59e2eb,200,1,475.608,fb30971a-268d-4d6c-bb9e-6514a676bc0c
2026-07-22T15:25:59.119Z,GET,/customers/?page=1&pageSize=10,200,1,439.769,238134ca-205f-4cc2-a98b-c34a8ed2d5e7
2026-07-22T15:25:58.981Z,GET,/orders/1bb40596-8485-45cb-9d91-df6f390f3788,200,1,585.911,f8dcba14-46cd-4ec6-bb1f-0f0f721af58f
2026-07-22T15:25:59.491Z,GET,/workers/?page=1&pageSize=10,200,1,110.987,6f2584ea-cd62-4c0c-a2f3-b97fa8f62d54
2026-07-22T15:25:58.884Z,GET,/work/?page=1&pageSize=10,200,1,730.739,a1b996fc-cc76-447c-8f5c-5902d5519e7f
2026-07-22T15:25:58.912Z,GET,/customers/dd73a830-ece4-4be5-8292-4761f9896ba9,200,1,728.703,8e0efef6-8137-4ec0-a0f3-5a371677f35d
2026-07-22T15:25:59.507Z,GET,/cars/ace1a0c2-8a88-4c62-bae7-b438def83076,200,1,206.098,b072aa32-a907-4b99-90d5-da2263e21522
2026-07-22T15:25:59.633Z,GET,/work/?page=1&pageSize=10,200,1,105.142,e2ee8c77-ef9d-44d3-b273-488d578a81f0
2026-07-22T15:25:58.697Z,GET,/work/?page=1&pageSize=10,200,1,1055.710,1458f6d0-ca5c-443a-81e9-425f57978415
2026-07-22T15:25:59.275Z,GET,/customers/?page=1&pageSize=10,200,1,509.099,30c7e298-78b4-4667-9224-5812840764e0
2026-07-22T15:25:59.745Z,GET,/work/?page=1&pageSize=10,200,1,126.344,1551cf60-94f2-48c6-88fb-b35ab56103aa
2026-07-22T15:25:58.834Z,GET,/workers/304a0fb4-b5e6-43e2-a72f-30524e8d7d50,200,1,1050.883,333d0ede-5e3c-431a-9ee5-94eb377deeed
2026-07-22T15:25:59.141Z,GET,/customers/?page=1&pageSize=10,200,1,759.326,85f25678-880f-4bd6-a0b9-0a9b38f69367
2026-07-22T15:25:59.539Z,GET,/workers/?page=1&pageSize=10,200,1,362.504,f31f4021-0fea-4a8b-9951-142589cd9733
2026-07-22T15:25:59.723Z,GET,/customers/?page=1&pageSize=10,200,1,196.184,98cf59ff-8060-4e77-aa64-77957c81cdd4
2026-07-22T15:25:58.831Z,GET,/orders/?page=1&pageSize=10,200,1,1098.229,9cb94ae7-9130-408b-9718-3d1fa2a9645e
2026-07-22T15:25:59.347Z,GET,/work/47ec7d1c-550d-4f68-a20c-ca7ace59e2eb,200,1,619.721,4e6795dd-a69c-4d74-a14b-7135f621c59f
2026-07-22T15:25:59.124Z,GET,/workers/304a0fb4-b5e6-43e2-a72f-30524e8d7d50,200,1,871.785,f5a39fd8-5695-4373-a666-385fc7bfa4ec
2026-07-22T15:25:59.291Z,GET,/users/?page=1&pageSize=10,200,1,728.915,e4a04c5d-2514-445e-9b10-c4026a5a4f77
2026-07-22T15:25:59.572Z,GET,/orders/1bb40596-8485-45cb-9d91-df6f390f3788,200,1,459.793,07aa190e-d34b-4716-b481-8788734f0714
2026-07-22T15:25:59.787Z,POST,/work/,200,1,244.635,da3ec3a4-0634-4b88-98a8-2db9cfa21dac
2026-07-22T15:25:59.429Z,GET,/workers/?page=1&pageSize=10,200,1,606.686,ae6c6744-ac06-4718-b7aa-2eef5e39f092
2026-07-22T15:25:59.882Z,GET,/workers/304a0fb4-b5e6-43e2-a72f-30524e8d7d50,200,1,179.874,ac6b206c-5341-43ce-b566-0433de15c7ab
2026-07-22T15:25:59.574Z,GET,/work/47ec7d1c-550d-4f68-a20c-ca7ace59e2eb,200,1,491.812,57aacca2-33ba-44de-bbf3-d5dd5a9eddac
2026-07-22T15:25:59.118Z,GET,/customers/?page=1&pageSize=10,200,1,991.805,a93aac67-bd2f-4ded-a85b-d51441e90027
2026-07-22T15:26:00.012Z,PATCH,/work/change-title,200,1,133.681,bef731e4-201a-407d-9829-b599632a6e49
2026-07-22T15:26:00.054Z,GET,/work/?page=1&pageSize=10,200,1,233.596,c2977190-c901-4749-8734-032e12964a82
2026-07-22T15:25:59.100Z,GET,/work/?page=1&pageSize=10,200,1,1204.820,9ed27c68-1efd-4e2f-aa5a-79575f88bae3
2026-07-22T15:25:59.729Z,GET,/users/93678e6e-506a-432d-b0d9-a7aba055e1d9,200,1,580.202,d320481c-dbe9-406b-9166-5887221f54a0
2026-07-22T15:25:59.922Z,GET,/customers/dd73a830-ece4-4be5-8292-4761f9896ba9,200,1,393.983,c930b388-7f42-4d87-92b4-8bbece4f1a78
2026-07-22T15:26:00.071Z,GET,/cars/ace1a0c2-8a88-4c62-bae7-b438def83076,200,1,248.653,f5ce9fc7-104c-402d-867f-78276330ff8d
2026-07-22T15:25:59.746Z,GET,/work/?page=1&pageSize=10,200,1,601.995,3cabbec7-c3a4-4378-a9ea-51f6ac2aa57f
2026-07-22T15:25:59.949Z,GET,/work/?page=1&pageSize=10,200,1,411.296,6e62ae5b-9dcc-40dd-b190-564431c3a547
2026-07-22T15:25:58.709Z,GET,/work/?page=1&pageSize=10,200,1,1674.127,69fcfe11-ab38-4f24-8132-689cf8b8168c
2026-07-22T15:25:58.527Z,GET,/work/?page=1&pageSize=10,200,1,1860.055,a21eb5a9-456b-4820-93d5-a6d39ef20064
2026-07-22T15:26:00.218Z,POST,/workers/,200,1,195.170,aa9352b2-c0ec-4740-b7b4-c1a77c557bcc
2026-07-22T15:25:59.816Z,GET,/users/?page=1&pageSize=10,200,1,600.708,1feaf21b-ffdd-4ebd-b721-97e244805585
2026-07-22T15:25:59.886Z,PATCH,/work/change-title,200,1,568.366,b2c112d8-9e91-4fdf-92b9-ff14fba1c90a
2026-07-22T15:25:58.705Z,GET,/users/?page=1&pageSize=10,200,1,1751.208,bca8054f-e2b7-4df0-85b2-5068bb2639b5
2026-07-22T15:25:58.165Z,GET,/cars/ace1a0c2-8a88-4c62-bae7-b438def83076,200,1,2343.284,e16ec6c7-fd3b-4ee1-bdba-643c94b7556d
2026-07-22T15:26:00.384Z,PATCH,/work/change-description,200,1,138.804,8e7119e5-8893-4d99-8ab0-2df7f528a60c
2026-07-22T15:26:00.171Z,GET,/cars/?page=1&pageSize=10,200,1,355.975,43426115-81aa-4a7f-957f-45bbfef43f24
2026-07-22T15:25:59.765Z,GET,/workers/304a0fb4-b5e6-43e2-a72f-30524e8d7d50,200,1,773.269,8c39e263-9920-44c1-af93-c29220a782f7
2026-07-22T15:26:00.339Z,GET,/customers/dd73a830-ece4-4be5-8292-4761f9896ba9/with-cars,200,1,213.894,94aa4622-b8e1-49e1-a352-185543b13c15
2026-07-22T15:25:59.833Z,GET,/orders/1bb40596-8485-45cb-9d91-df6f390f3788,200,1,725.035,2088e613-0f81-49b3-b31a-c0ad11a1ed79
2026-07-22T15:26:00.058Z,GET,/work/?page=1&pageSize=10,200,1,542.691,5b080abf-682a-4000-9a6f-42954004c57b
2026-07-22T15:25:59.967Z,GET,/cars/?page=1&pageSize=10,200,1,667.896,4230d048-2ef2-4aeb-be68-539d8084d4c6
2026-07-22T15:25:58.944Z,GET,/customers/dd73a830-ece4-4be5-8292-4761f9896ba9/with-cars,200,1,1692.858,d028461f-f375-4803-a09b-f7b007b74aed
2026-07-22T15:26:00.354Z,GET,/users/93678e6e-506a-432d-b0d9-a7aba055e1d9,200,1,314.062,cf763825-4c52-409f-bc32-a766de8df92a
2026-07-22T15:25:59.403Z,GET,/orders/1bb40596-8485-45cb-9d91-df6f390f3788,200,1,1373.748,a4bdeaa0-a67c-4aed-8d3c-6577760e1fc8
2026-07-22T15:26:00.131Z,GET,/cars/ace1a0c2-8a88-4c62-bae7-b438def83076,200,1,674.583,b95f1a66-13ba-41f1-91fb-556496256682
2026-07-22T15:26:00.595Z,GET,/work/185f9cb2-4797-48fa-a253-3e2b6f9f95a8,200,1,234.164,933c6738-d495-46fe-ab38-6fa0e52c72e8
2026-07-22T15:25:59.829Z,GET,/users/93678e6e-506a-432d-b0d9-a7aba055e1d9,200,1,1032.296,3671ec32-87fd-4a10-8c1a-9d2fb818f037
2026-07-22T15:26:00.543Z,GET,/work/?page=1&pageSize=10,200,1,330.591,ba729020-9d32-41fc-ae6b-e6b3cc666254
2026-07-22T15:26:00.248Z,GET,/users/?page=1&pageSize=10,200,1,671.987,7b24d3ca-6959-4ee8-b081-98aa1f010425
2026-07-22T15:26:00.231Z,GET,/work/185f9cb2-4797-48fa-a253-3e2b6f9f95a8,200,1,783.200,7639976a-5bf5-4f9c-ab01-cad27079079d
2026-07-22T15:26:00.149Z,GET,/orders/1bb40596-8485-45cb-9d91-df6f390f3788,200,1,885.268,0fe84392-acbe-4a11-b20f-93f838b7523f
2026-07-22T15:26:00.147Z,GET,/orders/?page=1&pageSize=10,200,1,893.927,e431b2cc-51b9-4757-b3ac-ca0780fba7c5
2026-07-22T15:26:00.830Z,GET,/customers/?page=1&pageSize=10,200,1,224.181,b9522043-2582-4ef0-be68-e2f9fba36c94
2026-07-22T15:26:00.614Z,GET,/workers/d15ef65c-1041-4721-9e6f-e8e65ad54918,200,1,448.421,2208463d-3df5-4f30-8f4f-7626ff3fddc1
2026-07-22T15:26:00.934Z,PATCH,/work/change-description,200,1,133.982,d67a647c-6e6c-42a7-81df-5126c808fe93
2026-07-22T15:26:00.622Z,GET,/cars/ace1a0c2-8a88-4c62-bae7-b438def83076,200,1,448.031,873c5eb4-0495-4aca-bf49-47abd79f9273
2026-07-22T15:26:00.106Z,GET,/workers/304a0fb4-b5e6-43e2-a72f-30524e8d7d50,200,1,969.227,e72bd9db-6718-4262-b7d2-bb331d580042
2026-07-22T15:26:00.236Z,GET,/customers/dd73a830-ece4-4be5-8292-4761f9896ba9,200,1,899.305,a04cf057-65c9-45b2-9574-1e78563a52e5
2026-07-22T15:26:00.363Z,GET,/users/?page=1&pageSize=10,200,1,781.244,180442a6-df68-4c22-b0fc-40be09363a26
2026-07-22T15:25:59.706Z,GET,/workers/?page=1&pageSize=10,200,1,1498.284,fe56ba70-430c-4a34-8c6f-c3576f8dd46c
2026-07-22T15:26:00.976Z,GET,/customers/dd73a830-ece4-4be5-8292-4761f9896ba9,200,1,230.100,a53cddaf-5678-4722-880a-78a2c83eb4fe
2026-07-22T15:26:00.876Z,GET,/work/?page=1&pageSize=10,200,1,342.189,650d490b-5b8d-43b6-8460-af29552a0473
2026-07-22T15:26:00.444Z,GET,/orders/?page=1&pageSize=10,200,1,779.734,27fbb994-fd34-4363-b2bc-d273b73cda0e
2026-07-22T15:26:00.010Z,GET,/users/?page=1&pageSize=10,200,1,1228.004,ec7b059c-c93a-4f45-9cbe-26e8f07e218c
2026-07-22T15:26:00.269Z,GET,/workers/?page=1&pageSize=10,200,1,983.207,aaaa6244-8052-467f-8d9e-2994e80a5098
2026-07-22T15:26:00.990Z,PATCH,/workers/change-hourly-rate,200,1,262.389,fe19c70b-80c7-45ae-8f6f-8238370d4320
2026-07-22T15:26:00.763Z,GET,/customers/dd73a830-ece4-4be5-8292-4761f9896ba9/with-cars,200,1,549.457,af54e3d9-5f1f-4763-8f92-5f1ba1eca0b8
2026-07-22T15:26:00.507Z,GET,/work/185f9cb2-4797-48fa-a253-3e2b6f9f95a8,200,1,867.392,d85d2ab4-d325-4d2b-a9e7-7baeab9626ba
2026-07-22T15:26:01.115Z,GET,/users/?page=1&pageSize=10,200,1,316.573,fad5a129-a834-413f-acca-26d0185bb6a0
2026-07-22T15:26:00.665Z,GET,/customers/?page=1&pageSize=10,200,1,793.867,b9e351fa-fd2f-47d2-a343-4a9d69a3346f
2026-07-22T15:25:59.728Z,GET,/work/47ec7d1c-550d-4f68-a20c-ca7ace59e2eb,200,1,1735.858,0e905b6c-2de8-4957-8c07-0c1b595839e2
2026-07-22T15:26:00.635Z,GET,/cars/?page=1&pageSize=10,200,1,846.079,d3c27e37-41c0-4643-a519-230d2953a3c7
2026-07-22T15:25:57.923Z,GET,/work/47ec7d1c-550d-4f68-a20c-ca7ace59e2eb,200,1,3559.328,e29d3d2f-a4c7-4af0-8809-1662a5ef181e
2026-07-22T15:26:00.861Z,GET,/customers/dd73a830-ece4-4be5-8292-4761f9896ba9/with-cars,200,1,623.915,5f0a4a51-e4d3-4d1a-95a2-b505848a621e
2026-07-22T15:26:01.222Z,GET,/cars/ace1a0c2-8a88-4c62-bae7-b438def83076,200,1,319.387,78d63b0d-9d67-425b-ae1b-4c1c6b5211ab
2026-07-22T15:26:01.217Z,GET,/work/47ec7d1c-550d-4f68-a20c-ca7ace59e2eb,200,1,327.680,5dac308d-d428-49b0-a669-3d055ee73829
2026-07-22T15:26:00.789Z,GET,/users/93678e6e-506a-432d-b0d9-a7aba055e1d9,200,1,765.144,8f070bb0-fe62-4d34-805c-5e8d7b35254e
2026-07-22T15:26:01.154Z,GET,/customers/dd73a830-ece4-4be5-8292-4761f9896ba9,200,1,421.626,3555ef49-0d24-4d28-98c6-728bb8a62f38
2026-07-22T15:26:00.958Z,GET,/cars/?page=1&pageSize=10,200,1,628.213,f421192f-3c5a-4368-b3f8-c3ae82b43ab2
2026-07-22T15:26:00.872Z,GET,/customers/dd73a830-ece4-4be5-8292-4761f9896ba9,200,1,717.272,14969621-0ec6-4678-a1b4-d455b2e6f21f
2026-07-22T15:26:01.174Z,GET,/users/93678e6e-506a-432d-b0d9-a7aba055e1d9,200,1,428.347,c9cd40c7-c77e-4099-81e4-8b1ef8ea36ad
2026-07-22T15:26:01.015Z,GET,/users/93678e6e-506a-432d-b0d9-a7aba055e1d9,200,1,595.824,7e8e41f0-17d6-45ea-b81e-27a55c2a1770
2026-07-22T15:26:00.282Z,GET,/users/93678e6e-506a-432d-b0d9-a7aba055e1d9,200,1,1336.131,2f38f7be-e770-41df-8566-32dccc8e4207
2026-07-22T15:25:58.987Z,GET,/work/?page=1&pageSize=10,200,1,2666.898,fa33c1c5-9048-462b-8a35-5a4853e05543
2026-07-22T15:26:00.654Z,GET,/users/?page=1&pageSize=10,200,1,1002.845,e17b2833-e89e-490f-88b9-37574d4144fb
2026-07-22T15:25:59.987Z,GET,/customers/dd73a830-ece4-4be5-8292-4761f9896ba9/with-cars,200,1,1673.783,e56b38de-f3ed-4bc0-b1ff-5f57863bd130
2026-07-22T15:26:00.693Z,GET,/cars/ace1a0c2-8a88-4c62-bae7-b438def83076,200,1,973.236,185cc20a-7acc-4475-b84c-d22dc9b9733f
2026-07-22T15:26:00.030Z,GET,/work/47ec7d1c-550d-4f68-a20c-ca7ace59e2eb,200,1,1636.648,0a5f3c84-2ce6-4e11-8e66-638318f43867
2026-07-22T15:26:00.772Z,GET,/users/?page=1&pageSize=10,200,1,901.357,598e42a3-07b9-4d74-bbe1-5a6e21e7a89c
2026-07-22T15:26:01.029Z,GET,/cars/ace1a0c2-8a88-4c62-bae7-b438def83076,200,1,661.957,f7840d1c-c863-4095-a533-f3979a82c3ab
2026-07-22T15:26:01.437Z,GET,/orders/1bb40596-8485-45cb-9d91-df6f390f3788,200,1,267.501,a9cfb410-02f5-4756-b2f7-48b54ac41122
2026-07-22T15:26:00.986Z,GET,/cars/?page=1&pageSize=10,200,1,763.462,9f30d276-a009-4e9e-b93b-e0add17fd605
2026-07-22T15:26:00.745Z,GET,/users/93678e6e-506a-432d-b0d9-a7aba055e1d9,200,1,1068.300,0197b70a-10f6-4d1c-bd7b-bc05fcf9c662
2026-07-22T15:26:00.730Z,GET,/customers/dd73a830-ece4-4be5-8292-4761f9896ba9,200,1,1087.266,111c586d-27f0-445e-977f-b9743669e34c
2026-07-22T15:26:01.412Z,PATCH,/users/change-password,200,1,413.662,78a8504f-29c8-4fc8-9c9e-07676308774a
2026-07-22T15:26:00.815Z,GET,/customers/dd73a830-ece4-4be5-8292-4761f9896ba9,200,1,1038.675,18ba3ab8-92cf-4379-ae33-4f1962d2dc6c
2026-07-22T15:26:01.390Z,GET,/orders/1bb40596-8485-45cb-9d91-df6f390f3788,200,1,520.710,4705771a-0316-4192-8ea1-47f223afb925
2026-07-22T15:26:01.446Z,GET,/workers/304a0fb4-b5e6-43e2-a72f-30524e8d7d50,200,1,531.482,0691c4ee-16ff-470d-9f3e-6535c613c2e5
2026-07-22T15:26:01.559Z,GET,/users/93678e6e-506a-432d-b0d9-a7aba055e1d9,200,1,425.732,d53c5e60-6b85-43c8-a4fb-1ea5f7efa2f8
2026-07-22T15:26:00.513Z,GET,/work/?page=1&pageSize=10,200,1,1473.185,f4043782-c284-4543-ac59-fb01c036cbf1
2026-07-22T15:26:01.511Z,GET,/users/93678e6e-506a-432d-b0d9-a7aba055e1d9,200,1,491.047,ec19673f-82ad-41c6-82cb-0909da019522
2026-07-22T15:26:01.480Z,GET,/workers/d15ef65c-1041-4721-9e6f-e8e65ad54918,200,1,526.835,47f00620-be06-4aee-b012-e17eed49ab95
2026-07-22T15:26:01.538Z,GET,/customers/dd73a830-ece4-4be5-8292-4761f9896ba9,200,1,486.800,2105bc1a-69bb-4893-b691-7f7e84488eac
2026-07-22T15:26:00.473Z,GET,/orders/1bb40596-8485-45cb-9d91-df6f390f3788,200,1,1593.220,2431fed1-d2d1-4d95-a247-b4f6ad1696dd
2026-07-22T15:26:01.468Z,GET,/work/185f9cb2-4797-48fa-a253-3e2b6f9f95a8,200,1,611.963,9f8af7fd-27ce-4f58-b2fd-651a14513e01
2026-07-22T15:26:01.443Z,GET,/workers/304a0fb4-b5e6-43e2-a72f-30524e8d7d50,200,1,733.608,27752ec9-c01b-4614-a849-03d2a2c1a1ab
2026-07-22T15:26:00.227Z,GET,/customers/dd73a830-ece4-4be5-8292-4761f9896ba9,200,1,1951.911,02f60cc8-5106-42ca-877c-a6b136bb15e5
2026-07-22T15:26:01.634Z,GET,/customers/dd73a830-ece4-4be5-8292-4761f9896ba9/with-cars,200,1,549.828,d370d7b4-60ae-4044-a2f8-c8e345232ccc
2026-07-22T15:26:01.530Z,GET,/customers/?page=1&pageSize=10,200,1,676.728,e276c8b5-c436-4cad-b177-1e9f91d2e3a4
2026-07-22T15:26:01.565Z,GET,/orders/?page=1&pageSize=10,200,1,648.228,7cbdb11b-3966-4f5c-ad97-1d0f0dd8eb95
2026-07-22T15:26:01.727Z,GET,/work/47ec7d1c-550d-4f68-a20c-ca7ace59e2eb,200,1,490.493,c404c64d-c83d-443d-a20c-9a49df1da063
2026-07-22T15:26:01.589Z,GET,/users/93678e6e-506a-432d-b0d9-a7aba055e1d9,200,1,641.529,fcd21227-b9de-446e-9fdc-7ea201da504d
2026-07-22T15:26:01.402Z,GET,/customers/?page=1&pageSize=10,200,1,833.531,e68682ca-2bbb-4159-b6be-b523892510a7
2026-07-22T15:26:01.577Z,GET,/customers/?page=1&pageSize=10,200,1,774.790,0cd9feca-3ed6-4cf3-b28d-62a5d7857544
2026-07-22T15:26:01.659Z,GET,/customers/dd73a830-ece4-4be5-8292-4761f9896ba9/with-cars,200,1,708.810,9efb9a30-e750-4da3-b8aa-4802bcfd38af
2026-07-22T15:26:01.662Z,GET,/users/93678e6e-506a-432d-b0d9-a7aba055e1d9,200,1,753.551,ebfce0ef-fe66-4dc3-960e-2ffce37ee1b6
2026-07-22T15:26:01.877Z,GET,/cars/ace1a0c2-8a88-4c62-bae7-b438def83076,200,1,632.331,924516b1-bc1b-4ac3-93de-93b48f3e3691
2026-07-22T15:26:01.806Z,GET,/users/93678e6e-506a-432d-b0d9-a7aba055e1d9,200,1,774.143,4e1e244a-09fa-4636-b53a-28a91be28206
2026-07-22T15:26:01.698Z,GET,/workers/?page=1&pageSize=10,200,1,884.519,cb4117a2-384a-435a-a901-afbdc558de3b
2026-07-22T15:26:01.753Z,GET,/customers/dd73a830-ece4-4be5-8292-4761f9896ba9,200,1,907.088,2427c7fb-f388-4275-94d9-bd61cd5390f7
2026-07-22T15:26:01.825Z,GET,/cars/ace1a0c2-8a88-4c62-bae7-b438def83076,200,1,878.081,9894389c-0319-49a6-b6fb-ca990d1a8121
2026-07-22T15:26:01.529Z,GET,/work/?page=1&pageSize=10,200,1,1221.959,37e6b9a6-8227-4113-a541-857fd439175c
2026-07-22T15:26:01.847Z,GET,/workers/d15ef65c-1041-4721-9e6f-e8e65ad54918,200,1,917.841,01d03091-32be-4379-8a99-dad2e3c3ecfe
2026-07-22T15:26:01.665Z,GET,/orders/?page=1&pageSize=10,200,1,1103.880,1b4d5310-1f63-487c-bcaa-232d8fa0bf09
2026-07-22T15:26:02.112Z,GET,/customers/dd73a830-ece4-4be5-8292-4761f9896ba9/with-cars,200,1,729.521,36b10db7-5eef-4496-afad-896882007111
2026-07-22T15:26:01.812Z,GET,/work/?page=1&pageSize=10,200,1,1105.237,eb947ee7-e894-4e34-bc3e-07097697a65d
2026-07-22T15:26:02.006Z,GET,/customers/dd73a830-ece4-4be5-8292-4761f9896ba9,200,1,929.354,4fc96646-155b-41e9-b9ab-9b757b3f16c5
2026-07-22T15:26:01.837Z,PATCH,/orders/set-priority,200,1,1112.617,5aa21e60-d328-4b72-9100-9c0ce4f7bca4
2026-07-22T15:26:01.902Z,GET,/orders/?page=1&pageSize=10,200,1,1101.997,e227bf32-4e05-4a13-8ec2-98e6d3eccee5
2026-07-22T15:26:02.229Z,GET,/work/185f9cb2-4797-48fa-a253-3e2b6f9f95a8,200,1,783.580,018f4f8d-ddc4-4437-92fd-c41ee1a5fa9e
2026-07-22T15:26:02.191Z,GET,/customers/dd73a830-ece4-4be5-8292-4761f9896ba9/with-cars,200,1,829.099,62630038-5a27-4d53-be5c-9e24839dbf8b
2026-07-22T15:26:02.111Z,GET,/users/93678e6e-506a-432d-b0d9-a7aba055e1d9,200,1,942.871,cd6c66a3-3940-4e5a-8a6b-8373d82ae3a5
2026-07-22T15:26:01.988Z,PATCH,/users/change-password,200,1,1093.087,06f31115-504c-4d86-abf3-20a2a6ac163f
2026-07-22T15:26:01.914Z,GET,/orders/?page=1&pageSize=10,200,1,1204.768,7fc6d46f-0b11-45ac-8817-6ad19d8aef62
2026-07-22T15:26:02.159Z,PATCH,/workers/change-hourly-rate,200,1,968.173,744f2667-42ab-43f6-907e-f03b5cfe8e33
2026-07-22T15:26:01.859Z,GET,/users/?page=1&pageSize=10,200,1,1275.867,75176c24-fde7-4a4f-865b-b8b7897db3bd
2026-07-22T15:26:02.175Z,GET,/orders/1bb40596-8485-45cb-9d91-df6f390f3788,200,1,985.643,f4b79307-20e7-4e04-8d01-7dfb292e8442
2026-07-22T15:26:02.705Z,PATCH,/work/change-title,200,1,531.276,7e15b539-1676-49eb-be9a-c72d1d758238
2026-07-22T15:26:02.930Z,PATCH,/users/change-password,200,1,335.265,cb27c7f4-2cd9-44c0-b928-d7fd5f38d51f
2026-07-22T15:26:02.718Z,POST,/customers/,200,1,555.168,aa252573-c499-40f0-b59d-bc1e4d583cdb
2026-07-22T15:26:02.071Z,GET,/work/185f9cb2-4797-48fa-a253-3e2b6f9f95a8,200,1,1348.940,a86bd4df-dec3-47b5-9d4f-8bf61c840e40
2026-07-22T15:26:02.960Z,PATCH,/work/change-title,200,1,526.805,699fbd11-9833-4382-9ac9-de606590f941
2026-07-22T15:26:01.933Z,GET,/cars/?page=1&pageSize=10,200,1,1571.559,53d15ed5-21aa-462a-ad8a-844b80e5290d
2026-07-22T15:26:02.143Z,GET,/orders/1bb40596-8485-45cb-9d91-df6f390f3788,200,1,1368.933,ce2606ab-f63f-429d-ac2e-399e4b642aa5
2026-07-22T15:26:03.043Z,GET,/cars/?page=1&pageSize=10,200,1,534.074,9bbac838-fc73-48a9-9e94-e16bf60d54c5
2026-07-22T15:26:02.641Z,GET,/work/?page=1&pageSize=10,200,1,941.528,eeab4717-ce02-4d96-97e5-e7605ef01bd9
2026-07-22T15:26:02.958Z,PATCH,/cars/record-mileage,200,1,648.109,02dcd699-c312-4d18-9bdd-cbbf748a5de6
2026-07-22T15:26:03.199Z,GET,/customers/dd73a830-ece4-4be5-8292-4761f9896ba9,200,1,415.834,75eddd25-688c-4881-8747-fd5f741675a8
2026-07-22T15:26:02.138Z,GET,/users/?page=1&pageSize=10,200,1,1495.125,219002c8-96c0-4815-b6b5-b667d08ac6fc
2026-07-22T15:26:03.011Z,GET,/cars/?page=1&pageSize=10,200,1,631.736,c27ea4b9-981e-4b7f-a55b-e496aa1b8b50
2026-07-22T15:26:02.379Z,GET,/cars/?page=1&pageSize=10,200,1,1287.530,f0132e48-dd92-44f6-a126-a825073e6a71
2026-07-22T15:26:02.274Z,GET,/customers/dd73a830-ece4-4be5-8292-4761f9896ba9,200,1,1413.380,6584877b-f014-42a0-9653-4797ee5c0308
2026-07-22T15:26:02.401Z,GET,/users/93678e6e-506a-432d-b0d9-a7aba055e1d9,200,1,1329.673,9292e8ff-6d77-4128-a1d3-ea3eef0c32c9
2026-07-22T15:26:02.358Z,GET,/work/185f9cb2-4797-48fa-a253-3e2b6f9f95a8,200,1,1373.073,7e13f452-a8c7-4162-addd-e35c7efbc3ce
2026-07-22T15:26:01.998Z,GET,/orders/?page=1&pageSize=10,200,1,1772.321,16a5e6b2-65d0-4235-b2c3-6380edc39a4b
2026-07-22T15:26:02.834Z,GET,/cars/?page=1&pageSize=10,200,1,953.833,313c80e8-c679-4501-9667-854448979a21
2026-07-22T15:26:01.891Z,GET,/work/47ec7d1c-550d-4f68-a20c-ca7ace59e2eb,200,1,1931.390,ef8e4f15-1a89-4bfc-aa1a-cf1b05f62244
2026-07-22T15:26:03.732Z,PATCH,/orders/apply-discount,200,1,164.408,04d6dd36-f4f7-43cc-9ea5-52003c1038cc
2026-07-22T15:26:03.058Z,GET,/users/93678e6e-506a-432d-b0d9-a7aba055e1d9,200,1,1003.124,3c505504-dc78-43c7-8512-f9ee3819f2fd
2026-07-22T15:26:02.891Z,GET,/customers/dd73a830-ece4-4be5-8292-4761f9896ba9/with-cars,200,1,1223.892,e963ddf3-b425-45d5-bedd-903198ca12fe
2026-07-22T15:26:02.281Z,GET,/cars/ace1a0c2-8a88-4c62-bae7-b438def83076,200,1,1851.305,fe96c19b-6749-49f8-8274-d499dfd6fd78
2026-07-22T15:26:02.296Z,GET,/users/?page=1&pageSize=10,200,1,1882.435,f9578d5c-45be-4b81-a41f-4d7883aa8b8c
2026-07-22T15:26:02.055Z,GET,/workers/?page=1&pageSize=10,200,1,2145.972,8228ce5b-5890-4409-8b96-3e8e9a055eb2
2026-07-22T15:26:01.968Z,GET,/customers/?page=1&pageSize=10,200,1,2248.680,0f2a3cc4-d568-4398-9174-da2e9c4e8e2a
2026-07-22T15:26:01.796Z,GET,/users/?page=1&pageSize=10,200,1,2467.722,b3fb211f-41f9-4c1a-bf7b-ac3036e0da65
2026-07-22T15:26:04.093Z,PATCH,/cars/record-mileage,200,1,242.287,780aed3d-4fe1-456b-aa81-2b98b61b6229
2026-07-22T15:26:04.212Z,PATCH,/users/change-password,200,1,124.288,054bc8cb-26b9-4390-9d74-c0a2b6740fb5
2026-07-22T15:26:02.192Z,GET,/work/185f9cb2-4797-48fa-a253-3e2b6f9f95a8,200,1,2177.943,774ce2a6-8a26-4c0b-8abe-d4a675bad62c
2026-07-22T15:26:04.233Z,PATCH,/orders/set-priority,200,1,137.586,2e8e0a3d-b70e-42b4-8222-98237317ff2c
2026-07-22T15:26:03.198Z,GET,/customers/dd73a830-ece4-4be5-8292-4761f9896ba9/with-cars,200,1,1178.643,6fd1fa04-f9df-4b4c-90b1-34fcf582114e
2026-07-22T15:26:02.503Z,GET,/customers/dd73a830-ece4-4be5-8292-4761f9896ba9/with-cars,200,1,1912.584,d38bb7c5-2d99-47f5-b114-5e32adaa2581
2026-07-22T15:26:02.900Z,GET,/customers/dd73a830-ece4-4be5-8292-4761f9896ba9,200,1,1547.010,1e2b1a4d-3763-40a4-a68a-66157c3acb11
2026-07-22T15:26:03.523Z,PATCH,/orders/apply-discount,200,1,938.979,03967798-7f31-48d4-a1c8-ede5a0734927
2026-07-22T15:26:04.359Z,POST,/orders/,200,1,109.374,1a94140c-eba0-4ee9-aa29-61f235a66f67
2026-07-22T15:26:03.799Z,GET,/work/47ec7d1c-550d-4f68-a20c-ca7ace59e2eb,200,1,722.028,9f9e4c22-7f8d-4190-926b-d00ef989e5a1
2026-07-22T15:26:03.699Z,GET,/work/?page=1&pageSize=10,200,1,878.764,e339676b-3a95-4668-891d-c97d647bb41a
2026-07-22T15:26:03.747Z,GET,/users/?page=1&pageSize=10,200,1,843.528,a2821df3-fd32-44c0-af2a-5e9fb748ec16
2026-07-22T15:26:03.706Z,GET,/work/?page=1&pageSize=10,200,1,894.223,768951b7-9c02-4271-853c-5e84f34b1de4
2026-07-22T15:26:01.989Z,GET,/customers/dd73a830-ece4-4be5-8292-4761f9896ba9/with-cars,200,1,2656.256,ab12d383-fea8-4d9a-8b4d-2e636d3bc589
2026-07-22T15:26:02.588Z,GET,/work/?page=1&pageSize=10,200,1,2108.989,b135a430-b1f2-4363-b474-69d6e28c6963
2026-07-22T15:26:02.967Z,GET,/customers/dd73a830-ece4-4be5-8292-4761f9896ba9/with-cars,200,1,1733.218,28a5d61c-f371-4601-890e-3259036a0a15
2026-07-22T15:26:04.236Z,GET,/customers/dd73a830-ece4-4be5-8292-4761f9896ba9/with-cars,200,1,469.775,c82ebb9b-864f-44aa-9c7e-226c184715d8
2026-07-22T15:26:02.647Z,GET,/orders/1bb40596-8485-45cb-9d91-df6f390f3788,200,1,2071.330,cb864dfb-57b3-40f4-9187-9b7e858bb58f
2026-07-22T15:26:03.872Z,GET,/cars/?page=1&pageSize=10,200,1,855.347,cba11274-e0ef-40c2-b3bd-8d741c2ebf55
2026-07-22T15:26:02.975Z,GET,/customers/dd73a830-ece4-4be5-8292-4761f9896ba9,200,1,1763.285,c267c65c-7a6f-474f-b7cc-7667bfd669e3
2026-07-22T15:26:03.274Z,GET,/customers/?page=1&pageSize=10,200,1,1465.080,7d69c217-1e13-47b4-8fd0-264e30548165
2026-07-22T15:26:02.796Z,GET,/users/93678e6e-506a-432d-b0d9-a7aba055e1d9,200,1,1998.739,eb7c7bb5-586c-4e7b-8f24-4be29eb4c118
2026-07-22T15:26:03.528Z,GET,/customers/dd73a830-ece4-4be5-8292-4761f9896ba9,200,1,1282.238,6ef18841-3c10-4fac-a1c3-10a43db861d4
2026-07-22T15:26:03.738Z,GET,/cars/?page=1&pageSize=10,200,1,1098.408,cd10f9da-6c97-4a79-b6b7-964b56f87081
2026-07-22T15:26:03.881Z,GET,/cars/ace1a0c2-8a88-4c62-bae7-b438def83076,200,1,959.176,f88aab2a-4666-4837-91c4-e00ffa6aa869
2026-07-22T15:26:04.732Z,PATCH,/work/set-estimate,200,1,125.634,711614c1-b92c-49af-b180-e343c50a63c7
2026-07-22T15:26:02.914Z,GET,/customers/dd73a830-ece4-4be5-8292-4761f9896ba9,200,1,1948.281,1ce77d94-21d8-471e-9afa-f1852072e3c7
2026-07-22T15:26:02.851Z,GET,/cars/?page=1&pageSize=10,200,1,2020.415,e40c44ec-d2ed-4ea2-8646-1fb508b5cc6d
2026-07-22T15:26:02.795Z,GET,/workers/d15ef65c-1041-4721-9e6f-e8e65ad54918,200,1,2100.354,1b6fb276-f224-46ac-af59-d30fed228cf9
2026-07-22T15:26:02.944Z,GET,/orders/1bb40596-8485-45cb-9d91-df6f390f3788,200,1,2053.266,f3df7b00-8865-49d8-818c-f08c020c372b
2026-07-22T15:26:03.287Z,GET,/customers/c94beab5-2bd4-4ae6-a31b-05211277fc17,200,1,1728.618,6b904742-f1c5-46d4-a63e-ca49cdf2decf
2026-07-22T15:26:02.378Z,GET,/users/?page=1&pageSize=10,200,1,2641.851,cfb38dc8-9750-4115-81a8-ceff8381d7fc
2026-07-22T15:26:04.300Z,GET,/users/?page=1&pageSize=10,200,1,730.490,c5f7a0bc-e8f2-468b-9fca-0b12374c476c
2026-07-22T15:26:03.193Z,GET,/workers/304a0fb4-b5e6-43e2-a72f-30524e8d7d50,200,1,1909.177,4f820f85-557b-4280-b674-a274d1409355
2026-07-22T15:26:04.532Z,GET,/work/47ec7d1c-550d-4f68-a20c-ca7ace59e2eb,200,1,590.124,8bfa7009-bb7f-4e26-a352-3bb0ffd445bb
2026-07-22T15:26:04.296Z,GET,/work/47ec7d1c-550d-4f68-a20c-ca7ace59e2eb,200,1,860.213,7d955c45-f73c-4289-ae19-f7bf1665928e
2026-07-22T15:26:03.401Z,GET,/workers/304a0fb4-b5e6-43e2-a72f-30524e8d7d50,200,1,1786.185,f11e9d44-25a4-4af6-b864-b847476df753
2026-07-22T15:26:03.160Z,GET,/users/?page=1&pageSize=10,200,1,2076.409,14b547e9-d6bc-441b-bb71-6c9f762bfc3e
2026-07-22T15:26:05.135Z,PATCH,/cars/record-mileage,200,1,123.137,12fcfeac-ba86-41f2-b109-1c95bf359850
2026-07-22T15:26:03.660Z,GET,/customers/c94beab5-2bd4-4ae6-a31b-05211277fc17,200,1,1607.740,895f1f09-202e-4520-a124-fba37d20cf8a
2026-07-22T15:26:03.112Z,GET,/orders/?page=1&pageSize=10,200,1,2177.156,7472576f-a518-4f21-8a8f-dd2926941159
2026-07-22T15:26:03.659Z,GET,/users/93678e6e-506a-432d-b0d9-a7aba055e1d9,200,1,1635.435,02cf5422-9251-491f-82ce-e6c51096007b
2026-07-22T15:26:03.243Z,GET,/cars/ace1a0c2-8a88-4c62-bae7-b438def83076,200,1,2052.164,0a1405ae-f13e-42f8-bf40-c3c4b60f416e
2026-07-22T15:26:04.552Z,GET,/customers/dd73a830-ece4-4be5-8292-4761f9896ba9,200,1,828.007,824f487c-ee00-4f9f-ba1e-03e743d19ec7
2026-07-22T15:26:03.772Z,GET,/cars/ace1a0c2-8a88-4c62-bae7-b438def83076,200,1,1629.328,5d3d3ca9-a31b-443f-8ac5-6e2516d7e86e
2026-07-22T15:26:03.831Z,GET,/users/?page=1&pageSize=10,200,1,1580.958,94596af6-df34-490c-aee5-a0a4086bf495
2026-07-22T15:26:05.193Z,GET,/users/?page=1&pageSize=10,200,1,232.804,b3e61a5f-cc17-472d-8304-033e7ad2757a
2026-07-22T15:26:04.016Z,GET,/workers/d15ef65c-1041-4721-9e6f-e8e65ad54918,200,1,1412.663,2692568e-a31f-4e18-bca1-f6597d9dd207
2026-07-22T15:26:02.300Z,GET,/orders/?page=1&pageSize=10,200,1,3130.478,2feb22d3-4296-45f6-9cb9-d01377029743
2026-07-22T15:26:03.756Z,GET,/workers/304a0fb4-b5e6-43e2-a72f-30524e8d7d50,200,1,1681.960,0cae69a3-5226-4d81-9547-c6f045f20faa
2026-07-22T15:26:04.276Z,GET,/work/47ec7d1c-550d-4f68-a20c-ca7ace59e2eb,200,1,1166.571,9a38abb7-ff0d-433b-84b5-11ba95a9995b
2026-07-22T15:26:03.812Z,GET,/customers/dd73a830-ece4-4be5-8292-4761f9896ba9/with-cars,200,1,1664.206,205206bb-c93b-4914-be6e-ff1b52c606d0
2026-07-22T15:26:02.322Z,GET,/users/?page=1&pageSize=10,200,1,3164.525,d98ee4e7-8df3-483a-92b5-f3117a6838bc
2026-07-22T15:26:02.141Z,GET,/work/?page=1&pageSize=10,200,1,3347.143,139c06ed-1013-4e94-ab02-c807ea6a1ba1
2026-07-22T15:26:03.344Z,GET,/orders/?page=1&pageSize=10,200,1,2231.263,9f440144-2791-4f9c-ab29-ce9a43314b2e
2026-07-22T15:26:05.083Z,PATCH,/orders/apply-discount,200,1,493.245,d60f5252-cb9f-4b69-9500-31ac705366fc
2026-07-22T15:26:04.106Z,GET,/customers/dd73a830-ece4-4be5-8292-4761f9896ba9/with-cars,200,1,1483.808,1f0fc183-8e0f-4207-ac1c-402b5cfe9f78
2026-07-22T15:26:03.370Z,PATCH,/customers/change-contacts,200,1,2230.908,bdce3672-8e07-473b-bf4b-9070c9af0c56
2026-07-22T15:26:03.384Z,GET,/cars/?page=1&pageSize=10,200,1,2261.501,3375623b-1944-4e2a-9d01-be324a30c795
2026-07-22T15:26:04.417Z,GET,/users/93678e6e-506a-432d-b0d9-a7aba055e1d9,200,1,1276.277,6e2828a1-20bd-4853-8038-b678258bde83
2026-07-22T15:26:03.606Z,GET,/orders/1bb40596-8485-45cb-9d91-df6f390f3788,200,1,2133.869,69387076-a666-4c6e-97fd-5a473b3c7f64
2026-07-22T15:26:04.781Z,GET,/workers/d15ef65c-1041-4721-9e6f-e8e65ad54918,200,1,978.875,099da64e-eed6-4fca-ba41-da282633ca01
2026-07-22T15:26:05.545Z,GET,/users/93678e6e-506a-432d-b0d9-a7aba055e1d9,200,1,239.803,f5ef210b-ddee-49da-a026-77d9051ac433
2026-07-22T15:26:02.672Z,GET,/cars/ace1a0c2-8a88-4c62-bae7-b438def83076,200,1,3158.677,b396f80b-5781-4e38-a673-07c837e8d762
2026-07-22T15:26:04.144Z,GET,/work/?page=1&pageSize=10,200,1,1712.689,8e776807-2ec6-49a2-8e37-e48a6d86d2c6
2026-07-22T15:26:03.087Z,GET,/cars/ace1a0c2-8a88-4c62-bae7-b438def83076,200,1,2776.604,e26fbc20-af1a-4c13-9e60-1f5f8cf2f34a
2026-07-22T15:26:04.528Z,GET,/customers/dd73a830-ece4-4be5-8292-4761f9896ba9/with-cars,200,1,1338.112,1d866f92-3e99-4542-b8bb-0c5480ba12fe
2026-07-22T15:26:03.947Z,GET,/orders/?page=1&pageSize=10,200,1,1922.553,a927a464-9669-45c2-9215-3fad8fab93fe
2026-07-22T15:26:03.592Z,GET,/users/?page=1&pageSize=10,200,1,2280.999,70dcde19-c8c5-4382-8779-8c4ecd879e73
2026-07-22T15:26:02.665Z,GET,/customers/?page=1&pageSize=10,200,1,3245.030,d77397e7-f9ed-49cc-9c5b-faada8ed08c9
2026-07-22T15:26:05.777Z,PATCH,/customers/rename,200,1,133.857,f5cfc74f-29ed-4695-9de3-11b34b8b7f14
2026-07-22T15:26:02.477Z,GET,/customers/?page=1&pageSize=10,200,1,3440.705,2f16963f-9831-46ea-b4b5-0c420c270fd0
2026-07-22T15:26:03.955Z,GET,/orders/1bb40596-8485-45cb-9d91-df6f390f3788,200,1,1982.395,e4fddf03-69bd-4a24-a38d-0c7de750692c
2026-07-22T15:26:05.802Z,PATCH,/orders/apply-discount,200,1,138.470,a3a63928-ca38-4ec8-8363-aab70283f4cf
2026-07-22T15:26:05.807Z,PATCH,/customers/change-contacts,200,1,133.620,09fcbd6e-5e93-42e9-bf75-ea1c301909dc
2026-07-22T15:26:04.393Z,GET,/workers/304a0fb4-b5e6-43e2-a72f-30524e8d7d50,200,1,1582.973,1f44df3c-9864-4602-9dea-c574810d37e6
2026-07-22T15:26:04.722Z,GET,/cars/?page=1&pageSize=10,200,1,1262.230,ef947bf3-e2db-493c-bc9b-4bc067e62b2f
2026-07-22T15:26:03.333Z,GET,/cars/ace1a0c2-8a88-4c62-bae7-b438def83076,200,1,2659.162,a2a49c60-bed1-4944-a45b-87c0d82a0e6c
2026-07-22T15:26:02.279Z,GET,/cars/ace1a0c2-8a88-4c62-bae7-b438def83076,200,1,3786.353,8a40c8d1-392d-492b-ad0e-dda5fcaf3763
2026-07-22T15:26:05.828Z,PATCH,/customers/change-contacts,200,1,251.070,410f052c-23f5-4e0e-a8d8-ad48108dc681
2026-07-22T15:26:05.955Z,PATCH,/customers/rename,200,1,142.952,9400b6c7-74b8-4fef-ae5f-578a886cdb7e
2026-07-22T15:26:02.888Z,GET,/customers/?page=1&pageSize=10,200,1,3214.815,d704cdc8-c83e-4269-89b6-fbe74f233b5e
2026-07-22T15:26:04.881Z,GET,/work/47ec7d1c-550d-4f68-a20c-ca7ace59e2eb,200,1,1264.340,502fdcf3-140e-4eb5-b5ea-0a1503c71a11
2026-07-22T15:26:05.799Z,GET,/customers/c94beab5-2bd4-4ae6-a31b-05211277fc17,200,1,370.792,cfd08738-293c-4f1f-8a7e-b7c77fed7e72
2026-07-22T15:26:04.091Z,GET,/orders/?page=1&pageSize=10,200,1,2084.026,0b59d22d-04c9-4476-834f-92c92291a359
2026-07-22T15:26:03.821Z,GET,/orders/?page=1&pageSize=10,200,1,2366.919,a823be08-69d6-4f82-95b9-46a8b3c09dd8
2026-07-22T15:26:04.217Z,GET,/work/?page=1&pageSize=10,200,1,1971.463,7bc85438-1812-4114-a363-380ef88679fe
2026-07-22T15:26:06.158Z,POST,/users/,200,1,111.194,93ee4f83-1f21-4d2e-a6e0-af940bbc45d0
2026-07-22T15:26:04.698Z,GET,/work/185f9cb2-4797-48fa-a253-3e2b6f9f95a8,200,1,1618.271,bb169017-b26e-4ef2-9902-843ce95c1d11
2026-07-22T15:26:03.564Z,GET,/work/?page=1&pageSize=10,200,1,2756.495,30b21046-9928-42b4-bcf1-f64928c22f90
2026-07-22T15:26:03.936Z,GET,/customers/dd73a830-ece4-4be5-8292-4761f9896ba9/with-cars,200,1,2415.639,28a5d81d-9848-49ca-ad51-9a31192517ad
2026-07-22T15:26:05.115Z,GET,/customers/?page=1&pageSize=10,200,1,1252.537,24d990c8-f182-47c1-90d2-19eaf9069f2b
2026-07-22T15:26:04.561Z,GET,/customers/?page=1&pageSize=10,200,1,1891.563,6ca5bb5d-d171-49b5-9929-186b2519a5e1
2026-07-22T15:26:03.422Z,GET,/customers/dd73a830-ece4-4be5-8292-4761f9896ba9/with-cars,200,1,3037.472,57f4eb4c-44fb-450b-9a1b-e4635102cd7f
2026-07-22T15:26:04.317Z,GET,/users/93678e6e-506a-432d-b0d9-a7aba055e1d9,200,1,2147.095,1cd00fc5-b200-4db5-8298-b66b81eadbaf
2026-07-22T15:26:04.444Z,GET,/workers/304a0fb4-b5e6-43e2-a72f-30524e8d7d50,200,1,2049.813,7573f908-266f-4ee4-b7f5-6ef219db98ae
2026-07-22T15:26:04.088Z,GET,/orders/?page=1&pageSize=10,200,1,2521.731,f536eb1d-04e3-496a-8cc1-32e0a22d17e5
2026-07-22T15:26:06.174Z,GET,/customers/dd73a830-ece4-4be5-8292-4761f9896ba9/with-cars,200,1,467.907,9ddbf00a-b479-4dc2-aecb-a1044a5dda9f
2026-07-22T15:26:06.058Z,GET,/workers/d15ef65c-1041-4721-9e6f-e8e65ad54918,200,1,597.706,ae04c342-6024-48e0-a30b-067d36c78065
2026-07-22T15:26:06.530Z,PATCH,/cars/record-mileage,200,1,140.457,a0a29d09-3d81-4dbf-8959-216ca9d82b18
2026-07-22T15:26:04.028Z,GET,/work/47ec7d1c-550d-4f68-a20c-ca7ace59e2eb,200,1,2693.655,48f588a8-8f14-41cc-833a-1fccf4593783
2026-07-22T15:26:02.193Z,GET,/users/93678e6e-506a-432d-b0d9-a7aba055e1d9,200,1,4576.977,5c217196-b82a-4bf4-b707-9ec1def02527
2026-07-22T15:26:04.588Z,GET,/orders/?page=1&pageSize=10,200,1,2183.709,f781b106-f97b-4f87-a63d-9abf5fae6317
2026-07-22T15:26:05.706Z,GET,/cars/?page=1&pageSize=10,200,1,1089.845,45f86748-2166-4d14-a461-f47ba41b2baf
2026-07-22T15:26:06.635Z,PATCH,/work/change-description,200,1,255.214,da18c3a7-799a-4b70-b977-f5a135e97b0a
2026-07-22T15:26:06.830Z,PATCH,/orders/apply-discount,200,1,120.640,2625aae7-7bda-432c-8236-1de0706af4b3
2026-07-22T15:26:03.868Z,GET,/work/47ec7d1c-550d-4f68-a20c-ca7ace59e2eb,200,1,3111.023,1ff3e713-bdae-4518-b827-00f28ba362cc
2026-07-22T15:26:04.935Z,GET,/cars/?page=1&pageSize=10,200,1,2089.639,fd07a409-ae6d-4b4a-8d5c-efc2e972dea8
2026-07-22T15:26:05.085Z,GET,/customers/?page=1&pageSize=10,200,1,1962.516,cf458d40-1e59-44e6-934a-86456bf07c59
2026-07-22T15:26:05.350Z,GET,/cars/ace1a0c2-8a88-4c62-bae7-b438def83076,200,1,1709.123,584e0887-5c7e-4f7e-aa22-9f1ef7e55fc9
2026-07-22T15:26:05.665Z,GET,/workers/d15ef65c-1041-4721-9e6f-e8e65ad54918,200,1,1425.620,ac84ee29-b945-4e66-a295-067b6d8039d6
2026-07-22T15:26:06.647Z,GET,/work/47ec7d1c-550d-4f68-a20c-ca7ace59e2eb,200,1,477.926,2ce8d747-e0bb-403b-a39e-93f1bb523c44
2026-07-22T15:26:04.461Z,GET,/orders/1bb40596-8485-45cb-9d91-df6f390f3788,200,1,2700.307,4b499b48-1cce-42f3-851c-ad06566d8c90
2026-07-22T15:26:03.830Z,GET,/workers/304a0fb4-b5e6-43e2-a72f-30524e8d7d50,200,1,3355.997,9b3823cb-65bd-4301-a12c-a148e1ee388e
2026-07-22T15:26:05.114Z,GET,/customers/?page=1&pageSize=10,200,1,2083.979,2496d725-1117-40a2-aadf-6542223d94ba
2026-07-22T15:26:04.597Z,GET,/customers/?page=1&pageSize=10,200,1,2651.631,7baa0833-7c84-4aef-b084-991111a67415
2026-07-22T15:26:05.523Z,GET,/cars/?page=1&pageSize=10,200,1,1739.061,f162ee12-ff0a-4fbb-9e86-bf19edcda427
2026-07-22T15:26:02.599Z,GET,/orders/?page=1&pageSize=10,200,1,4708.200,75eed858-222b-489c-85c1-b52dd87a589f
2026-07-22T15:26:05.368Z,GET,/users/93678e6e-506a-432d-b0d9-a7aba055e1d9,200,1,1942.519,c4bae51d-436b-47c3-b4de-38790abce5ea
2026-07-22T15:26:06.405Z,GET,/customers/dd73a830-ece4-4be5-8292-4761f9896ba9/with-cars,200,1,960.898,8af6cdd3-ea87-420d-baeb-20b6f1c0fc0a
2026-07-22T15:26:06.659Z,GET,/workers/?page=1&pageSize=10,200,1,707.659,e74b2da0-ec8e-4141-94db-fd47d3b5bec8
2026-07-22T15:26:06.186Z,GET,/orders/?page=1&pageSize=10,200,1,1181.917,11affd2a-cb6a-48f6-98c7-8cd61e29c8a3
2026-07-22T15:26:06.417Z,GET,/orders/2fdeb779-be2d-481b-9580-a8856423d736,200,1,956.794,094b613b-87eb-496b-9700-ca1a1b1487f5
2026-07-22T15:26:05.645Z,GET,/work/47ec7d1c-550d-4f68-a20c-ca7ace59e2eb,200,1,1744.481,ba679f33-ec50-4ccb-a262-96c609637784
2026-07-22T15:26:04.483Z,GET,/users/93678e6e-506a-432d-b0d9-a7aba055e1d9,200,1,2918.074,bd6110f8-f9ec-4564-ab94-6ff7bba90daa
2026-07-22T15:26:07.271Z,PATCH,/cars/record-mileage,200,1,134.672,4de024c9-ca4b-4156-8d2a-5af64a887765
2026-07-22T15:26:06.607Z,GET,/orders/2fdeb779-be2d-481b-9580-a8856423d736,200,1,809.300,07edead1-6fef-47a9-add7-ca9e86733ee5
2026-07-22T15:26:03.616Z,GET,/orders/?page=1&pageSize=10,200,1,3804.358,4df53542-3a3d-403c-a7e1-3aaf75afac11
2026-07-22T15:26:05.660Z,GET,/customers/?page=1&pageSize=10,200,1,1770.209,7b0a9a1a-6a68-4704-ad9c-320769412495
2026-07-22T15:26:05.573Z,GET,/customers/c94beab5-2bd4-4ae6-a31b-05211277fc17,200,1,1858.415,913f7538-8b08-4d96-ae85-7357c9c7e201
2026-07-22T15:26:06.247Z,GET,/cars/ace1a0c2-8a88-4c62-bae7-b438def83076,200,1,1186.393,15076a97-acd3-423a-b23c-09af295fa09d
2026-07-22T15:26:06.611Z,GET,/orders/1bb40596-8485-45cb-9d91-df6f390f3788,200,1,828.293,cd808a10-f4da-451e-8e80-e84e165932bb
2026-07-22T15:26:06.628Z,GET,/orders/2fdeb779-be2d-481b-9580-a8856423d736,200,1,821.792,5ffabb23-8a73-4f80-8551-bf612d090eb8
2026-07-22T15:26:05.160Z,GET,/workers/?page=1&pageSize=10,200,1,2290.919,88becade-8789-47ee-bd56-e23547f48255
2026-07-22T15:26:06.637Z,GET,/users/354cd0e9-b04f-45cc-98a9-4b0e6de6cb6b,200,1,824.090,71a22ec9-3324-4d6b-bdd9-ee8655cf04f9
2026-07-22T15:26:05.086Z,GET,/users/?page=1&pageSize=10,200,1,2406.550,9c40ed32-d2b1-4bbe-a661-d918c776d3a7
2026-07-22T15:26:05.234Z,GET,/work/?page=1&pageSize=10,200,1,2329.726,dc0dc12a-1e63-45ca-a23c-de46cc6ad622
2026-07-22T15:26:07.568Z,PATCH,/cars/record-mileage,200,1,125.086,094880db-0b02-4161-85d8-a7f1be497627
2026-07-22T15:26:07.240Z,GET,/work/185f9cb2-4797-48fa-a253-3e2b6f9f95a8,200,1,463.196,58269252-0a09-4a4e-9559-21650fc4e308
2026-07-22T15:26:05.658Z,GET,/customers/dd73a830-ece4-4be5-8292-4761f9896ba9/with-cars,200,1,2108.149,07c3cce0-3970-43d2-985b-65c443b417eb
2026-07-22T15:26:03.761Z,GET,/work/185f9cb2-4797-48fa-a253-3e2b6f9f95a8,200,1,4050.153,e9195ca4-1262-4a5f-85a8-04cab05f9236
2026-07-22T15:26:06.944Z,GET,/workers/304a0fb4-b5e6-43e2-a72f-30524e8d7d50,200,1,938.898,e5d5cfd6-95de-44b6-89b8-65ed3ab6b600
2026-07-22T15:26:07.065Z,PATCH,/users/change-password,200,1,828.686,cb166e51-617e-45b2-86f7-f17bb308066a
2026-07-22T15:26:05.551Z,GET,/work/?page=1&pageSize=10,200,1,2380.224,289b2d06-5c0c-4c80-be45-4f2269464794
2026-07-22T15:26:04.251Z,GET,/customers/?page=1&pageSize=10,200,1,3736.674,a3fafddd-a2cd-4ef9-b476-940d279d38a8
2026-07-22T15:26:07.356Z,POST,/orders/,200,1,644.435,9d8d0420-574c-4a39-b5d7-f22be64d0385
2026-07-22T15:26:06.738Z,GET,/workers/?page=1&pageSize=10,200,1,1265.549,6a26df40-0637-4b3b-91b6-939c1e231351
2026-07-22T15:26:06.864Z,GET,/users/?page=1&pageSize=10,200,1,1143.026,7a0683fb-1d4f-4143-bbc7-9981efe44d7b
2026-07-22T15:26:06.531Z,GET,/customers/c94beab5-2bd4-4ae6-a31b-05211277fc17,200,1,1497.778,3eaeae66-38e6-492b-8a46-2474393fcb62
2026-07-22T15:26:07.352Z,GET,/orders/1bb40596-8485-45cb-9d91-df6f390f3788,200,1,692.178,76aa8082-9272-44f1-bc4b-ddfde096f5e3
2026-07-22T15:26:06.931Z,GET,/work/?page=1&pageSize=10,200,1,1173.476,23db92d2-4ed0-49bb-accb-a720ddfdcfa1
2026-07-22T15:26:06.936Z,GET,/work/47ec7d1c-550d-4f68-a20c-ca7ace59e2eb,200,1,1176.628,c6b3f7d3-bc0a-40dc-8d21-ecefe7e532ad
2026-07-22T15:26:05.440Z,GET,/users/?page=1&pageSize=10,200,1,2673.430,ece8563f-714a-47a4-a12c-4a075f1fcdb4
2026-07-22T15:26:05.750Z,GET,/orders/1bb40596-8485-45cb-9d91-df6f390f3788,200,1,2370.807,5e650e1d-fbc5-47a9-b445-099be8367a72
2026-07-22T15:26:08.100Z,GET,/work/?page=1&pageSize=10,200,1,144.175,8fe9be8d-599e-47ab-b427-b616699a4aa0
2026-07-22T15:26:08.095Z,PATCH,/workers/change-hourly-rate,200,1,155.073,bb03b0d1-34ab-4b9a-95f3-ce70f083513b
2026-07-22T15:26:05.769Z,GET,/orders/1bb40596-8485-45cb-9d91-df6f390f3788,200,1,2525.266,65377097-b56c-4a94-ba7e-29e14b23f17a
2026-07-22T15:26:03.285Z,GET,/users/?page=1&pageSize=10,200,1,5011.002,0b1af64f-3664-4f4f-9520-ec509483e334
2026-07-22T15:26:07.364Z,GET,/orders/?page=1&pageSize=10,200,1,958.230,be059b87-7f13-4779-8900-cdd11a3f7274
2026-07-22T15:26:06.398Z,GET,/cars/?page=1&pageSize=10,200,1,1940.218,c23a99c4-4ef3-4dc7-bbd9-0725ae4ce5d7
2026-07-22T15:26:07.913Z,GET,/work/?page=1&pageSize=10,200,1,483.289,73bec2c3-2c7a-4dab-b5f4-82c2362860d8
2026-07-22T15:26:07.376Z,GET,/users/?page=1&pageSize=10,200,1,1042.459,58622851-04ab-4670-805e-a9130abbe89e
2026-07-22T15:26:07.561Z,GET,/users/354cd0e9-b04f-45cc-98a9-4b0e6de6cb6b,200,1,894.349,c74c1b76-1806-4fe3-b9f8-ce009b6575eb
2026-07-22T15:26:05.904Z,GET,/users/?page=1&pageSize=10,200,1,2575.592,44505b42-58a1-4aed-8e79-7f6297af4320
2026-07-22T15:26:06.749Z,GET,/workers/304a0fb4-b5e6-43e2-a72f-30524e8d7d50,200,1,1850.324,8fa01cab-312b-4cac-b20c-341138d3b26c
2026-07-22T15:26:06.640Z,GET,/orders/2fdeb779-be2d-481b-9580-a8856423d736,200,1,1965.244,a956a880-b48a-4594-a375-7b89fabc857c
2026-07-22T15:26:06.359Z,GET,/users/?page=1&pageSize=10,200,1,2267.823,059c22a5-f000-4b55-a6f2-52c7afbfb385
2026-07-22T15:26:02.884Z,GET,/workers/304a0fb4-b5e6-43e2-a72f-30524e8d7d50,200,1,5746.993,c5e0d37f-38b5-464a-a472-efaa32107ef8
2026-07-22T15:26:07.497Z,GET,/customers/dd73a830-ece4-4be5-8292-4761f9896ba9/with-cars,200,1,1141.513,71b723db-1e0c-4ba0-9067-8a466f204603
2026-07-22T15:26:07.349Z,GET,/cars/ace1a0c2-8a88-4c62-bae7-b438def83076,200,1,1356.705,3fa2cf3b-611b-49f1-9bc1-122cc14f15b9
2026-07-22T15:26:08.267Z,PATCH,/orders/set-priority,200,1,464.789,e4b45b9a-9fa8-4621-98d3-c42537072b90
2026-07-22T15:26:02.782Z,GET,/users/?page=1&pageSize=10,200,1,6025.119,6fdd020e-9b39-4f75-86cd-b0fe755e7e85
2026-07-22T15:26:06.916Z,GET,/users/?page=1&pageSize=10,200,1,1906.592,a8ba6797-2212-42c7-9db6-2e9047365341
2026-07-22T15:26:07.559Z,GET,/users/93678e6e-506a-432d-b0d9-a7aba055e1d9,200,1,1265.256,6962fe48-e4ce-4af0-8ff0-42663843ac74
2026-07-22T15:26:07.710Z,GET,/work/?page=1&pageSize=10,200,1,1161.729,381c06c5-a4fb-4db7-a5f9-c9c0ead97cc8
2026-07-22T15:26:04.726Z,GET,/work/?page=1&pageSize=10,200,1,4157.489,8c758b57-5fa2-4fc6-aa2a-462e06e5ca54
2026-07-22T15:26:08.178Z,GET,/workers/d15ef65c-1041-4721-9e6f-e8e65ad54918,200,1,718.158,99abebeb-d332-4732-bdd7-9360d40607f2
2026-07-22T15:26:08.204Z,GET,/work/185f9cb2-4797-48fa-a253-3e2b6f9f95a8,200,1,733.424,0a291123-a80e-499b-8a53-e6d2c168e259
2026-07-22T15:26:08.833Z,POST,/work/,200,1,135.348,0d924152-cac1-4b5e-a8a9-6579fb2b8d51
2026-07-22T15:26:08.843Z,PATCH,/customers/change-contacts,200,1,137.411,dd042f3d-175e-457f-aa0f-3444f0a57cf8
2026-07-22T15:26:08.406Z,GET,/work/?page=1&pageSize=10,200,1,586.775,11416fd8-42a0-40ac-9a71-95f2ff6902bb
2026-07-22T15:26:07.847Z,GET,/customers/?page=1&pageSize=10,200,1,1176.075,56fe9c52-c976-4d7f-b456-8a17212b3d96
2026-07-22T15:26:05.724Z,GET,/customers/c94beab5-2bd4-4ae6-a31b-05211277fc17,200,1,3323.976,11ee032e-0050-445d-b953-9537f382fa31
2026-07-22T15:26:05.597Z,GET,/customers/dd73a830-ece4-4be5-8292-4761f9896ba9,200,1,3484.279,964490b7-5cde-4d15-90ba-1f9a83e7b1b4
2026-07-22T15:26:06.521Z,GET,/customers/?page=1&pageSize=10,200,1,2601.661,d2834ac9-0313-42df-a760-2eeb3b1bc7b0
2026-07-22T15:26:07.473Z,GET,/customers/?page=1&pageSize=10,200,1,1652.488,20206d59-0a7c-4e38-82c9-8a29336ed3f1
2026-07-22T15:26:04.482Z,GET,/workers/d15ef65c-1041-4721-9e6f-e8e65ad54918,200,1,4645.585,8cad377d-f5fb-4d12-8756-8110b231574f
2026-07-22T15:26:07.678Z,GET,/users/354cd0e9-b04f-45cc-98a9-4b0e6de6cb6b,200,1,1523.849,ffc6ed82-d290-4dac-ab76-271f5bb3456c
2026-07-22T15:26:07.361Z,GET,/workers/d15ef65c-1041-4721-9e6f-e8e65ad54918,200,1,1856.908,fdd22cc5-31a3-4ac6-9b57-8373f3cdbebf
2026-07-22T15:26:08.556Z,GET,/workers/?page=1&pageSize=10,200,1,720.262,6ab04b1c-1974-4c4d-8b82-65da6d7a312e
2026-07-22T15:26:08.107Z,GET,/work/?page=1&pageSize=10,200,1,1204.026,633196a8-ea55-4701-8648-70758af2991d
2026-07-22T15:26:08.357Z,GET,/cars/?page=1&pageSize=10,200,1,972.083,4b3acbf8-64ce-4faf-82f3-510444f7dd6a
2026-07-22T15:26:08.157Z,GET,/workers/304a0fb4-b5e6-43e2-a72f-30524e8d7d50,200,1,1179.585,683330b4-f804-4c75-9b4f-f3208e5637e6
2026-07-22T15:26:05.737Z,GET,/customers/dd73a830-ece4-4be5-8292-4761f9896ba9/with-cars,200,1,3606.443,b7a3ea41-b354-4e6c-9fdc-198f0f143e97
2026-07-22T15:26:07.615Z,GET,/customers/?page=1&pageSize=10,200,1,1744.715,7aee4592-3efe-4361-b924-4846e5f08ec5
2026-07-22T15:26:07.663Z,GET,/users/93678e6e-506a-432d-b0d9-a7aba055e1d9,200,1,1707.642,5fe720a6-dc38-4507-bfde-c453018d02ce
2026-07-22T15:26:06.654Z,GET,/work/47ec7d1c-550d-4f68-a20c-ca7ace59e2eb,200,1,2730.078,4ed93ecf-98cb-470e-ab9e-44b228b8ac36
2026-07-22T15:26:08.704Z,GET,/customers/dd73a830-ece4-4be5-8292-4761f9896ba9,200,1,716.824,7ed94c5e-f642-4e1f-9cfe-aeb419c66fb5
2026-07-22T15:26:08.269Z,GET,/users/?page=1&pageSize=10,200,1,1165.161,7844cce9-8285-4f17-af58-cac525e99c2a
2026-07-22T15:26:05.479Z,GET,/customers/c94beab5-2bd4-4ae6-a31b-05211277fc17,200,1,3995.935,59dd2eec-ae81-40e3-9565-f7860c220e80
2026-07-22T15:26:05.875Z,GET,/orders/1bb40596-8485-45cb-9d91-df6f390f3788,200,1,3613.479,d0057482-14f9-4adb-8ccf-8ee6d39d19a0
2026-07-22T15:26:09.342Z,PATCH,/work/change-description,200,1,158.442,0de71e85-dc4a-420e-b033-1f6c7213f19a
2026-07-22T15:26:05.020Z,GET,/workers/304a0fb4-b5e6-43e2-a72f-30524e8d7d50,200,1,4483.796,83851d61-3461-486b-96d6-21a4b1f3c204
2026-07-22T15:26:09.290Z,GET,/work/47ec7d1c-550d-4f68-a20c-ca7ace59e2eb,200,1,243.444,73df8fe9-d995-44bb-b67b-f590883f82b9
2026-07-22T15:26:05.836Z,GET,/customers/c94beab5-2bd4-4ae6-a31b-05211277fc17,200,1,3699.044,29a4c67c-3422-4fc9-a802-c56ea451a7b3
2026-07-22T15:26:08.379Z,GET,/workers/?page=1&pageSize=10,200,1,1202.030,01d68ed8-5ea9-44df-8a6f-5d7105d7b92f
2026-07-22T15:26:06.692Z,GET,/customers/?page=1&pageSize=10,200,1,2896.549,cbfca9f1-9cf2-43a9-88df-4975b3c10133
2026-07-22T15:26:06.030Z,GET,/users/93678e6e-506a-432d-b0d9-a7aba055e1d9,200,1,3596.847,ec816c90-a4c5-40e7-ab92-6c70aefd5863
2026-07-22T15:26:05.709Z,GET,/cars/?page=1&pageSize=10,200,1,3920.568,f7ec7760-7c59-4a6d-b591-92681949a120
2026-07-22T15:26:06.680Z,GET,/workers/304a0fb4-b5e6-43e2-a72f-30524e8d7d50,200,1,2972.716,c0900051-7fd9-4dfc-8ce6-99fe9782d9df
2026-07-22T15:26:09.045Z,GET,/customers/dd73a830-ece4-4be5-8292-4761f9896ba9/with-cars,200,1,721.207,032d8239-40e5-4f8f-96e6-64e321552a78
2026-07-22T15:26:07.468Z,GET,/cars/ace1a0c2-8a88-4c62-bae7-b438def83076,200,1,2312.523,1277782a-6120-460e-9c8a-dbcdc2398d3b
2026-07-22T15:26:09.649Z,PATCH,/customers/change-contacts,200,1,134.566,ce8bba45-fd78-4e81-95ce-164147bcf767
2026-07-22T15:26:09.564Z,GET,/customers/dd73a830-ece4-4be5-8292-4761f9896ba9/with-cars,200,1,228.803,828134a3-9b3a-4df6-82a5-0e08368a952a
2026-07-22T15:26:09.025Z,GET,/cars/ace1a0c2-8a88-4c62-bae7-b438def83076,200,1,808.791,cd7962ff-fb17-4144-bb5e-21ce1683ab14
2026-07-22T15:26:09.744Z,PATCH,/customers/rename,200,1,109.184,75775d3c-d9f4-4f03-af69-438dc124f1c5
2026-07-22T15:26:05.355Z,GET,/users/93678e6e-506a-432d-b0d9-a7aba055e1d9,200,1,4572.558,7e6ee6ab-aeb8-4bb2-9cdf-0a9ae3e4d939
2026-07-22T15:26:05.473Z,GET,/cars/?page=1&pageSize=10,200,1,4463.646,e7a79269-9283-4f73-accf-e80010033bc6
2026-07-22T15:26:08.414Z,GET,/users/93678e6e-506a-432d-b0d9-a7aba055e1d9,200,1,1536.153,1716ad07-a0cb-4173-a717-c8cea447a2ab
2026-07-22T15:26:04.271Z,GET,/orders/?page=1&pageSize=10,200,1,5741.563,cb5d3f37-399d-44ce-b65f-335ce51d5970
2026-07-22T15:26:06.278Z,GET,/users/?page=1&pageSize=10,200,1,3784.623,67549ad7-27f4-4ab6-8012-18d03df52ace
2026-07-22T15:26:07.317Z,GET,/workers/d15ef65c-1041-4721-9e6f-e8e65ad54918,200,1,2778.485,a1449f3e-d16f-4a51-93b0-05848eb11728
2026-07-22T15:26:09.294Z,GET,/cars/ace1a0c2-8a88-4c62-bae7-b438def83076,200,1,813.031,531072dd-c0ea-43a9-84f5-7f7dc3e3b7d1
2026-07-22T15:26:09.444Z,GET,/customers/?page=1&pageSize=10,200,1,691.871,8b809e22-1545-4937-adc7-590df31abc57
2026-07-22T15:26:09.906Z,GET,/customers/dd73a830-ece4-4be5-8292-4761f9896ba9/with-cars,200,1,232.834,6fb213cc-51b8-4172-af56-5d95aef8d5ed
2026-07-22T15:26:06.610Z,GET,/orders/1bb40596-8485-45cb-9d91-df6f390f3788,200,1,3551.434,55c351d4-d85d-4cfa-861e-01cca6172b5b
2026-07-22T15:26:10.095Z,PATCH,/work/change-description,200,1,106.970,1a0df0c4-161f-4c9e-b87c-0552aa55d63a
2026-07-22T15:26:06.176Z,GET,/users/93678e6e-506a-432d-b0d9-a7aba055e1d9,200,1,4033.105,8522c66f-517d-4b77-9c34-a0d8d2f0a9e4
2026-07-22T15:26:06.807Z,GET,/users/?page=1&pageSize=10,200,1,3413.201,185e3e16-e693-4933-9da5-f8decff11834
2026-07-22T15:26:07.221Z,GET,/customers/?page=1&pageSize=10,200,1,3010.500,fdecc17d-2a38-4125-8aaf-7a6b762a21fb
2026-07-22T15:26:07.806Z,GET,/work/185f9cb2-4797-48fa-a253-3e2b6f9f95a8,200,1,2521.663,676a169f-c43e-4265-ae45-d7b1fe610b6f
2026-07-22T15:26:02.852Z,GET,/users/93678e6e-506a-432d-b0d9-a7aba055e1d9,200,1,7483.513,9d762ed9-0135-482d-abb2-2271c68de784
2026-07-22T15:26:08.964Z,GET,/orders/?page=1&pageSize=10,200,1,1373.594,4f3e8d38-8e37-4e36-b213-7ede06fabede
2026-07-22T15:26:10.219Z,PATCH,/users/change-password,200,1,123.540,e3f9c69b-e8d0-461a-895a-ecd0d7a2d011
2026-07-22T15:26:06.202Z,GET,/orders/?page=1&pageSize=10,200,1,4168.177,ea4c4b3a-062e-42ea-9d3e-bea597da4241
2026-07-22T15:26:06.899Z,GET,/workers/304a0fb4-b5e6-43e2-a72f-30524e8d7d50,200,1,3547.695,5ef9f4b6-8864-4ae7-ba59-4dda87090a77
2026-07-22T15:26:05.318Z,GET,/workers/?page=1&pageSize=10,200,1,5134.393,9d4f296f-5824-4937-8979-75bd2107a95f
2026-07-22T15:26:06.356Z,GET,/orders/1bb40596-8485-45cb-9d91-df6f390f3788,200,1,4166.703,917030bf-5511-4593-92e8-ba6fdb6951b4
2026-07-22T15:26:10.298Z,GET,/cars/ace1a0c2-8a88-4c62-bae7-b438def83076,200,1,232.748,04e3506b-aab2-4aac-afc1-ce6822706f47
2026-07-22T15:26:08.008Z,GET,/orders/?page=1&pageSize=10,200,1,2531.462,8f7f5276-da67-4587-aab1-aaa6efe59238
2026-07-22T15:26:10.442Z,PATCH,/cars/record-mileage,200,1,131.259,4ccc1b24-0422-4a90-950d-0062ca17a68f
2026-07-22T15:26:05.517Z,GET,/cars/?page=1&pageSize=10,200,1,5056.780,26e45475-f658-4dc1-8d34-b2f63ce3ff66
2026-07-22T15:26:05.863Z,GET,/work/?page=1&pageSize=10,200,1,4736.879,e91a72e3-15bc-4261-b4cf-e4e7903d10cb
2026-07-22T15:26:05.742Z,GET,/customers/?page=1&pageSize=10,200,1,4861.747,108bb355-f516-452b-8f93-5e740589c214
2026-07-22T15:26:07.782Z,GET,/work/?page=1&pageSize=10,200,1,2825.071,dcc5db14-650e-41ba-9c99-c1089173783b
2026-07-22T15:26:09.041Z,GET,/cars/ace1a0c2-8a88-4c62-bae7-b438def83076,200,1,1621.379,daece0d7-a41b-4893-b7f4-db3997658a0f
2026-07-22T15:26:07.968Z,GET,/customers/dd73a830-ece4-4be5-8292-4761f9896ba9/with-cars,200,1,2697.770,cdf442ad-b92b-4572-8d47-ff34acffa582
2026-07-22T15:26:07.377Z,GET,/users/?page=1&pageSize=10,200,1,3344.429,609ff503-68c4-4bd0-93cb-4fda1fe3be7b
2026-07-22T15:26:07.869Z,GET,/workers/d15ef65c-1041-4721-9e6f-e8e65ad54918,200,1,2883.254,c7826ec9-a993-4793-9bdf-ddeeb9b85f51
2026-07-22T15:26:10.659Z,PATCH,/users/change-password,200,1,178.951,6dab33c1-5633-44a1-be17-5d7030a85349
2026-07-22T15:26:09.006Z,GET,/work/185f9cb2-4797-48fa-a253-3e2b6f9f95a8,200,1,1859.195,b8ec0b5e-f281-4cc5-ae95-38ac0581dccd
2026-07-22T15:26:10.717Z,PATCH,/workers/change-role,200,1,162.395,19f641ec-3b6a-4344-babc-ac136fed7d66
2026-07-22T15:26:10.678Z,GET,/customers/dd73a830-ece4-4be5-8292-4761f9896ba9,200,1,268.373,649ecd73-b23e-4b42-8f24-6b19a3d7280d
2026-07-22T15:26:08.557Z,GET,/work/?page=1&pageSize=10,200,1,2397.020,b95a5651-5f51-42e3-8718-a7c4895ffce7
2026-07-22T15:26:09.281Z,GET,/customers/?page=1&pageSize=10,200,1,1724.587,3ff496a6-0a12-4c04-8670-3e647339b35f
2026-07-22T15:26:10.318Z,GET,/orders/?page=1&pageSize=10,200,1,754.322,b3733701-7bec-410b-924a-cc794527e832
2026-07-22T15:26:07.008Z,GET,/work/47ec7d1c-550d-4f68-a20c-ca7ace59e2eb,200,1,4088.212,b24d247e-2c3e-45a5-b852-d3bb9091992c
2026-07-22T15:26:06.458Z,GET,/customers/dd73a830-ece4-4be5-8292-4761f9896ba9,200,1,4642.479,421282b9-1fab-4eaf-acee-74d5f58bf7dc
2026-07-22T15:26:10.854Z,PATCH,/orders/apply-discount,200,1,246.855,91458c5f-0b09-4796-834d-4d399b897a2a
2026-07-22T15:26:05.977Z,GET,/workers/?page=1&pageSize=10,200,1,5152.280,ea019301-7e7f-4fdf-a50c-8265346b5f72
2026-07-22T15:26:07.954Z,GET,/users/354cd0e9-b04f-45cc-98a9-4b0e6de6cb6b,200,1,3184.203,4e287ff3-99d6-4e3c-9fc5-bbdd8459b3c8
2026-07-22T15:26:04.381Z,GET,/workers/304a0fb4-b5e6-43e2-a72f-30524e8d7d50,200,1,6766.971,e1a56b95-1572-4604-b2e3-bcbc6be95c99
2026-07-22T15:26:05.168Z,GET,/work/?page=1&pageSize=10,200,1,5984.071,0a3dc80c-742f-45c5-8c95-db1d76406cd8
2026-07-22T15:26:08.994Z,GET,/orders/2fdeb779-be2d-481b-9580-a8856423d736,200,1,2169.311,8cf7fb84-9d3a-4603-b733-842f1e9fa64e
2026-07-22T15:26:07.767Z,GET,/workers/d15ef65c-1041-4721-9e6f-e8e65ad54918,200,1,3402.246,edcea4ca-3a7e-450e-b3b5-3f1b2b88a006
2026-07-22T15:26:10.132Z,GET,/cars/ace1a0c2-8a88-4c62-bae7-b438def83076,200,1,1078.714,4850087f-3e70-46c1-a638-8d70103d40da
2026-07-22T15:26:08.020Z,GET,/users/354cd0e9-b04f-45cc-98a9-4b0e6de6cb6b,200,1,3198.727,a951ed1f-361d-4390-865e-27d7cd5962b4
2026-07-22T15:26:06.055Z,GET,/orders/2fdeb779-be2d-481b-9580-a8856423d736,200,1,5167.078,3ac974e3-5dc5-4aed-8132-a32d36c4e541
2026-07-22T15:26:07.380Z,GET,/customers/dd73a830-ece4-4be5-8292-4761f9896ba9/with-cars,200,1,3859.713,908e608c-db7a-4640-9779-4f7a2d1c4456
2026-07-22T15:26:11.181Z,GET,/cars/?page=1&pageSize=10,0,0,125.260,
2026-07-22T15:26:05.511Z,GET,/orders/1bb40596-8485-45cb-9d91-df6f390f3788,200,1,5796.755,af9d3ac3-5399-42a4-acc7-513e3dec9014
2026-07-22T15:26:11.189Z,PATCH,/orders/apply-discount,200,1,137.098,f52bfe31-51b2-47f3-84c7-16f6b8442b24
2026-07-22T15:26:10.134Z,GET,/orders/2fdeb779-be2d-481b-9580-a8856423d736,200,1,1214.764,70a85272-304d-408c-8a41-333f1eca7b91
2026-07-22T15:26:10.982Z,GET,/customers/?page=1&pageSize=10,200,1,373.491,e12f7ecd-2445-4e70-a0b7-58137e5a7ae3
2026-07-22T15:26:05.135Z,GET,/users/93678e6e-506a-432d-b0d9-a7aba055e1d9,200,1,6221.292,415f0df7-3568-421d-8610-2dac4142b61a
2026-07-22T15:26:05.871Z,GET,/customers/?page=1&pageSize=10,200,1,5553.598,d5a06a0a-1039-4f96-bcd6-d97b6eee9835
2026-07-22T15:26:10.141Z,GET,/users/93678e6e-506a-432d-b0d9-a7aba055e1d9,200,1,1329.565,e1e5f089-74b1-4dba-992b-96a1a618e136
2026-07-22T15:26:08.684Z,GET,/users/?page=1&pageSize=10,200,1,2792.491,4891b05a-a0f0-4c6f-8c39-7599bcaa0142
2026-07-22T15:26:06.514Z,GET,/orders/2fdeb779-be2d-481b-9580-a8856423d736,200,1,4979.725,601e28ed-8471-485a-b4b7-160509f94da0
2026-07-22T15:26:07.354Z,GET,/orders/?page=1&pageSize=10,200,1,4148.660,72122609-f369-4d38-a698-ef8b1f62090b
2026-07-22T15:26:08.290Z,GET,/orders/ce4e4525-7ae1-4b95-a68c-fcb5759309fb,200,1,3260.286,c725a605-9ad7-44fb-91a8-bb8d5357dbce
2026-07-22T15:26:11.137Z,PATCH,/workers/change-hourly-rate,200,1,433.507,72fe5cb0-4842-440e-9d46-5a4de4d1bd3e
2026-07-22T15:26:09.223Z,GET,/cars/?page=1&pageSize=10,200,1,2390.375,b9a15ac4-8dde-4b6c-a9a3-39a9901aa533
2026-07-22T15:26:05.870Z,GET,/cars/ace1a0c2-8a88-4c62-bae7-b438def83076,200,1,5744.596,73e2d0ed-af8e-42ac-90b1-8faef80cb286
2026-07-22T15:26:09.291Z,GET,/customers/?page=1&pageSize=10,200,1,2325.489,7a4c74ee-4e47-4cf9-89a4-dce8c1a825d7
2026-07-22T15:26:10.308Z,GET,/users/93678e6e-506a-432d-b0d9-a7aba055e1d9,200,1,1314.450,67fd4ef5-9eaa-4402-9f3b-fe8b212e88d2
2026-07-22T15:26:08.949Z,GET,/cars/ace1a0c2-8a88-4c62-bae7-b438def83076,200,1,2691.261,ede67670-7625-4105-8423-cb50d19850d1
2026-07-22T15:26:08.749Z,GET,/work/47ec7d1c-550d-4f68-a20c-ca7ace59e2eb,200,1,2944.460,f93ea1a5-5d97-4593-85c9-275e997e208a
2026-07-22T15:26:08.194Z,GET,/orders/2fdeb779-be2d-481b-9580-a8856423d736,200,1,3579.256,35a7e896-5135-40ef-997c-71a0c9af004c
2026-07-22T15:26:11.547Z,PATCH,/workers/change-hourly-rate,200,1,256.306,5e3d479b-7845-42ce-ab80-2c458eb2466c
2026-07-22T15:26:08.454Z,GET,/workers/?page=1&pageSize=10,200,1,3354.561,77a6de47-1edd-4f6e-91aa-09bc79a1d666
2026-07-22T15:26:06.112Z,GET,/users/?page=1&pageSize=10,200,1,5716.475,7ea1be9c-1c35-4af7-8dc6-abe703584cd1
2026-07-22T15:26:05.743Z,GET,/work/185f9cb2-4797-48fa-a253-3e2b6f9f95a8,200,1,6092.637,6d88bd67-cb24-46eb-8209-d8f4306d68e7
2026-07-22T15:26:05.952Z,GET,/work/47ec7d1c-550d-4f68-a20c-ca7ace59e2eb,200,1,5884.417,89a742cc-c2dd-473b-a8de-d8aab575fa29
2026-07-22T15:26:11.476Z,GET,/workers/d15ef65c-1041-4721-9e6f-e8e65ad54918,200,1,387.535,01b9cab6-b00d-4888-a979-b01d6d112d83
2026-07-22T15:26:09.816Z,GET,/cars/ace1a0c2-8a88-4c62-bae7-b438def83076,200,1,2089.900,749310ee-11e2-4b33-a28e-cb184537c2fa
2026-07-22T15:26:07.331Z,GET,/workers/d15ef65c-1041-4721-9e6f-e8e65ad54918,200,1,4576.696,357256b9-d14f-4ba5-8f4e-cbe1dcda1862
2026-07-22T15:26:06.103Z,GET,/work/?page=1&pageSize=10,200,1,5815.331,861fb372-1868-448d-8a04-7edd5b88aa84
2026-07-22T15:26:07.484Z,GET,/users/?page=1&pageSize=10,200,1,4471.053,ec13180e-21b2-4a3f-869f-09bba3ff199e
2026-07-22T15:26:04.684Z,GET,/workers/304a0fb4-b5e6-43e2-a72f-30524e8d7d50,200,1,7280.408,6d69aee3-815a-48c2-8235-1319db5c212f
2026-07-22T15:26:07.461Z,GET,/work/?page=1&pageSize=10,200,1,4524.623,cf66da4f-277b-4f07-ae83-68a3d3cad710
2026-07-22T15:26:08.952Z,GET,/customers/dd73a830-ece4-4be5-8292-4761f9896ba9/with-cars,200,1,3075.418,13638b8a-e26a-4706-b843-35e7750db2c5
2026-07-22T15:26:06.543Z,GET,/workers/304a0fb4-b5e6-43e2-a72f-30524e8d7d50,200,1,5502.671,58d8f6ff-06d3-4fb2-b4ec-e3b0fff384b4
2026-07-22T15:26:11.957Z,POST,/work/,200,1,125.245,66abcb95-31fb-4368-acc1-e67901b408b3
2026-07-22T15:26:09.270Z,GET,/work/185f9cb2-4797-48fa-a253-3e2b6f9f95a8,200,1,2819.379,7a3191c3-58ac-4625-8a59-88a743c2fa57
2026-07-22T15:26:07.429Z,GET,/users/?page=1&pageSize=10,200,1,4664.592,c76000be-c04c-4866-b74f-f05489abc7ba
2026-07-22T15:26:10.930Z,GET,/work/?page=1&pageSize=10,200,1,1194.851,9a652144-c2fd-44f6-9194-cb515cc4ff3d
2026-07-22T15:26:07.213Z,GET,/customers/?page=1&pageSize=10,200,1,4931.589,1f08d5c7-f500-4eab-96a6-263cfce28dc2
2026-07-22T15:26:09.409Z,GET,/users/93678e6e-506a-432d-b0d9-a7aba055e1d9,200,1,2825.428,6c3d4d69-ff49-4df0-aaa8-168860e887e5
2026-07-22T15:26:09.890Z,GET,/customers/?page=1&pageSize=10,200,1,2461.924,abbd2f77-7a8e-4726-9f72-992b9bf735cb
2026-07-22T15:26:11.894Z,GET,/customers/?page=1&pageSize=10,200,1,481.137,d9870cc7-cda5-4b97-b13a-e70f89e53b01
2026-07-22T15:26:09.334Z,GET,/orders/1bb40596-8485-45cb-9d91-df6f390f3788,200,1,3044.972,e00f4d71-b43f-44d8-95dc-5c994d6c210c
2026-07-22T15:26:11.805Z,GET,/customers/?page=1&pageSize=10,200,1,606.728,a878d750-59d2-4bb0-befd-b6d296a4d5e3
2026-07-22T15:26:10.812Z,GET,/cars/ace1a0c2-8a88-4c62-bae7-b438def83076,200,1,1605.807,532ac3df-921b-45f1-ba56-8893c7611f54
2026-07-22T15:26:11.491Z,GET,/work/185f9cb2-4797-48fa-a253-3e2b6f9f95a8,200,1,932.748,1c0eb881-0a3b-4cf6-a7c5-eb6e744d3c3a
2026-07-22T15:26:10.660Z,GET,/customers/dd73a830-ece4-4be5-8292-4761f9896ba9/with-cars,200,1,1790.439,043bd324-7308-4553-afa6-522283a25682
2026-07-22T15:26:07.783Z,GET,/workers/d15ef65c-1041-4721-9e6f-e8e65ad54918,200,1,4748.804,0b6b1432-263b-4102-a753-3f6ff7831885
2026-07-22T15:26:11.204Z,GET,/cars/ace1a0c2-8a88-4c62-bae7-b438def83076,200,1,1412.733,1ad47e41-84f7-407f-abdc-8a370ddaa4fb
2026-07-22T15:26:06.085Z,GET,/users/93678e6e-506a-432d-b0d9-a7aba055e1d9,200,1,6605.442,ff0b0139-815f-44d8-99fe-1737c51364f0
2026-07-22T15:26:12.692Z,GET,/workers/304a0fb4-b5e6-43e2-a72f-30524e8d7d50,0,0,5.648,
2026-07-22T15:26:08.817Z,GET,/workers/304a0fb4-b5e6-43e2-a72f-30524e8d7d50,200,1,3884.236,0196ce56-47e5-447a-83e2-4895346ce526
2026-07-22T15:26:11.400Z,GET,/users/?page=1&pageSize=10,200,1,1317.228,31cd61b6-107c-4a37-b59c-a6ab6a81ec4a
2026-07-22T15:26:06.354Z,GET,/orders/2fdeb779-be2d-481b-9580-a8856423d736,200,1,6496.101,ad7e6ffd-19be-4b1b-bd97-2633cfea906d
2026-07-22T15:26:09.234Z,GET,/work/?page=1&pageSize=10,200,1,3626.968,c6824cd3-fbe7-4156-b5c2-4fb4dac20a23
2026-07-22T15:26:12.384Z,PATCH,/workers/change-role,200,1,478.702,0ee7788f-5573-44dc-9601-69517239e628
2026-07-22T15:26:07.135Z,GET,/cars/?page=1&pageSize=10,200,1,5812.826,63afd6a7-18e5-44cb-9ceb-d53b89f8902e
2026-07-22T15:26:09.382Z,GET,/orders/?page=1&pageSize=10,200,1,3567.438,a9455283-3f0f-48a4-98e5-994001970bb9
2026-07-22T15:26:12.722Z,POST,/cars/,200,1,237.198,542117e4-694b-4761-b251-bb552ab03e24
2026-07-22T15:26:11.573Z,GET,/cars/ace1a0c2-8a88-4c62-bae7-b438def83076,200,1,1411.457,fc63273e-d346-4517-b215-644f720036ce
2026-07-22T15:26:05.937Z,GET,/customers/dd73a830-ece4-4be5-8292-4761f9896ba9/with-cars,200,1,7076.076,9553a354-26cf-4e9a-9e2b-7a773c5ca42c
2026-07-22T15:26:05.594Z,GET,/work/47ec7d1c-550d-4f68-a20c-ca7ace59e2eb,200,1,7445.240,62c240a5-f3fa-4877-b1f8-92318ae907f3
2026-07-22T15:26:07.288Z,GET,/workers/?page=1&pageSize=10,200,1,5765.196,27e788c2-eee3-4ed4-9351-60c238ffefd5
2026-07-22T15:26:10.537Z,GET,/customers/c94beab5-2bd4-4ae6-a31b-05211277fc17,200,1,2517.254,ca08ba83-e922-48c3-afde-dec7e1be3631
2026-07-22T15:26:08.353Z,GET,/customers/c94beab5-2bd4-4ae6-a31b-05211277fc17,200,1,4719.478,d5869f3b-104c-475c-bdf9-75f8241c517a
2026-07-22T15:26:07.410Z,GET,/workers/?page=1&pageSize=10,200,1,5666.159,f1baaa1f-93a7-460c-9332-eca3baabc8a3
2026-07-22T15:26:07.359Z,GET,/customers/dd73a830-ece4-4be5-8292-4761f9896ba9,200,1,5758.908,6eb9df40-8fe6-46ac-84be-d13837b532b6
2026-07-22T15:26:09.805Z,GET,/cars/ace1a0c2-8a88-4c62-bae7-b438def83076,200,1,3337.775,3619fa91-07d0-4e8f-b651-1615755d5ecf
2026-07-22T15:26:08.143Z,GET,/customers/?page=1&pageSize=10,200,1,5000.388,cb623e09-230d-4356-9205-12824687059d
2026-07-22T15:26:06.688Z,GET,/workers/?page=1&pageSize=10,200,1,6464.501,30ebe88f-1b99-4112-b9a9-49303c1d52b3
2026-07-22T15:26:08.028Z,GET,/orders/1bb40596-8485-45cb-9d91-df6f390f3788,200,1,5150.407,ec306539-49ed-47be-b184-25846439aad8
2026-07-22T15:26:11.277Z,GET,/orders/?page=1&pageSize=10,200,1,1902.215,30e3c2e1-4459-42c2-93fb-cbba393d480c
2026-07-22T15:26:10.683Z,GET,/workers/d15ef65c-1041-4721-9e6f-e8e65ad54918,200,1,2505.809,5f26306d-1771-401d-bb0a-8a2e895517ba
2026-07-22T15:26:10.626Z,GET,/customers/?page=1&pageSize=10,200,1,2582.744,58a686ac-69d7-4b00-b711-7de028656fb5
2026-07-22T15:26:09.517Z,GET,/customers/c94beab5-2bd4-4ae6-a31b-05211277fc17,200,1,3692.802,5f58f6fc-4e1a-428b-9b4f-59cb2ae84b80
2026-07-22T15:26:11.800Z,GET,/workers/304a0fb4-b5e6-43e2-a72f-30524e8d7d50,200,1,1442.432,18bc4c5c-8df4-4c1a-9866-ed7edd15dbea
2026-07-22T15:26:12.999Z,PATCH,/workers/change-role,200,1,258.636,c83311c8-a698-4ce4-b967-eb553b630f49
2026-07-22T15:26:11.472Z,GET,/users/354cd0e9-b04f-45cc-98a9-4b0e6de6cb6b,200,1,1787.371,ac23f445-6517-4276-bf07-3e27b5544aae
2026-07-22T15:26:12.200Z,GET,/users/?page=1&pageSize=10,200,1,1066.175,e4360348-4026-4ffa-8bf7-6259edb7f53a
2026-07-22T15:26:12.444Z,GET,/workers/d15ef65c-1041-4721-9e6f-e8e65ad54918,200,1,826.613,a653386e-256c-4a93-a085-671348c32966
2026-07-22T15:26:12.612Z,GET,/cars/?page=1&pageSize=10,200,1,711.111,443c2e59-c127-4010-a0bc-8642643af156
2026-07-22T15:26:07.824Z,GET,/work/47ec7d1c-550d-4f68-a20c-ca7ace59e2eb,200,1,5513.760,9154ad4f-a593-4af9-9a5f-b000eea7165a
2026-07-22T15:26:06.901Z,GET,/customers/dd73a830-ece4-4be5-8292-4761f9896ba9/with-cars,200,1,6439.733,1cc4b412-6e23-4766-8b5a-981ac557fcd2
2026-07-22T15:26:11.271Z,GET,/cars/?page=1&pageSize=10,200,1,2085.205,28dab411-f5ba-4143-a069-4ea9660a68ed
2026-07-22T15:26:07.261Z,GET,/work/47ec7d1c-550d-4f68-a20c-ca7ace59e2eb,200,1,6100.682,09201c3e-43b5-48eb-be1f-54bbf6e2e664
2026-07-22T15:26:12.185Z,GET,/work/?page=1&pageSize=10,200,1,1201.034,4c186162-e343-409e-b485-99da8ac98230
2026-07-22T15:26:12.206Z,GET,/users/93678e6e-506a-432d-b0d9-a7aba055e1d9,200,1,1191.701,e17b929f-cf5d-411c-99e7-c407a489587f
2026-07-22T15:26:13.288Z,PATCH,/orders/set-priority,200,1,134.178,c629eb0e-b0ab-4e83-b181-89ec7caa277a
2026-07-22T15:26:07.332Z,GET,/users/93678e6e-506a-432d-b0d9-a7aba055e1d9,200,1,6110.857,50e34b5b-5319-482d-9f7e-a5dcd5b56032
2026-07-22T15:26:07.194Z,GET,/cars/?page=1&pageSize=10,200,1,6285.851,2e629a8f-ee52-461f-bd7b-b9d12e45a8d7
2026-07-22T15:26:13.389Z,PATCH,/orders/set-priority,200,1,128.432,8ef94e32-822f-49dc-9e91-381beab2ff55
2026-07-22T15:26:11.732Z,GET,/users/?page=1&pageSize=10,200,1,1795.175,19e5e368-aeb0-4838-bdf3-2fa91261925a
2026-07-22T15:26:12.817Z,GET,/customers/dd73a830-ece4-4be5-8292-4761f9896ba9,200,1,726.129,ee6d0ee8-876e-47b0-9641-ba365fd84c37
2026-07-22T15:26:08.130Z,GET,/orders/ce4e4525-7ae1-4b95-a68c-fcb5759309fb,200,1,5458.515,32015a45-b605-4265-9120-0aa0add8ac71
2026-07-22T15:26:10.885Z,GET,/orders/?page=1&pageSize=10,200,1,2741.317,beb403c5-ab7f-4f08-9bca-d29167f8f9bb
2026-07-22T15:26:13.482Z,PATCH,/work/set-estimate,200,1,188.755,ad5bb057-2d8c-40ab-baae-b292a06ded5a
2026-07-22T15:26:07.472Z,GET,/work/185f9cb2-4797-48fa-a253-3e2b6f9f95a8,200,1,6204.485,679ac145-eb15-4c2b-9901-f325900b330c
2026-07-22T15:26:12.387Z,GET,/work/aa978a1c-cb70-4a47-91e8-9848f9370c9c,200,1,1300.842,1ed2ec1c-11ef-46c1-83ef-421fc8032699
2026-07-22T15:26:12.430Z,GET,/users/?page=1&pageSize=10,200,1,1282.523,ee2d463e-03d1-4002-8531-fae01e20141c
2026-07-22T15:26:11.654Z,GET,/work/?page=1&pageSize=10,200,1,2105.175,3a942eb7-8e17-4ed2-bea1-b3df7742d76d
2026-07-22T15:26:06.237Z,GET,/cars/?page=1&pageSize=10,200,1,7534.070,f35f8add-00dd-469a-8e23-8162dc3f4571
2026-07-22T15:26:12.488Z,GET,/cars/?page=1&pageSize=10,200,1,1303.133,caa0da57-bb72-4dad-9bc1-e9510fab5e7f
2026-07-22T15:26:10.281Z,GET,/customers/dd73a830-ece4-4be5-8292-4761f9896ba9/with-cars,200,1,3521.422,643579ab-93a9-4a54-bdce-dca1e66d03cc
2026-07-22T15:26:13.686Z,PATCH,/work/change-description,200,1,122.539,e338fe28-d38a-472f-b439-2616dce63fad
2026-07-22T15:26:13.032Z,GET,/work/?page=1&pageSize=10,200,1,870.200,77347ed0-22ad-4016-b354-d26a0a8ae50f
2026-07-22T15:26:13.724Z,PATCH,/users/change-password,200,1,180.909,fd36cb4e-30a5-492b-abb9-74286521f183
2026-07-22T15:26:09.931Z,GET,/customers/dd73a830-ece4-4be5-8292-4761f9896ba9/with-cars,200,1,4030.454,3ed04ee6-9d79-4b0a-93ad-1d46d2938ebd
2026-07-22T15:26:13.844Z,POST,/users/,200,1,122.922,78b48994-731e-4853-bfbc-fe38544dbf7f
2026-07-22T15:26:09.563Z,GET,/cars/?page=1&pageSize=10,200,1,4474.887,29db600b-8c6a-493a-bcec-2bd60290bffe
2026-07-22T15:26:10.623Z,GET,/orders/?page=1&pageSize=10,200,1,3418.087,2a455ba1-b11e-4ca6-ae7a-59377cb43304
2026-07-22T15:26:10.387Z,GET,/users/93678e6e-506a-432d-b0d9-a7aba055e1d9,200,1,3654.531,cf54edd1-cd46-4388-bc56-1c81b5e0294f
2026-07-22T15:26:07.775Z,GET,/users/?page=1&pageSize=10,200,1,6294.226,bf6ce258-34e0-4364-b3fe-6f9e6cef9a89
2026-07-22T15:26:09.395Z,GET,/work/185f9cb2-4797-48fa-a253-3e2b6f9f95a8,200,1,4733.892,dbbbc09a-f95b-4458-b8b9-25eb84b56ccd
2026-07-22T15:26:10.706Z,GET,/cars/ace1a0c2-8a88-4c62-bae7-b438def83076,200,1,3446.554,be36d4c7-8cbe-40f3-b545-575303f40583
2026-07-22T15:26:08.333Z,GET,/customers/dd73a830-ece4-4be5-8292-4761f9896ba9/with-cars,200,1,5880.901,726e0e4e-efab-4e50-8146-88ff5405b784
2026-07-22T15:26:09.850Z,GET,/orders/?page=1&pageSize=10,200,1,4422.654,25977283-7687-437b-9876-b16d84673f67
2026-07-22T15:26:12.304Z,GET,/users/93678e6e-506a-432d-b0d9-a7aba055e1d9,200,1,1980.094,fba4d2c9-4ed5-4f9e-8c4d-fe19089b07b8
2026-07-22T15:26:06.353Z,GET,/work/47ec7d1c-550d-4f68-a20c-ca7ace59e2eb,200,1,7936.296,f0443176-021a-456c-979f-e0ed9f643757
2026-07-22T15:26:14.034Z,PATCH,/work/change-title,200,1,256.157,e9c25f42-0789-4f8f-b0e5-b432fd9eaf6b
2026-07-22T15:26:12.405Z,GET,/cars/ace1a0c2-8a88-4c62-bae7-b438def83076,200,1,1915.047,5eb7af4a-8d24-4640-89d8-70f26cf60181
2026-07-22T15:26:11.067Z,GET,/workers/?page=1&pageSize=10,200,1,3258.620,d84eccb2-98b3-4495-8f03-8e24e57b29e6
2026-07-22T15:26:14.109Z,PATCH,/work/change-description,200,1,238.961,1d620bb4-044e-42a9-ae0e-c22f6fa94f1b
2026-07-22T15:26:13.756Z,GET,/customers/c94beab5-2bd4-4ae6-a31b-05211277fc17/with-cars,200,1,594.496,e92ea233-0340-49ba-ab3e-5ab3d7d829d2
2026-07-22T15:26:13.745Z,GET,/users/?page=1&pageSize=10,200,1,615.431,6d22f46f-6657-4cf1-8dd8-3969e0a610c7
2026-07-22T15:26:13.051Z,GET,/customers/?page=1&pageSize=10,200,1,1312.453,f61a24c8-d670-4f8d-8827-e88a3a695aab
2026-07-22T15:26:11.214Z,GET,/users/?page=1&pageSize=10,200,1,3173.717,3694b8cd-aa61-4e20-8c3e-7fc9247340ed
2026-07-22T15:26:09.646Z,GET,/cars/ace1a0c2-8a88-4c62-bae7-b438def83076,200,1,4773.919,1bcf5916-cedb-4050-962b-f77056ec0f63
2026-07-22T15:26:13.777Z,PATCH,/work/change-description,200,1,650.529,76bb6244-b2ec-41af-9f73-46bae159099e
2026-07-22T15:26:10.266Z,GET,/workers/d15ef65c-1041-4721-9e6f-e8e65ad54918,200,1,4191.112,8ffcfc54-fdac-43d7-9e30-b23847a3ed23
2026-07-22T15:26:14.362Z,PATCH,/orders/apply-discount,200,1,130.626,289e8fe9-60d4-433d-8b01-e9ace1cd69cd
2026-07-22T15:26:14.384Z,PATCH,/users/change-password,200,1,159.370,eb75436e-79d7-4fa8-8d0a-43783203e92a
2026-07-22T15:26:09.087Z,GET,/cars/ace1a0c2-8a88-4c62-bae7-b438def83076,200,1,5461.526,d8b82316-1522-4c15-9f2b-e90775a55b7d
2026-07-22T15:26:09.791Z,GET,/cars/?page=1&pageSize=10,200,1,4759.812,0d4e3132-365b-486d-904d-78a1a271c149
2026-07-22T15:26:09.094Z,GET,/cars/ace1a0c2-8a88-4c62-bae7-b438def83076,200,1,5461.082,1c8a580f-c1c3-4952-8283-740977656983
2026-07-22T15:26:13.765Z,GET,/work/47ec7d1c-550d-4f68-a20c-ca7ace59e2eb,200,1,821.431,542e600f-d445-4a8e-a4ce-f0b7ecee887a
2026-07-22T15:26:12.744Z,GET,/customers/dd73a830-ece4-4be5-8292-4761f9896ba9,200,1,1929.035,998696ac-85d2-4b22-97d8-8de4fbe77143
2026-07-22T15:26:09.974Z,GET,/users/?page=1&pageSize=10,200,1,4705.319,69de19fa-3f33-4863-9dd1-fffe17c64a50
2026-07-22T15:26:13.975Z,GET,/customers/dd73a830-ece4-4be5-8292-4761f9896ba9,200,1,715.082,7d065309-c8dd-47ee-a508-af5a93ae28c4
2026-07-22T15:26:10.190Z,GET,/work/130b194a-5733-461f-8368-564e0a530df2,200,1,4582.311,81201873-43c8-4aba-aec0-0a1e19f21321
2026-07-22T15:26:12.867Z,GET,/users/?page=1&pageSize=10,200,1,1909.612,22ec8421-39bd-4e12-8cc7-054e9d53d3f7
2026-07-22T15:26:08.908Z,GET,/orders/?page=1&pageSize=10,200,1,5890.381,d9a8d55a-1b49-401f-a450-8622966c5023
2026-07-22T15:26:07.137Z,GET,/workers/d15ef65c-1041-4721-9e6f-e8e65ad54918,200,1,7737.272,e977c3fb-7f8b-4378-8b6a-3821eea6c88e
2026-07-22T15:26:13.703Z,GET,/users/?page=1&pageSize=10,200,1,1173.934,61813eb2-e789-44f4-b44b-6438e4218c1e
2026-07-22T15:26:08.311Z,GET,/orders/1bb40596-8485-45cb-9d91-df6f390f3788,200,1,6578.490,3efccdc8-7c09-4fd5-b3ec-af550d9ffdd5
2026-07-22T15:26:11.741Z,GET,/work/130b194a-5733-461f-8368-564e0a530df2,200,1,3157.250,bb83aaad-ded3-47d8-9e69-f295555aa532
2026-07-22T15:26:09.350Z,GET,/orders/?page=1&pageSize=10,200,1,5549.922,06bf11e9-c687-4f77-8d47-648cb7745484
2026-07-22T15:26:13.884Z,GET,/work/47ec7d1c-550d-4f68-a20c-ca7ace59e2eb,200,1,1046.625,27330520-4bc1-42d0-995e-bf09cf522b8f
2026-07-22T15:26:14.114Z,GET,/users/93678e6e-506a-432d-b0d9-a7aba055e1d9,200,1,829.450,893682b6-3adc-4e41-aa2c-87dee58a6dd4
2026-07-22T15:26:12.506Z,GET,/orders/ce4e4525-7ae1-4b95-a68c-fcb5759309fb,200,1,2444.103,07515669-85e4-41ff-8cbc-f1ef817e78aa
2026-07-22T15:26:11.748Z,GET,/cars/?page=1&pageSize=10,200,1,3206.227,48bb2b19-27d8-4737-bb17-0e0eef81836b
2026-07-22T15:26:14.491Z,GET,/users/?page=1&pageSize=10,200,1,485.475,a6945be8-4fc5-44ad-ba14-06999872b11f
2026-07-22T15:26:07.820Z,GET,/cars/ace1a0c2-8a88-4c62-bae7-b438def83076,200,1,7188.283,22b2c1fe-961c-4499-8983-7d9bf6b3a573
2026-07-22T15:26:13.712Z,GET,/customers/c94beab5-2bd4-4ae6-a31b-05211277fc17,200,1,1296.863,79108a6d-3bf0-4b11-9e89-358e1ab3aa22
2026-07-22T15:26:11.995Z,GET,/orders/ce4e4525-7ae1-4b95-a68c-fcb5759309fb,200,1,3027.583,af0e3500-fe14-43f6-b84f-959aaf39e3d5
2026-07-22T15:26:14.902Z,PATCH,/users/change-password,200,1,130.903,d2110979-3e97-48bb-8633-4025e0217de0
2026-07-22T15:26:12.088Z,GET,/customers/?page=1&pageSize=10,200,1,3032.995,a61b16aa-0ed6-4021-9cf4-e70716d635dc
2026-07-22T15:26:09.459Z,GET,/work/130b194a-5733-461f-8368-564e0a530df2,200,1,5671.021,5aada317-99ea-44c7-bffb-d4c84b86c8f9
2026-07-22T15:26:10.130Z,GET,/work/?page=1&pageSize=10,200,1,5002.407,f4867253-12d4-4f24-9ea3-65f1222dcfd2
2026-07-22T15:26:13.472Z,GET,/workers/?page=1&pageSize=10,200,1,1683.077,a5000d49-3208-4174-9461-56a11e81cb80
2026-07-22T15:26:11.988Z,GET,/workers/d15ef65c-1041-4721-9e6f-e8e65ad54918,200,1,3167.107,d0e9830c-7ff2-4fe3-b364-67360eefca31
2026-07-22T15:26:10.786Z,GET,/users/?page=1&pageSize=10,200,1,4433.050,fa3d509d-d23a-483f-ac74-bed582baa7f5
2026-07-22T15:26:07.432Z,GET,/cars/ace1a0c2-8a88-4c62-bae7-b438def83076,200,1,7816.336,e4719122-6bfb-496c-857b-0ac35c73abef
2026-07-22T15:26:11.815Z,GET,/workers/?page=1&pageSize=10,200,1,3456.142,75ab4022-ddf8-4fd0-836d-61fa46a406fb
2026-07-22T15:26:08.485Z,GET,/work/185f9cb2-4797-48fa-a253-3e2b6f9f95a8,200,1,6793.275,3bfb1036-6342-4145-9e83-49f82b2b3d08
2026-07-22T15:26:07.897Z,GET,/users/354cd0e9-b04f-45cc-98a9-4b0e6de6cb6b,200,1,7471.038,d6d34c20-f103-4633-ab05-b33d926de0ca
2026-07-22T15:26:15.369Z,GET,/users/?page=1&pageSize=10,0,0,2.573,
2026-07-22T15:26:13.962Z,GET,/cars/33cae311-fe8e-45e4-a1aa-6519ac677ef3,200,1,1413.535,1263b5d3-097d-49d4-8ef2-c8e6fa910aae
2026-07-22T15:26:14.522Z,GET,/workers/d15ef65c-1041-4721-9e6f-e8e65ad54918,200,1,869.513,d51842d9-4308-4e56-ab33-6546b774a568
2026-07-22T15:26:09.493Z,GET,/cars/?page=1&pageSize=10,200,1,5910.645,292fdd5d-c0aa-444b-9737-a676387fda6c
2026-07-22T15:26:15.279Z,POST,/orders/,200,1,136.028,3ccafd99-fa86-479e-85e5-5a86cffbb0f2
2026-07-22T15:26:14.732Z,GET,/cars/33cae311-fe8e-45e4-a1aa-6519ac677ef3,200,1,718.312,9b0c4abe-439b-4e0b-95e3-29546e7ed88c
2026-07-22T15:26:07.280Z,GET,/cars/?page=1&pageSize=10,200,1,8177.183,11a49f02-9218-4848-9249-9f654a00d811
2026-07-22T15:26:10.336Z,GET,/customers/dd73a830-ece4-4be5-8292-4761f9896ba9/with-cars,200,1,5130.930,e181d945-9a1d-482c-8b5e-b037b20ba753
2026-07-22T15:26:11.711Z,GET,/users/?page=1&pageSize=10,200,1,3800.455,272b3942-ae00-4379-96a5-8b551520d4a4
2026-07-22T15:26:11.487Z,GET,/users/?page=1&pageSize=10,200,1,4066.854,5a12d5ee-d4b5-4b27-a7c2-47a6d7b2217c
2026-07-22T15:26:11.213Z,GET,/workers/?page=1&pageSize=10,200,1,4369.338,b40446ae-a479-466e-833f-37267a0b0fb0
2026-07-22T15:26:11.456Z,GET,/workers/d15ef65c-1041-4721-9e6f-e8e65ad54918,200,1,4193.975,ca188aaa-0c09-4a57-9d77-bcbe020f8267
2026-07-22T15:26:14.998Z,GET,/work/130b194a-5733-461f-8368-564e0a530df2,200,1,710.835,427e1ee1-aaa7-487a-b483-8c5b1a1a58c5
2026-07-22T15:26:10.310Z,GET,/orders/?page=1&pageSize=10,200,1,5413.635,972ce3de-9f20-4bd2-a65e-aaf15e6cb831
2026-07-22T15:26:14.117Z,GET,/work/?page=1&pageSize=10,200,1,1647.282,1c03d49f-3cfd-4bca-9754-f76f99c304e5
2026-07-22T15:26:14.105Z,GET,/cars/?page=1&pageSize=10,200,1,1670.844,bc7fca1c-12c1-437e-b958-4b87ba8259ea
2026-07-22T15:26:13.413Z,GET,/workers/?page=1&pageSize=10,200,1,2365.056,325a0bc1-212a-4fc7-860b-0fa6dbdd09b0
2026-07-22T15:26:11.460Z,GET,/customers/dd73a830-ece4-4be5-8292-4761f9896ba9,200,1,4322.578,3775b8fa-0a6b-4aae-bc30-593190a074ba
2026-07-22T15:26:11.136Z,GET,/work/?page=1&pageSize=10,200,1,4696.847,b1ec8ade-e916-4335-8200-1cebbf8a30e9
2026-07-22T15:26:08.012Z,GET,/cars/ace1a0c2-8a88-4c62-bae7-b438def83076,200,1,7911.468,3fe16c26-811e-49d1-a3a6-3f6a450105fd
2026-07-22T15:26:13.167Z,GET,/customers/?page=1&pageSize=10,200,1,2760.942,147d0034-d437-4c27-89a0-eedb8626c6fc
2026-07-22T15:26:09.509Z,GET,/customers/dd73a830-ece4-4be5-8292-4761f9896ba9,200,1,6427.921,6820abe1-49d4-4735-ae46-9d71e37a3e18
2026-07-22T15:26:15.507Z,GET,/users/c5542ffe-53f3-4cd8-a498-b92ed90d410f,200,1,614.103,10f8d59c-12c9-43bb-869d-77c1f757cd42
2026-07-22T15:26:13.564Z,GET,/users/?page=1&pageSize=10,200,1,2594.229,71eac49b-8ab0-4a3e-b8c7-6b42cca70f31
2026-07-22T15:26:06.971Z,GET,/work/?page=1&pageSize=10,200,1,9283.352,85c2f95e-65e1-42a3-9b7e-655b60bd1b98
2026-07-22T15:26:11.701Z,GET,/work/47ec7d1c-550d-4f68-a20c-ca7ace59e2eb,200,1,4561.572,e07cd68c-a9b6-4fea-b996-0740b73f3ae7
2026-07-22T15:26:12.272Z,GET,/workers/d15ef65c-1041-4721-9e6f-e8e65ad54918,200,1,4002.285,02488534-8cf3-4b26-a9bc-eb2d5e907d8b
2026-07-22T15:26:14.896Z,GET,/customers/dd73a830-ece4-4be5-8292-4761f9896ba9,200,1,1404.801,f75bb283-86ad-4f6a-b1ac-655f77b9e9f0
2026-07-22T15:26:12.973Z,GET,/workers/d15ef65c-1041-4721-9e6f-e8e65ad54918,200,1,3370.118,61b7e542-38a9-4c32-ac3f-787801f229d2
2026-07-22T15:26:11.706Z,GET,/users/354cd0e9-b04f-45cc-98a9-4b0e6de6cb6b,200,1,4661.427,6b75aa11-4bcf-4542-9afa-2480ce82321f
2026-07-22T15:26:14.549Z,GET,/customers/?page=1&pageSize=10,200,1,1820.816,9b72b4e6-cb69-451c-9b32-90d62a6fb847
2026-07-22T15:26:06.723Z,GET,/orders/?page=1&pageSize=10,200,1,9665.846,fd116f2c-d890-4a33-ac15-f2aa62208e16
2026-07-22T15:26:07.495Z,GET,/workers/304a0fb4-b5e6-43e2-a72f-30524e8d7d50,200,1,8918.565,54344636-6d2a-4d38-b371-5ba03ffe01ed
2026-07-22T15:26:15.337Z,GET,/workers/?page=1&pageSize=10,200,1,1100.915,5ad231e5-d121-4fe1-be25-156cde8d0f93
2026-07-22T15:26:16.318Z,PATCH,/cars/record-mileage,200,1,130.915,9154b937-ce8d-4c36-a948-9f84f5d7f607
2026-07-22T15:26:14.659Z,GET,/users/c5542ffe-53f3-4cd8-a498-b92ed90d410f,200,1,1792.829,3dee86e0-73d8-41a2-82ae-6bd48656ed0c
2026-07-22T15:26:12.761Z,GET,/customers/?page=1&pageSize=10,200,1,3708.709,4a2ee8e9-5bfe-4c82-859d-6cfe2301875c
2026-07-22T15:26:16.369Z,PATCH,/cars/record-mileage,200,1,117.984,71d4f9ed-1b8c-4d62-aaf5-4d77e2c260fc
2026-07-22T15:26:15.307Z,GET,/work/?page=1&pageSize=10,200,1,1201.694,cb454191-50bd-4cf3-b368-6a8b71e31828
2026-07-22T15:26:07.443Z,GET,/cars/ace1a0c2-8a88-4c62-bae7-b438def83076,200,1,9132.902,0d846d0b-a03f-4c1e-b09a-2d0c0162d5ba
2026-07-22T15:26:12.138Z,GET,/orders/ce4e4525-7ae1-4b95-a68c-fcb5759309fb,200,1,4457.543,b58d56f8-d763-415c-a789-bb9608807b9d
2026-07-22T15:26:11.488Z,GET,/cars/?page=1&pageSize=10,200,1,5258.659,c72767a6-fdbd-48f2-9404-335a9eecb8ed
2026-07-22T15:26:10.256Z,GET,/customers/?page=1&pageSize=10,200,1,6580.493,b2b0d72f-ee9e-4c03-aef5-a454286b0281
2026-07-22T15:26:16.456Z,PATCH,/workers/change-hourly-rate,200,1,459.118,6ad9cdb8-6a94-4965-8f14-c69a81795ccc
2026-07-22T15:26:12.468Z,GET,/orders/?page=1&pageSize=10,200,1,4479.848,ffbe373f-909a-4c33-b681-e1793ff072f8
2026-07-22T15:26:10.799Z,GET,/work/?page=1&pageSize=10,200,1,6251.472,f3395f32-89fb-47de-9582-34ac379cdb2b
2026-07-22T15:26:16.931Z,PATCH,/workers/change-hourly-rate,200,1,131.221,974e1bea-d8ed-436d-a505-535914f013fc
2026-07-22T15:26:15.751Z,GET,/orders/?page=1&pageSize=10,200,1,1313.448,642e1cda-e684-4d50-8946-03c50f983374
2026-07-22T15:26:16.855Z,PATCH,/workers/change-hourly-rate,200,1,284.965,3a5e0c1f-654e-4dce-a82a-b6262e12d945
2026-07-22T15:26:16.061Z,GET,/orders/?page=1&pageSize=10,200,1,1087.253,cedefe45-19eb-48e0-8f9c-a2765d4835db
2026-07-22T15:26:16.895Z,PATCH,/workers/change-hourly-rate,200,1,256.729,b543bd82-1b7a-4ec3-8ba8-808c3fb7a451
2026-07-22T15:26:15.860Z,GET,/users/?page=1&pageSize=10,200,1,1303.099,f0eadf4f-8648-43fd-8eb8-9406e823d39f
2026-07-22T15:26:12.366Z,GET,/cars/ace1a0c2-8a88-4c62-bae7-b438def83076,200,1,4829.224,78c95423-a99a-4de3-a41c-fbdae20987f7
2026-07-22T15:26:10.042Z,GET,/workers/d15ef65c-1041-4721-9e6f-e8e65ad54918,200,1,7158.132,3acf183f-13fe-4919-adb0-18c26125c1f4
2026-07-22T15:26:13.109Z,GET,/cars/ace1a0c2-8a88-4c62-bae7-b438def83076,200,1,4113.422,98aa55d9-b505-449f-93a5-80ec0bb3e178
2026-07-22T15:26:08.641Z,GET,/customers/dd73a830-ece4-4be5-8292-4761f9896ba9,200,1,8609.828,08e0ea53-e592-413a-ad35-a756558bcfe5
2026-07-22T15:26:17.141Z,PATCH,/customers/rename,200,1,122.603,ba0c3ef6-2c9d-4e0d-aecb-6977f726fc79
2026-07-22T15:26:15.004Z,GET,/customers/dd73a830-ece4-4be5-8292-4761f9896ba9,200,1,2337.071,abf8ac37-b55e-4665-90f9-de46c26b6b9d
2026-07-22T15:26:11.497Z,GET,/workers/d15ef65c-1041-4721-9e6f-e8e65ad54918,200,1,5849.370,d80f6dc4-075c-4ee1-a52b-d59da0aee039
2026-07-22T15:26:12.093Z,GET,/cars/ace1a0c2-8a88-4c62-bae7-b438def83076,200,1,5262.661,5ebd0a65-764b-4361-a3d1-a5a553572380
2026-07-22T15:26:11.990Z,GET,/cars/?page=1&pageSize=10,200,1,5368.941,d95737ea-d329-44e5-a867-02d06e983917
2026-07-22T15:26:15.325Z,GET,/orders/2fdeb779-be2d-481b-9580-a8856423d736,200,1,2070.184,55ccfe80-9b2e-4896-a94a-238127bc2ae0
2026-07-22T15:26:14.718Z,GET,/customers/c94beab5-2bd4-4ae6-a31b-05211277fc17/with-cars,200,1,2697.717,06ae7545-5056-471d-8fc7-f311aec463bb
2026-07-22T15:26:17.350Z,POST,/work/,200,1,130.565,1bc12d35-1115-49b7-b012-ff520d0bef84
2026-07-22T15:26:17.376Z,PATCH,/orders/apply-discount,200,1,125.533,9be7c643-008d-4b71-bb79-aa2f375ef7f6
2026-07-22T15:26:11.746Z,GET,/customers/dd73a830-ece4-4be5-8292-4761f9896ba9/with-cars,200,1,5759.987,df72a622-06d7-449e-a804-942e6f631573
2026-07-22T15:26:16.059Z,GET,/cars/ace1a0c2-8a88-4c62-bae7-b438def83076,200,1,1519.686,8be66022-5c22-4cba-9d17-4dc90828df1e
2026-07-22T15:26:13.722Z,GET,/customers/c94beab5-2bd4-4ae6-a31b-05211277fc17/with-cars,200,1,3857.400,5644dda9-69aa-41c2-8a77-7fabd0bb04be
2026-07-22T15:26:11.075Z,GET,/work/47ec7d1c-550d-4f68-a20c-ca7ace59e2eb,200,1,6511.991,6e86b563-d27c-41e1-bd99-78b866904e13
2026-07-22T15:26:15.267Z,GET,/users/?page=1&pageSize=10,200,1,2352.842,6c50a186-0ef6-4cc2-b144-37d4ad9fe6ab
2026-07-22T15:26:10.605Z,GET,/cars/ace1a0c2-8a88-4c62-bae7-b438def83076,200,1,7021.919,848ff302-feb7-44c3-8af7-33b3b27e8e2c
2026-07-22T15:26:17.627Z,GET,/workers/304a0fb4-b5e6-43e2-a72f-30524e8d7d50,0,0,0.971,
2026-07-22T15:26:12.421Z,GET,/customers/?page=1&pageSize=10,200,1,5229.863,0ba17338-e9e7-4ca1-bdc1-ab634021e805
2026-07-22T15:26:15.535Z,GET,/customers/?page=1&pageSize=10,200,1,2123.507,62cdbffb-2227-4af9-8b03-ca5bb1aa5a3d
2026-07-22T15:26:12.781Z,GET,/users/?page=1&pageSize=10,200,1,4897.000,978ac618-031d-40f4-9b13-5202bd1dfbc7
2026-07-22T15:26:11.189Z,GET,/cars/?page=1&pageSize=10,200,1,6523.296,c8123566-0674-4b60-953d-bb8be65d9388
2026-07-22T15:26:10.687Z,GET,/customers/?page=1&pageSize=10,200,1,7027.220,7f04d9d1-d5fe-4da7-8518-f4ed9ef0461b
2026-07-22T15:26:15.729Z,GET,/orders/?page=1&pageSize=10,200,1,2002.926,579c2f40-565d-4883-ae51-a6f7acb8cdfe
2026-07-22T15:26:11.127Z,GET,/users/93678e6e-506a-432d-b0d9-a7aba055e1d9,200,1,6617.546,5e6dcf5f-cdda-45b9-bb00-8649557ac5d1
2026-07-22T15:26:13.982Z,GET,/work/aa978a1c-cb70-4a47-91e8-9848f9370c9c,200,1,3767.535,1ff63883-d2d2-4489-a06a-d8c9f7a3161e
2026-07-22T15:26:15.699Z,GET,/work/aa978a1c-cb70-4a47-91e8-9848f9370c9c,200,1,2089.578,36667475-0baf-4bea-a46b-6dcc4ce25353
2026-07-22T15:26:17.533Z,POST,/orders/,200,1,264.008,da3996b2-28c2-4c84-aaa2-99f6da65d3cf
2026-07-22T15:26:17.187Z,GET,/customers/dd73a830-ece4-4be5-8292-4761f9896ba9/with-cars,200,1,611.857,13ab7f2b-2abc-4f28-ab4a-3408ebddee67
2026-07-22T15:26:09.214Z,GET,/customers/dd73a830-ece4-4be5-8292-4761f9896ba9/with-cars,200,1,8590.025,686e69c0-4076-499a-aa79-c64e7f183ec3
2026-07-22T15:26:15.822Z,GET,/customers/c94beab5-2bd4-4ae6-a31b-05211277fc17/with-cars,200,1,2027.902,fc4c6b48-9c0f-4132-85c3-a2db63750ed2
2026-07-22T15:26:13.646Z,GET,/workers/?page=1&pageSize=10,200,1,4206.413,8dfd0408-50c2-4437-b38a-aea646763bc5
2026-07-22T15:26:11.890Z,GET,/orders/?page=1&pageSize=10,200,1,5984.805,85173b95-eb25-4bf8-8ba6-7772c4eca3ec
2026-07-22T15:26:16.735Z,GET,/work/47ec7d1c-550d-4f68-a20c-ca7ace59e2eb,200,1,1200.297,daba1ecb-e733-40c3-911c-a7feaadd6e8b
2026-07-22T15:26:12.083Z,GET,/customers/dd73a830-ece4-4be5-8292-4761f9896ba9/with-cars,200,1,5863.156,42e9be2a-3ef8-4ae1-b566-2465888a28c0
2026-07-22T15:26:15.879Z,GET,/customers/?page=1&pageSize=10,200,1,2099.871,2a8cc567-4b0d-48b8-905d-70cef7d35bab
2026-07-22T15:26:11.757Z,GET,/workers/d15ef65c-1041-4721-9e6f-e8e65ad54918,200,1,6237.206,b3ecd9df-624d-4e84-b050-24bfedb54307
2026-07-22T15:26:12.956Z,GET,/users/?page=1&pageSize=10,200,1,5075.974,953ee4d1-9334-4ee6-a5aa-084a75ca729e
2026-07-22T15:26:15.364Z,GET,/work/aa978a1c-cb70-4a47-91e8-9848f9370c9c,200,1,2670.345,c54084ef-ef99-40b8-bb13-bf59102a8c37
2026-07-22T15:26:15.432Z,GET,/work/?page=1&pageSize=10,200,1,2616.010,69256cc8-7745-40c5-93ee-bc4cda70ad47
2026-07-22T15:26:11.878Z,GET,/customers/c94beab5-2bd4-4ae6-a31b-05211277fc17,200,1,6201.565,9ae388a9-3c78-4703-a164-9c89ce33a60f
2026-07-22T15:26:15.955Z,GET,/workers/?page=1&pageSize=10,200,1,2126.231,7a7ecf1f-c2fd-4022-88ea-822ff7f4de68
2026-07-22T15:26:11.644Z,GET,/customers/dd73a830-ece4-4be5-8292-4761f9896ba9/with-cars,200,1,6481.716,2a981b66-b199-4b08-b5fb-2946f7fa07b3
2026-07-22T15:26:10.656Z,GET,/workers/d15ef65c-1041-4721-9e6f-e8e65ad54918,200,1,7556.019,8de0a629-6e0b-4eee-b614-3cb4f4419f22
2026-07-22T15:26:11.387Z,GET,/work/?page=1&pageSize=10,200,1,6843.275,96d984af-bdd1-46e9-bed8-04333e7a4875
2026-07-22T15:26:09.542Z,GET,/users/?page=1&pageSize=10,200,1,8736.997,2890ca00-4243-438f-acd3-8c2497b3d615
2026-07-22T15:26:13.060Z,GET,/customers/?page=1&pageSize=10,200,1,5219.867,e31b9efb-8a17-40c7-8c76-e011f1ed9ac6
2026-07-22T15:26:11.813Z,GET,/customers/dd73a830-ece4-4be5-8292-4761f9896ba9/with-cars,200,1,6468.054,d949b2b3-4a87-4318-acd8-84043fb13912
2026-07-22T15:26:18.162Z,PATCH,/work/change-description,200,1,128.441,4840a6ea-2494-4203-b95b-4ded6b38d3ad
2026-07-22T15:26:17.186Z,GET,/customers/?page=1&pageSize=10,200,1,1111.593,a38f0348-b527-4281-8035-b121274a60a1
2026-07-22T15:26:10.529Z,GET,/orders/1bb40596-8485-45cb-9d91-df6f390f3788,200,1,7808.423,29228ef9-3e7e-49a0-b9ac-21325f673434
2026-07-22T15:26:13.425Z,GET,/cars/ace1a0c2-8a88-4c62-bae7-b438def83076,200,1,4914.521,8e7cb48c-ad46-47d8-bfbd-08e66e430d69
2026-07-22T15:26:13.782Z,GET,/customers/c94beab5-2bd4-4ae6-a31b-05211277fc17/with-cars,200,1,4646.906,e8062076-2967-4b4c-8f38-fb9031073d46
2026-07-22T15:26:17.641Z,GET,/customers/dd73a830-ece4-4be5-8292-4761f9896ba9/with-cars,200,1,849.785,4ff88320-b542-46ae-9067-5fa763f7511f
2026-07-22T15:26:11.696Z,GET,/cars/?page=1&pageSize=10,200,1,6817.446,f29b1dd7-b592-4dce-974d-2cf9f2e10fa5
2026-07-22T15:26:10.426Z,GET,/customers/dd73a830-ece4-4be5-8292-4761f9896ba9/with-cars,200,1,8115.296,d9a203bb-0a0e-4e61-9a6b-f5604ebbc0c9
2026-07-22T15:26:18.406Z,PATCH,/orders/set-priority,200,1,136.784,28f67d05-236c-484e-8f33-fcf23705ccb6
2026-07-22T15:26:17.565Z,GET,/orders/2fdeb779-be2d-481b-9580-a8856423d736,200,1,988.591,6071eb73-bd5f-4079-bdd4-d9e1e172cbb2
2026-07-22T15:26:09.222Z,GET,/customers/c94beab5-2bd4-4ae6-a31b-05211277fc17,200,1,9353.325,c179ae84-07f3-4edc-a05c-181fb4acdf3c
2026-07-22T15:26:11.152Z,GET,/cars/?page=1&pageSize=10,200,1,7438.639,8bee1043-8c78-4e0f-a453-13d7d939d02f
2026-07-22T15:26:14.011Z,GET,/orders/?page=1&pageSize=10,200,1,4587.508,98daba07-d08e-4b8a-ad6d-9b310398040c
2026-07-22T15:26:18.171Z,PATCH,/customers/change-contacts,200,1,430.826,6e0936d6-a48e-47c3-9b01-c8bfb3223467
2026-07-22T15:26:14.800Z,GET,/workers/d15ef65c-1041-4721-9e6f-e8e65ad54918,200,1,3813.264,1cc9f434-e24b-4b72-8c6b-c5623e16ec51
2026-07-22T15:26:15.126Z,GET,/work/185f9cb2-4797-48fa-a253-3e2b6f9f95a8,200,1,3496.190,6bb961a9-33d2-419f-8af9-e1f573b994f5
2026-07-22T15:26:18.374Z,PATCH,/orders/apply-discount,200,1,249.146,9c863816-d22e-4a48-bcdc-afedd9680b57
2026-07-22T15:26:17.551Z,GET,/cars/ace1a0c2-8a88-4c62-bae7-b438def83076,200,1,1105.082,fe169ed9-1c63-4f4f-82ff-8cf54d4011dc
2026-07-22T15:26:08.621Z,GET,/work/?page=1&pageSize=10,200,1,10056.674,6e61204d-87b3-4d7f-a323-20c1a6737826
2026-07-22T15:26:13.877Z,GET,/cars/ace1a0c2-8a88-4c62-bae7-b438def83076,200,1,4882.312,ddaad00a-0223-435f-bd57-13c8c3ec6412
2026-07-22T15:26:16.826Z,GET,/work/?page=1&pageSize=10,200,1,1950.736,918828b4-b06b-41e6-8672-a40123d6752f
2026-07-22T15:26:17.560Z,GET,/customers/?page=1&pageSize=10,200,1,1230.302,0b652b04-64a1-43cc-98c9-932875aacf4d
2026-07-22T15:26:15.815Z,GET,/orders/?page=1&pageSize=10,200,1,2990.118,ef2b8c0c-90f4-4174-992a-b91f581b5664
2026-07-22T15:26:18.673Z,PATCH,/work/set-estimate,200,1,177.585,6e9e1c42-f59d-43cb-9dde-73ba16f300f8
2026-07-22T15:26:12.900Z,GET,/workers/?page=1&pageSize=10,200,1,6072.325,c4da946c-c2ae-423d-83fb-d06fd1bba4e2
2026-07-22T15:26:11.624Z,GET,/cars/ace1a0c2-8a88-4c62-bae7-b438def83076,200,1,7404.084,2c3862d9-4625-4656-b71f-c98784809be3
2026-07-22T15:26:18.197Z,GET,/customers/c94beab5-2bd4-4ae6-a31b-05211277fc17,200,1,844.814,bd2028d5-a94f-45ad-aa0a-e1b363629900
2026-07-22T15:26:15.310Z,GET,/users/354cd0e9-b04f-45cc-98a9-4b0e6de6cb6b,200,1,3745.763,f7c8da3e-3a86-4de0-bfa8-21f3793d24dd
2026-07-22T15:26:13.763Z,GET,/workers/?page=1&pageSize=10,200,1,5320.718,e8c32a5d-3a3e-4d38-91c4-b547b139e117
2026-07-22T15:26:18.509Z,GET,/customers/c94beab5-2bd4-4ae6-a31b-05211277fc17/with-cars,200,1,595.987,80b3b0dd-872c-44b3-b5bd-7452302a86a3
2026-07-22T15:26:18.982Z,PATCH,/orders/set-priority,200,1,133.902,0ff997a7-fc36-447c-b895-286a90b6bf45
2026-07-22T15:26:16.822Z,GET,/workers/d15ef65c-1041-4721-9e6f-e8e65ad54918,200,1,2293.771,b3742f47-37ed-4ee9-99b6-fd0a8ba66d5d
2026-07-22T15:26:08.365Z,GET,/orders/ce4e4525-7ae1-4b95-a68c-fcb5759309fb,200,1,10759.582,5b0d46e9-85af-42a0-89bb-e6192e53cfa2
2026-07-22T15:26:15.430Z,GET,/work/?page=1&pageSize=10,200,1,3712.313,001b9461-5a90-40f6-8784-ad69dc19acb1
2026-07-22T15:26:11.265Z,GET,/work/130b194a-5733-461f-8368-564e0a530df2,200,1,7906.851,1c691a4d-e40e-40dc-832e-97c7dc9257ba
2026-07-22T15:26:12.633Z,GET,/orders/?page=1&pageSize=10,200,1,6592.225,df5282c8-8bec-4ff2-8727-a426551cc901
2026-07-22T15:26:13.184Z,GET,/workers/d15ef65c-1041-4721-9e6f-e8e65ad54918,200,1,6080.065,a9f5f1cd-2eb9-4285-8eb6-9670821fa7e5
2026-07-22T15:26:12.951Z,GET,/cars/?page=1&pageSize=10,200,1,6385.376,39b82151-9c91-4ff4-a29b-110f14051fa4
2026-07-22T15:26:12.913Z,GET,/work/?page=1&pageSize=10,200,1,6431.333,0b7a58e5-623e-4049-bec8-a9ab9659d6fc
2026-07-22T15:26:12.282Z,GET,/customers/?page=1&pageSize=10,200,1,7070.115,6b851cc0-613a-458d-940c-0b155812c51d
2026-07-22T15:26:14.637Z,GET,/cars/ace1a0c2-8a88-4c62-bae7-b438def83076,200,1,4752.116,774b1e91-f3e5-49a2-b1ca-e5db4dc84865
2026-07-22T15:26:19.275Z,POST,/cars/,200,1,135.725,85510a4f-bb82-4960-a421-4d5671fa10ab
2026-07-22T15:26:13.103Z,GET,/users/93678e6e-506a-432d-b0d9-a7aba055e1d9,200,1,6318.928,8f0f33a9-2ef7-44a0-a703-752225ef9231
2026-07-22T15:26:18.647Z,GET,/work/?page=1&pageSize=10,200,1,824.893,6ac7cd67-8f7e-40fd-b54a-d4a3c808bc33
2026-07-22T15:26:11.196Z,GET,/customers/c94beab5-2bd4-4ae6-a31b-05211277fc17,200,1,8278.094,a7ae9f6b-df54-40eb-ad67-391d2366bbeb
2026-07-22T15:26:16.721Z,GET,/cars/ace1a0c2-8a88-4c62-bae7-b438def83076,200,1,2777.739,99fa414b-85c5-4187-aa1d-735d6b907fbd
2026-07-22T15:26:13.242Z,GET,/customers/?page=1&pageSize=10,200,1,6259.544,7e984117-e284-48ac-9924-9a3f79f0ae46
2026-07-22T15:26:14.341Z,GET,/cars/ace1a0c2-8a88-4c62-bae7-b438def83076,200,1,5169.364,c7ebec23-71a4-410e-b5d0-85e6c4fe1048
2026-07-22T15:26:13.235Z,GET,/cars/?page=1&pageSize=10,200,1,6293.082,8ccc10fe-1c29-4829-bc28-578d9683735b
2026-07-22T15:26:18.256Z,GET,/orders/?page=1&pageSize=10,200,1,1317.203,035cfead-a6b4-4825-b7f7-a664ec2095f5
2026-07-22T15:26:19.449Z,PATCH,/customers/rename,200,1,138.919,21af0580-763d-475e-a33b-11559ebddf8b
2026-07-22T15:26:11.258Z,GET,/workers/d15ef65c-1041-4721-9e6f-e8e65ad54918,200,1,8334.016,143b4148-54fb-4336-8abe-4040cb418155
2026-07-22T15:26:14.808Z,GET,/workers/d15ef65c-1041-4721-9e6f-e8e65ad54918,200,1,4825.149,eb439e18-801e-4bec-a75c-4809bfaabac8
2026-07-22T15:26:11.853Z,GET,/workers/?page=1&pageSize=10,200,1,7808.873,f92d6b1d-6a06-40e2-9cec-995d2a2073af
2026-07-22T15:26:18.540Z,GET,/work/47ec7d1c-550d-4f68-a20c-ca7ace59e2eb,200,1,1128.344,59712f95-b280-4180-afb4-28fc5274499e
2026-07-22T15:26:12.120Z,GET,/work/47ec7d1c-550d-4f68-a20c-ca7ace59e2eb,200,1,7550.172,a496b60b-05f5-4781-a3e3-6212d568abd5
2026-07-22T15:26:11.554Z,GET,/workers/?page=1&pageSize=10,200,1,8123.341,907d81e7-8e15-462a-969c-d6d50477977d
2026-07-22T15:26:19.554Z,PATCH,/workers/change-hourly-rate,200,1,133.533,79451bf1-66b7-49b3-a20f-45103f2e173e
2026-07-22T15:26:13.813Z,GET,/users/?page=1&pageSize=10,200,1,5880.582,1f1e2a6d-bc43-4692-9f24-e2e9b1d9a337
2026-07-22T15:26:12.846Z,GET,/users/93678e6e-506a-432d-b0d9-a7aba055e1d9,200,1,6863.841,009f8bb4-784f-4f67-8e6d-e66709d8c8b6
2026-07-22T15:26:17.545Z,GET,/workers/304a0fb4-b5e6-43e2-a72f-30524e8d7d50,200,1,2166.326,f6b8c1ae-7819-40fd-b9ef-a435c5ccfb1a
2026-07-22T15:26:12.068Z,GET,/orders/ce4e4525-7ae1-4b95-a68c-fcb5759309fb,200,1,7679.530,060af4a6-6b51-418f-b333-f10b2d16f0dd
2026-07-22T15:26:16.043Z,GET,/users/?page=1&pageSize=10,200,1,3719.656,c48765f2-eff4-42e9-97ad-e1ee1153a0bd
2026-07-22T15:26:13.336Z,GET,/customers/?page=1&pageSize=10,200,1,6429.233,8394b79a-f20d-4072-bc68-776395025a05
2026-07-22T15:26:18.784Z,GET,/work/47ec7d1c-550d-4f68-a20c-ca7ace59e2eb,200,1,986.392,79f1bb4a-cc7f-408c-ba9f-21e04f85f153
2026-07-22T15:26:14.288Z,GET,/cars/?page=1&pageSize=10,200,1,5494.678,12532105-df53-49e2-ba74-44863828c125
2026-07-22T15:26:13.327Z,GET,/orders/2fdeb779-be2d-481b-9580-a8856423d736,200,1,6474.205,2ef5f83c-effc-4395-b7bc-8fb1309dc012
2026-07-22T15:26:11.396Z,GET,/cars/?page=1&pageSize=10,200,1,8471.172,10f8ba54-19c7-4b04-a953-da5c7cb10013
2026-07-22T15:26:15.692Z,GET,/orders/2fdeb779-be2d-481b-9580-a8856423d736,200,1,4205.911,97359d32-8ff4-4b31-a5c9-9101dc6d01d9
2026-07-22T15:26:15.444Z,GET,/workers/?page=1&pageSize=10,200,1,4459.742,fbf94fdc-226d-4f90-a8ca-2af20e93500d
2026-07-22T15:26:19.078Z,GET,/workers/304a0fb4-b5e6-43e2-a72f-30524e8d7d50,200,1,884.841,be0e36b5-cbe8-48d8-895c-6965c73a7a39
2026-07-22T15:26:19.485Z,GET,/users/?page=1&pageSize=10,200,1,496.978,54f65ce3-5164-49a4-8858-a40d744c7d26
2026-07-22T15:26:16.767Z,GET,/work/130b194a-5733-461f-8368-564e0a530df2,200,1,3215.715,ff3ffb8f-4dc1-468d-858c-6b4c283ccf07
2026-07-22T15:26:13.318Z,GET,/work/130b194a-5733-461f-8368-564e0a530df2,200,1,6678.214,8b7500af-370a-4f4e-8ca6-6f8a8c600b37
2026-07-22T15:26:15.660Z,GET,/cars/?page=1&pageSize=10,200,1,4345.257,0206f6cf-6eb5-4aa4-89e7-2e7ef504213c
2026-07-22T15:26:10.848Z,GET,/orders/?page=1&pageSize=10,200,1,9167.081,6879efda-3dbe-4445-aa01-0c1c64b76d2d
2026-07-22T15:26:16.365Z,GET,/workers/?page=1&pageSize=10,200,1,3652.290,68a493ef-8cae-4145-9a48-a23a061dd048
2026-07-22T15:26:11.223Z,GET,/workers/?page=1&pageSize=10,200,1,8798.386,59de87d9-1757-4c15-8c96-4f8680c00c7f
2026-07-22T15:26:11.533Z,GET,/workers/?page=1&pageSize=10,200,1,8488.915,f8f6b435-2a69-440a-8d7f-801e0f403a94
2026-07-22T15:26:11.638Z,GET,/workers/?page=1&pageSize=10,200,1,8400.426,5e711aa6-4e1d-4436-9d78-3291f8c55956
2026-07-22T15:26:18.136Z,GET,/cars/?page=1&pageSize=10,200,1,1943.656,06484a72-1a73-4d9f-b074-7735fd2ddb7f
2026-07-22T15:26:15.833Z,GET,/work/47ec7d1c-550d-4f68-a20c-ca7ace59e2eb,200,1,4252.062,6e8db8a7-7d85-405a-b42f-3a86037da157
2026-07-22T15:26:15.988Z,GET,/workers/d15ef65c-1041-4721-9e6f-e8e65ad54918,200,1,4133.702,1b2d66a1-e0e1-4dd6-b130-2bf5e49e6cce
2026-07-22T15:26:16.192Z,GET,/work/185f9cb2-4797-48fa-a253-3e2b6f9f95a8,200,1,3942.543,f80cd668-8661-40f1-a67c-4e3f19f46831
2026-07-22T15:26:12.725Z,GET,/users/93678e6e-506a-432d-b0d9-a7aba055e1d9,200,1,7420.762,642e700a-1c78-4a5c-914e-a2abe9d86025
2026-07-22T15:26:13.807Z,GET,/users/?page=1&pageSize=10,200,1,6374.067,bba3563e-6f5a-4e56-9070-75810344da3c
2026-07-22T15:26:18.538Z,GET,/orders/ce4e4525-7ae1-4b95-a68c-fcb5759309fb,200,1,1699.988,a11451fb-75e0-4bc2-b15b-ae000de26f6b
2026-07-22T15:26:15.147Z,GET,/customers/c94beab5-2bd4-4ae6-a31b-05211277fc17,200,1,5093.004,90e9cbd7-04e4-4544-a584-eeda1422eddf
2026-07-22T15:26:12.392Z,GET,/orders/?page=1&pageSize=10,200,1,7858.600,5813ee59-26b6-4278-aec6-3d1093882fd4
2026-07-22T15:26:19.117Z,GET,/users/?page=1&pageSize=10,200,1,1145.397,23c40613-949c-4374-9c7d-75392a61f1e6
2026-07-22T15:26:13.536Z,GET,/orders/2fdeb779-be2d-481b-9580-a8856423d736,200,1,6742.957,b90daa28-5ff2-46a7-a41b-6b6cbcb3bbfb
2026-07-22T15:26:19.555Z,GET,/work/?page=1&pageSize=10,200,1,747.090,da99ea1a-6884-4218-90de-dcd4e0a9f0ac
2026-07-22T15:26:18.528Z,GET,/users/c5542ffe-53f3-4cd8-a498-b92ed90d410f,200,1,1811.776,0761caec-a699-4e41-a04a-a2c87e378a65
2026-07-22T15:26:14.669Z,GET,/orders/ce4e4525-7ae1-4b95-a68c-fcb5759309fb,200,1,5681.135,8ba02f12-1e17-4e35-99dd-070afc70d716
2026-07-22T15:26:13.566Z,GET,/work/?page=1&pageSize=10,200,1,6800.326,1e7d3e8c-1b7b-451b-8002-8d038aebd47a
2026-07-22T15:26:14.086Z,GET,/cars/33cae311-fe8e-45e4-a1aa-6519ac677ef3,200,1,6287.696,d61558fa-15e1-499e-ae28-2b00ff530d4c
2026-07-22T15:26:14.052Z,GET,/orders/ce4e4525-7ae1-4b95-a68c-fcb5759309fb,200,1,6465.078,2eac91d9-e36a-49e8-8422-5111897cb91a
2026-07-22T15:26:14.046Z,GET,/work/47ec7d1c-550d-4f68-a20c-ca7ace59e2eb,200,1,6548.532,17be7fcd-4f57-4a3e-9df2-5464c9d96bb3
2026-07-22T15:26:13.789Z,GET,/cars/ace1a0c2-8a88-4c62-bae7-b438def83076,200,1,6812.261,94073815-8d40-4389-912d-890f066153c6
2026-07-22T15:26:20.438Z,PATCH,/workers/change-hourly-rate,200,1,165.674,3564d76d-b207-4de0-a71d-4a540605507c
2026-07-22T15:26:20.325Z,GET,/orders/67071d79-c7bc-49e9-9f20-21a835fd34f7,200,1,394.456,54dc1035-fd4d-4f51-984b-e33d2fce1688
2026-07-22T15:26:18.533Z,GET,/orders/?page=1&pageSize=10,200,1,2193.538,689066ff-b73e-421b-818e-62ed7b3f5a0d
2026-07-22T15:26:19.983Z,GET,/cars/01f960db-569c-47a6-ba6b-f61578b132ba,200,1,748.357,dbf15e9a-e7fd-40e3-aaaa-28110a99ce92
2026-07-22T15:26:18.520Z,GET,/cars/?page=1&pageSize=10,200,1,2212.873,3b932149-88a0-46f9-81ff-ee62129c1513
2026-07-22T15:26:19.772Z,GET,/workers/304a0fb4-b5e6-43e2-a72f-30524e8d7d50,200,1,995.720,e75bfaac-1704-4bc7-a866-75dd89e402cf
2026-07-22T15:26:16.078Z,GET,/users/?page=1&pageSize=10,200,1,4721.294,ac2a4f78-dcf3-46f8-85af-c21e2a37dd3d
2026-07-22T15:26:12.768Z,GET,/customers/dd73a830-ece4-4be5-8292-4761f9896ba9/with-cars,200,1,8057.326,8c3d709b-3312-481d-ae65-6fc9ef733bfa
2026-07-22T15:26:14.049Z,GET,/users/?page=1&pageSize=10,200,1,6838.982,9a7d36bc-3619-4576-adc7-20a77fc41789
2026-07-22T15:26:20.884Z,PATCH,/work/change-title,200,1,123.406,0dc8b6aa-75fb-49b6-8fa5-c09f06850cd7
2026-07-22T15:26:14.181Z,GET,/work/?page=1&pageSize=10,200,1,6827.807,27f07055-2fab-40d0-a9d9-a6ac9dfae246
2026-07-22T15:26:14.496Z,GET,/orders/ce4e4525-7ae1-4b95-a68c-fcb5759309fb,200,1,6521.561,afa88f0d-d59e-4d26-84fd-e571788f75ba
2026-07-22T15:26:21.018Z,GET,/customers/dd73a830-ece4-4be5-8292-4761f9896ba9/with-cars,0,0,1.606,
2026-07-22T15:26:13.353Z,GET,/cars/?page=1&pageSize=10,200,1,7793.520,5180486f-83c4-417f-b596-f54f5b4ea0b0
2026-07-22T15:26:15.801Z,GET,/cars/33cae311-fe8e-45e4-a1aa-6519ac677ef3,200,1,5350.590,f38b0891-1cea-4471-b525-baeaa6d3c552
2026-07-22T15:26:15.500Z,GET,/cars/ace1a0c2-8a88-4c62-bae7-b438def83076,200,1,5710.289,4a161afe-7fca-49a6-bc5f-9ee0677f2f25
2026-07-22T15:26:14.276Z,GET,/work/130b194a-5733-461f-8368-564e0a530df2,200,1,6967.210,2c883b6b-122f-4c76-945b-b7fe8864f16d
2026-07-22T15:26:17.046Z,GET,/cars/?page=1&pageSize=10,200,1,4202.454,f17e1636-5b0d-4e59-98e1-4c669062f1de
2026-07-22T15:26:15.829Z,GET,/work/?page=1&pageSize=10,200,1,5471.184,def32126-8f5b-40e9-8735-054020a2cb4f
2026-07-22T15:26:21.107Z,PATCH,/work/change-description,200,1,239.308,032a3f06-e897-4c19-b9e8-d7469c8ad1b8
2026-07-22T15:26:14.618Z,GET,/orders/1bb40596-8485-45cb-9d91-df6f390f3788,200,1,6743.385,4defd6b5-add8-4e2a-ab58-905b2eb57181
2026-07-22T15:26:12.687Z,GET,/cars/?page=1&pageSize=10,200,1,8697.851,9c73ebde-7f75-4d68-8feb-4a79773dff8e
2026-07-22T15:26:15.865Z,GET,/work/?page=1&pageSize=10,200,1,5540.697,eda7e462-e338-4101-bd05-b64b3d22df48
2026-07-22T15:26:12.171Z,GET,/orders/?page=1&pageSize=10,200,1,9236.938,84b87c9e-7d53-420a-9623-2690be27969e
2026-07-22T15:26:15.183Z,GET,/workers/d15ef65c-1041-4721-9e6f-e8e65ad54918,200,1,6239.172,4178eb69-e081-4bc1-9b42-ce8c37807fc4
2026-07-22T15:26:14.891Z,GET,/workers/?page=1&pageSize=10,200,1,6655.292,6a3d6aab-6fa9-4334-9d18-063d720fa6a0
2026-07-22T15:26:21.291Z,PATCH,/work/change-description,200,1,262.079,9d381652-1dd8-4c07-b731-9f623cea5b4e
2026-07-22T15:26:15.173Z,GET,/cars/?page=1&pageSize=10,200,1,6454.113,c5435fac-00ca-425b-8ebd-928210283808
2026-07-22T15:26:13.627Z,GET,/customers/?page=1&pageSize=10,200,1,8032.388,0824e394-a587-454a-8505-6d1fee66dcf6
2026-07-22T15:26:11.794Z,GET,/users/?page=1&pageSize=10,200,1,9866.254,e2a68633-7d83-4aee-9c88-efa263cac594
2026-07-22T15:26:15.295Z,GET,/customers/dd73a830-ece4-4be5-8292-4761f9896ba9/with-cars,200,1,6374.317,fe58d07e-b27e-4ced-9d93-0426cb56ef79
2026-07-22T15:26:15.809Z,GET,/workers/?page=1&pageSize=10,200,1,5914.424,73518117-7a5e-46f3-9c9c-d9a65375ac0c
2026-07-22T15:26:12.989Z,GET,/users/354cd0e9-b04f-45cc-98a9-4b0e6de6cb6b,200,1,8736.875,0109eeb1-04d9-4325-87e8-a1066019bce7
2026-07-22T15:26:21.469Z,PATCH,/workers/change-hourly-rate,200,1,280.564,3c95f76f-7f28-4e0a-9f3f-49fa809a6b3b
2026-07-22T15:26:19.605Z,GET,/orders/?page=1&pageSize=10,200,1,2153.370,39c2f0a0-9ee7-4b5f-aa4b-ccd3784b3f97
2026-07-22T15:26:20.725Z,GET,/work/aa978a1c-cb70-4a47-91e8-9848f9370c9c,200,1,1085.688,79f678c6-7408-4313-8879-0f4e4584e847
2026-07-22T15:26:20.615Z,GET,/users/?page=1&pageSize=10,200,1,1209.555,1bee0180-b0d4-455f-9fd6-ba132975fb23
2026-07-22T15:26:14.900Z,GET,/work/?page=1&pageSize=10,200,1,6947.425,9e493c7e-dcfb-47af-8703-c7598124c833
2026-07-22T15:26:13.311Z,GET,/orders/2fdeb779-be2d-481b-9580-a8856423d736,200,1,8556.273,8264f267-5050-4ef4-a588-f10e53d61b18
2026-07-22T15:26:20.705Z,GET,/users/354cd0e9-b04f-45cc-98a9-4b0e6de6cb6b,200,1,1167.592,8caf4cce-e34e-4d45-ad39-d9f2c1288ff5
2026-07-22T15:26:14.439Z,GET,/customers/c94beab5-2bd4-4ae6-a31b-05211277fc17,200,1,7445.048,e5ef098a-d5dc-46c2-b63d-b9bccb7d91a9
2026-07-22T15:26:18.986Z,GET,/cars/?page=1&pageSize=10,200,1,2990.158,130fc1c1-28f3-464b-8409-d778d6f98c8e
2026-07-22T15:26:16.056Z,GET,/cars/?page=1&pageSize=10,200,1,5938.122,7538a660-d897-4f30-9ade-d2227e4cdf46
2026-07-22T15:26:15.243Z,GET,/work/130b194a-5733-461f-8368-564e0a530df2,200,1,6763.921,d9fe3582-c2b7-4fcd-bb76-5b5d49b6c292
2026-07-22T15:26:14.931Z,GET,/customers/?page=1&pageSize=10,200,1,7109.863,c577cca9-ee22-4ed5-b15f-27fb2ed89fc4
2026-07-22T15:26:17.301Z,GET,/users/?page=1&pageSize=10,200,1,4742.978,70b80fea-5b92-4b95-bf36-ee59f73991c3
2026-07-22T15:26:13.366Z,GET,/cars/?page=1&pageSize=10,200,1,8711.216,4832a925-5577-4b41-93c8-25646f5783b7
2026-07-22T15:26:15.817Z,GET,/customers/c94beab5-2bd4-4ae6-a31b-05211277fc17/with-cars,200,1,6297.365,3404e980-c88f-404d-bc34-ad626619fbcb
2026-07-22T15:26:11.109Z,GET,/users/?page=1&pageSize=10,200,1,11008.712,7bfad2d8-4b90-4754-ac97-d222226278db
2026-07-22T15:26:21.199Z,GET,/customers/dd73a830-ece4-4be5-8292-4761f9896ba9/with-cars,200,1,983.541,c16011e8-3dea-4263-aaa0-de421647088a
2026-07-22T15:26:21.951Z,POST,/customers/,200,1,265.210,3b3f99e9-ea8e-4aba-aa2b-5086998f1579
2026-07-22T15:26:16.005Z,GET,/work/130b194a-5733-461f-8368-564e0a530df2,200,1,6213.713,b2f3fc51-135c-4fcd-a904-bd522230acf5
2026-07-22T15:26:14.414Z,GET,/customers/c94beab5-2bd4-4ae6-a31b-05211277fc17,200,1,7806.067,40b52c7d-1cf0-473c-9f12-34e65cf41fa7
2026-07-22T15:26:18.403Z,GET,/users/?page=1&pageSize=10,200,1,3838.027,877b8eb6-d7a0-4ff8-94c8-0b20412c9bbf
2026-07-22T15:26:13.609Z,GET,/cars/ace1a0c2-8a88-4c62-bae7-b438def83076,200,1,8655.291,8d818b1f-635d-4a97-a0ba-90b6782cf064
2026-07-22T15:26:20.943Z,GET,/workers/304a0fb4-b5e6-43e2-a72f-30524e8d7d50,200,1,1373.449,c03fe47b-dbf7-4b77-bd67-cc41d83c771d
2026-07-22T15:26:21.196Z,GET,/users/354cd0e9-b04f-45cc-98a9-4b0e6de6cb6b,200,1,1206.068,29aa89f8-5209-47c6-bd3e-8232b6d0366a
2026-07-22T15:26:16.333Z,GET,/work/185f9cb2-4797-48fa-a253-3e2b6f9f95a8,200,1,6106.948,2d37b9a0-c512-49e7-9844-2f855f999040
2026-07-22T15:26:22.202Z,PATCH,/workers/change-role,200,1,250.760,de40faae-6e49-49c9-a109-a08a69a524c5
2026-07-22T15:26:17.298Z,GET,/customers/c94beab5-2bd4-4ae6-a31b-05211277fc17/with-cars,200,1,5172.172,121be619-ad64-4bee-b1a5-223c746b6c68
2026-07-22T15:26:13.098Z,GET,/work/47ec7d1c-550d-4f68-a20c-ca7ace59e2eb,200,1,9380.337,38f27e7e-1d7c-4327-843f-0edc614a3891
2026-07-22T15:26:18.856Z,GET,/cars/ace1a0c2-8a88-4c62-bae7-b438def83076,200,1,3662.736,5722dac6-c2c3-4864-905a-14dc5a0ef65c
2026-07-22T15:26:16.409Z,GET,/orders/144780f5-dee6-4203-88c2-a92271ee6669,200,1,6179.513,c620c392-12ba-4cf1-bed4-996290e78080
2026-07-22T15:26:22.490Z,POST,/customers/,200,1,130.175,3f16a8f6-dca6-4e64-9b24-e0fa3bfdfad7
2026-07-22T15:26:15.810Z,GET,/users/354cd0e9-b04f-45cc-98a9-4b0e6de6cb6b,200,1,6812.620,a9880f48-f6bc-45cd-9793-85c7eff728c9
2026-07-22T15:26:20.964Z,GET,/customers/?page=1&pageSize=10,200,1,1741.443,9ffff069-b87a-4bc2-8d73-3a957dc4424b
2026-07-22T15:26:20.748Z,GET,/customers/?page=1&pageSize=10,200,1,2009.342,c9a9970d-6038-4a35-8ed3-c16295815b97
2026-07-22T15:26:19.257Z,GET,/customers/dd73a830-ece4-4be5-8292-4761f9896ba9,200,1,3515.505,bf3a83e5-4b58-411d-ae48-b02bd7e71b66
2026-07-22T15:26:21.802Z,GET,/workers/?page=1&pageSize=10,200,1,977.516,c1dd9068-b137-49ff-8846-e48991163b1a
2026-07-22T15:26:14.946Z,GET,/cars/?page=1&pageSize=10,200,1,7894.676,c7a07653-4434-4ce3-a66a-40417e048ffa
2026-07-22T15:26:22.727Z,PATCH,/work/change-title,200,1,127.706,637bed96-5b4f-474a-ba78-8345e621135c
2026-07-22T15:26:20.975Z,GET,/workers/d15ef65c-1041-4721-9e6f-e8e65ad54918,200,1,1881.928,6e06eb0c-66dd-4fab-84ad-a4529d738e7d
2026-07-22T15:26:21.646Z,GET,/orders/?page=1&pageSize=10,200,1,1216.744,ce2c0d1d-e9e8-49fd-874d-da03eb785e0c
2026-07-22T15:26:15.724Z,GET,/customers/c94beab5-2bd4-4ae6-a31b-05211277fc17,200,1,7171.720,7e371465-2d62-4023-8254-189da30e84c5
2026-07-22T15:26:16.676Z,GET,/customers/dd73a830-ece4-4be5-8292-4761f9896ba9/with-cars,200,1,6226.036,c7fe4777-2aa3-4f70-a894-78ca6f7dfeb9
2026-07-22T15:26:21.946Z,GET,/users/93678e6e-506a-432d-b0d9-a7aba055e1d9,200,1,981.576,e375ef85-cf00-4811-b2f7-8f6bf097b2d8
2026-07-22T15:26:21.029Z,GET,/customers/c94beab5-2bd4-4ae6-a31b-05211277fc17,200,1,1920.099,8ed2ce00-bac9-4fd4-9f97-453adfb4c782
2026-07-22T15:26:18.095Z,GET,/customers/?page=1&pageSize=10,200,1,4873.836,b4049762-43bc-442c-b490-a5c69aa788f1
2026-07-22T15:26:20.539Z,GET,/customers/c94beab5-2bd4-4ae6-a31b-05211277fc17/with-cars,200,1,2433.826,14fe1156-0a8b-494a-a7e3-cfa2c8d24f97
2026-07-22T15:26:21.513Z,GET,/orders/?page=1&pageSize=10,200,1,1466.090,879df31e-731f-4791-bb4f-0de700db72b2
2026-07-22T15:26:16.410Z,GET,/cars/ace1a0c2-8a88-4c62-bae7-b438def83076,200,1,6606.104,05e1975d-3cc6-430b-aa78-5fe8107624de
2026-07-22T15:26:22.900Z,POST,/workers/,200,1,126.804,bb87742a-da55-4bc5-a28d-5f5808b39fe7
2026-07-22T15:26:16.991Z,GET,/workers/d15ef65c-1041-4721-9e6f-e8e65ad54918,200,1,6043.617,0bf345d5-607c-4953-9bbf-851f0339fa26
2026-07-22T15:26:15.926Z,GET,/workers/?page=1&pageSize=10,200,1,7137.827,6da91658-d9af-40a6-a98a-81033d5d9399
2026-07-22T15:26:13.965Z,GET,/work/47ec7d1c-550d-4f68-a20c-ca7ace59e2eb,200,1,9147.093,f0e123cb-234a-4ba8-a815-bfe8a8f9ce3b
2026-07-22T15:26:13.698Z,GET,/cars/?page=1&pageSize=10,200,1,9423.118,e8fc2f13-d907-43a2-a85e-f300ff4c608c
2026-07-22T15:26:14.392Z,GET,/customers/dd73a830-ece4-4be5-8292-4761f9896ba9/with-cars,200,1,8743.362,1beb4695-3903-481c-90c3-e90a226a4b57
2026-07-22T15:26:15.047Z,GET,/users/?page=1&pageSize=10,200,1,8129.471,7a4f976f-01cd-4551-9508-1575d8b9cdeb
2026-07-22T15:26:17.941Z,GET,/workers/?page=1&pageSize=10,200,1,5262.822,cce7a9fe-90ae-4fe5-8116-15b2bb217173
2026-07-22T15:26:12.891Z,GET,/customers/?page=1&pageSize=10,200,1,10321.227,69decef9-f716-4821-8b65-17a8dbe0d43c
2026-07-22T15:26:20.518Z,GET,/users/c5542ffe-53f3-4cd8-a498-b92ed90d410f,200,1,2705.058,2e13c952-6455-4241-b614-1bd91f912d1e
2026-07-22T15:26:16.754Z,GET,/work/?page=1&pageSize=10,200,1,6480.177,b40ea7af-8edb-4f10-89c8-2119f6abfdf9
2026-07-22T15:26:21.284Z,GET,/customers/c94beab5-2bd4-4ae6-a31b-05211277fc17,200,1,1969.235,6a70c613-3c07-4e0c-bf3c-605a1bb3f2b9
2026-07-22T15:26:23.141Z,PATCH,/workers/change-role,200,1,127.451,6c6b663a-663d-4974-ac0a-a458f8517bbd
2026-07-22T15:26:21.931Z,GET,/customers/dd73a830-ece4-4be5-8292-4761f9896ba9/with-cars,200,1,1428.446,a2d759c0-2184-46b6-beeb-a3c48f4ba224
2026-07-22T15:26:20.763Z,GET,/users/?page=1&pageSize=10,200,1,2627.035,c9a976cc-4a67-4c6b-bb87-8b71821f9ef2
2026-07-22T15:26:16.857Z,GET,/orders/1bb40596-8485-45cb-9d91-df6f390f3788,200,1,6556.146,7cdf04f1-acb0-4add-b234-e3c902ac70ef
2026-07-22T15:26:21.459Z,GET,/cars/01f960db-569c-47a6-ba6b-f61578b132ba,200,1,1958.333,2f9efe60-ceba-4b5f-b041-76a579f57454
2026-07-22T15:26:21.761Z,GET,/users/c5542ffe-53f3-4cd8-a498-b92ed90d410f,200,1,1659.104,d2352dcc-8eab-436b-afa8-0c2b064baf41
2026-07-22T15:26:14.696Z,GET,/cars/?page=1&pageSize=10,200,1,8748.676,dc2ad0a0-9bf8-46ae-9298-9b23dbb5799d
2026-07-22T15:26:20.284Z,GET,/workers/304a0fb4-b5e6-43e2-a72f-30524e8d7d50,200,1,3190.940,1d463f5a-491f-4552-85e3-71aaddadd03b
2026-07-22T15:26:17.536Z,GET,/customers/dd73a830-ece4-4be5-8292-4761f9896ba9,200,1,5969.302,d758875d-5b34-43db-888f-6a5a9074eddb
2026-07-22T15:26:22.280Z,GET,/customers/dd73a830-ece4-4be5-8292-4761f9896ba9,200,1,1234.609,d6497013-4693-4f0e-914a-37038b911ed4
2026-07-22T15:26:22.679Z,GET,/orders/ce4e4525-7ae1-4b95-a68c-fcb5759309fb,200,1,866.874,131141b9-e319-4e15-88eb-7fefa09b4fe1
2026-07-22T15:26:15.013Z,GET,/workers/?page=1&pageSize=10,200,1,8538.443,9c3e90e0-87fb-4d59-b0f4-861c2449836e
2026-07-22T15:26:21.797Z,GET,/users/?page=1&pageSize=10,200,1,1787.860,f3e52cfa-ae33-4ad8-b5af-618687c94333
2026-07-22T15:26:13.771Z,GET,/orders/2fdeb779-be2d-481b-9580-a8856423d736,200,1,9844.163,86a00ee9-6be9-44b3-ad03-d0907b2d42fd
2026-07-22T15:26:22.657Z,GET,/orders/?page=1&pageSize=10,200,1,992.360,313c62b6-75bd-47a4-bda4-505ab90e4e03
2026-07-22T15:26:22.420Z,GET,/work/?page=1&pageSize=10,200,1,1239.573,0cdb4ea4-f786-45f9-b388-44f0dc2a42d9
2026-07-22T15:26:17.971Z,GET,/orders/1bb40596-8485-45cb-9d91-df6f390f3788,200,1,5695.230,8f63a969-7742-4821-a896-0637c1523872
2026-07-22T15:26:21.419Z,GET,/workers/?page=1&pageSize=10,200,1,2265.643,5ab49705-badb-43c7-82b0-1e7cc14e7a5a
2026-07-22T15:26:16.227Z,GET,/orders/?page=1&pageSize=10,200,1,7484.086,e7f229da-ae74-4d7f-8aff-cb90fc8f7e16
2026-07-22T15:26:21.400Z,GET,/customers/c94beab5-2bd4-4ae6-a31b-05211277fc17,200,1,2344.557,7372220b-3b3d-46e7-82c4-900e8044e4cb
2026-07-22T15:26:16.187Z,GET,/customers/dd73a830-ece4-4be5-8292-4761f9896ba9/with-cars,200,1,7605.493,259d948d-f9ad-41f5-944d-ecdc80c8cf45
2026-07-22T15:26:13.339Z,GET,/work/47ec7d1c-550d-4f68-a20c-ca7ace59e2eb,200,1,10458.768,7e6ff6be-9878-41e1-b89b-604f88c6fbb6
2026-07-22T15:26:17.073Z,GET,/customers/?page=1&pageSize=10,200,1,6726.065,795ef48c-7215-489f-a459-4da5201ee0a0
2026-07-22T15:26:15.301Z,GET,/customers/?page=1&pageSize=10,200,1,8516.632,4ac920ac-c14c-4498-ae93-0f5c97ddca82
2026-07-22T15:26:14.599Z,GET,/users/93678e6e-506a-432d-b0d9-a7aba055e1d9,200,1,9222.300,82acbb48-3ab1-4421-8eda-b32aa9e28820
2026-07-22T15:26:21.949Z,GET,/customers/c94beab5-2bd4-4ae6-a31b-05211277fc17,200,1,1962.726,be85f67e-3ef4-453d-b95c-ee934adbb2f3
2026-07-22T15:26:15.243Z,GET,/workers/d15ef65c-1041-4721-9e6f-e8e65ad54918,200,1,8834.954,73cef516-1027-4d8b-b341-69c9db4003c9
2026-07-22T15:26:19.448Z,GET,/orders/67071d79-c7bc-49e9-9f20-21a835fd34f7,200,1,4637.418,a229d87f-f30e-45a2-a207-05542bc50fb3
2026-07-22T15:26:22.659Z,GET,/workers/d15ef65c-1041-4721-9e6f-e8e65ad54918,200,1,1435.934,0d0811e3-056e-4fef-a84a-af4e00beb548
2026-07-22T15:26:23.255Z,GET,/users/?page=1&pageSize=10,200,1,849.424,23a92ead-73c6-44f3-888e-50b9bdc1c4d8
2026-07-22T15:26:23.658Z,GET,/workers/6572e9a2-93ed-4249-8a0f-56a0ca992723,200,1,491.038,be0bf547-ef9e-4f4e-bf5c-c5ff2cc17764
2026-07-22T15:26:23.316Z,GET,/users/c5542ffe-53f3-4cd8-a498-b92ed90d410f,200,1,927.349,6efdd6a3-c0d5-4db8-ba64-fa9c842bc313
2026-07-22T15:26:16.338Z,GET,/orders/2fdeb779-be2d-481b-9580-a8856423d736,200,1,7943.457,bd754513-9627-418c-8835-702d672348f1
2026-07-22T15:26:16.336Z,GET,/cars/ace1a0c2-8a88-4c62-bae7-b438def83076,200,1,7955.402,4ce0db97-765b-4c7d-9500-0d4e03101761
2026-07-22T15:26:17.228Z,GET,/work/?page=1&pageSize=10,200,1,7068.994,9710d7b6-365e-46ec-ae65-d3d1ff31f48e
2026-07-22T15:26:19.610Z,GET,/orders/ce4e4525-7ae1-4b95-a68c-fcb5759309fb,200,1,4706.814,2dcf1fd8-534a-4275-a931-fb655cbe4585
2026-07-22T15:26:20.537Z,GET,/customers/?page=1&pageSize=10,200,1,3782.026,56d85ec5-e7bd-4097-baa1-384017512743
2026-07-22T15:26:24.244Z,PATCH,/workers/change-role,200,1,136.796,9d0b4866-58f7-4b41-80bb-35253e595123
2026-07-22T15:26:17.089Z,GET,/users/?page=1&pageSize=10,200,1,7307.679,c593078d-5412-4761-b133-40f80a4dbee8
2026-07-22T15:26:15.489Z,GET,/cars/ace1a0c2-8a88-4c62-bae7-b438def83076,200,1,8909.990,8a1f89d9-a61e-42f5-b3d7-c5dd4b3cc70d
2026-07-22T15:26:17.665Z,GET,/users/?page=1&pageSize=10,200,1,6762.363,34f46490-2a37-4fc8-b740-78924cab8376
2026-07-22T15:26:20.447Z,GET,/cars/?page=1&pageSize=10,200,1,4031.401,2da764b1-24bd-416b-baab-7fee234e80e7
2026-07-22T15:26:24.395Z,PATCH,/work/set-estimate,200,1,133.021,2b49e48e-2e14-4637-9596-ef7fef03fbcf
2026-07-22T15:26:16.343Z,GET,/customers/c94beab5-2bd4-4ae6-a31b-05211277fc17/with-cars,200,1,8212.411,a5384a7a-fa5a-4289-94d0-052c786aeb35
2026-07-22T15:26:24.452Z,PATCH,/workers/change-role,200,1,132.308,bf2408c4-5707-41ee-bf28-766766b3566c
2026-07-22T15:26:24.021Z,GET,/workers/6572e9a2-93ed-4249-8a0f-56a0ca992723,200,1,611.747,fc91c886-ee48-4232-8baa-a9830e9adf8c
2026-07-22T15:26:20.303Z,GET,/orders/1bb40596-8485-45cb-9d91-df6f390f3788,200,1,4367.116,d394f0da-5129-4788-b576-bbfa8ceed3e9
2026-07-22T15:26:23.866Z,GET,/orders/?page=1&pageSize=10,200,1,847.814,db2544f9-66da-4458-a19d-f286071472ca
2026-07-22T15:26:16.994Z,GET,/workers/d15ef65c-1041-4721-9e6f-e8e65ad54918,200,1,7735.247,34a5418f-002a-4f1b-aef7-b3426f1cbc5f
2026-07-22T15:26:23.387Z,GET,/orders/144780f5-dee6-4203-88c2-a92271ee6669,200,1,1377.310,0346f351-d52a-437b-ac36-2f4d19abcd48
2026-07-22T15:26:20.041Z,GET,/orders/?page=1&pageSize=10,200,1,4738.639,b0c54ad2-9105-4dd3-9a88-59705908ac4b
2026-07-22T15:26:22.543Z,GET,/cars/?page=1&pageSize=10,200,1,2295.601,667569d2-ee6a-45a4-9d82-5bfac0da0efc
2026-07-22T15:26:15.530Z,GET,/orders/1bb40596-8485-45cb-9d91-df6f390f3788,200,1,9309.618,e3b84e28-452c-4e91-b135-227eb78982d6
2026-07-22T15:26:16.578Z,GET,/customers/?page=1&pageSize=10,200,1,8262.709,c940e4fd-32c2-4cb3-93fb-918cfec355e1
2026-07-22T15:26:17.432Z,GET,/users/c5542ffe-53f3-4cd8-a498-b92ed90d410f,200,1,7408.841,78e158df-3bf3-4eef-98f7-f04e70c61ded
2026-07-22T15:26:17.737Z,GET,/customers/?page=1&pageSize=10,200,1,7104.637,9a8365c0-01f5-48e5-9bb2-ce01b85d8439
2026-07-22T15:26:15.973Z,GET,/customers/dd73a830-ece4-4be5-8292-4761f9896ba9,200,1,8879.788,c685d047-ead5-4d99-b762-7b1c466a9258
2026-07-22T15:26:14.693Z,GET,/workers/d15ef65c-1041-4721-9e6f-e8e65ad54918,200,1,10185.106,a9f00e21-ede0-4b21-977f-4b6b0a456e0a
2026-07-22T15:26:17.412Z,GET,/work/130b194a-5733-461f-8368-564e0a530df2,200,1,7475.228,7cbd6059-4955-4f62-b4ac-6198e828f011
2026-07-22T15:26:24.654Z,PATCH,/customers/change-contacts,200,1,238.453,cb4ad724-826f-424e-91f3-5b5dc9fb2f73
2026-07-22T15:26:12.535Z,GET,/workers/304a0fb4-b5e6-43e2-a72f-30524e8d7d50,200,1,12403.265,5a5717d5-19a2-4773-8ab4-66f45e4c9aa2
2026-07-22T15:26:15.790Z,GET,/work/?page=1&pageSize=10,200,1,9179.252,1b3ad801-4a65-4166-a808-9b6de91c9782
2026-07-22T15:26:24.139Z,GET,/orders/144780f5-dee6-4203-88c2-a92271ee6669,200,1,832.176,def5cad0-c041-43d3-8d02-f2bd52fff480
2026-07-22T15:26:17.326Z,GET,/workers/?page=1&pageSize=10,200,1,7660.288,84acb8e6-70a0-4828-893c-4a654ac1a4ee
2026-07-22T15:26:15.061Z,GET,/workers/d15ef65c-1041-4721-9e6f-e8e65ad54918,200,1,9966.651,b5dd6087-7bf6-4150-adf0-8f1c29ae2f4d
2026-07-22T15:26:18.580Z,GET,/work/?page=1&pageSize=10,200,1,6505.297,e5e09fbd-d660-4a74-9bb1-25ec98d919b7
2026-07-22T15:26:21.103Z,GET,/customers/dd73a830-ece4-4be5-8292-4761f9896ba9/with-cars,200,1,3984.775,645ac070-91d4-4fb2-8eea-bf03f385141f
2026-07-22T15:26:24.966Z,PATCH,/orders/apply-discount,200,1,136.555,6379c0db-539b-4257-8fd3-4a8e9b258087
2026-07-22T15:26:17.416Z,GET,/workers/304a0fb4-b5e6-43e2-a72f-30524e8d7d50,200,1,7740.143,40b01f0f-3c69-4199-ad49-dd62dade6bd8
2026-07-22T15:26:24.269Z,GET,/workers/6572e9a2-93ed-4249-8a0f-56a0ca992723,200,1,960.230,b8bf2226-11eb-4828-8554-876e7c648cb8
2026-07-22T15:26:16.796Z,GET,/work/130b194a-5733-461f-8368-564e0a530df2,200,1,8458.588,073873e1-4de0-4eff-abfa-592e14f2323d
2026-07-22T15:26:25.006Z,POST,/customers/,200,1,252.195,7d81c99e-9514-4adf-b1f7-3a67cf7aa8ac
2026-07-22T15:26:14.987Z,GET,/workers/?page=1&pageSize=10,200,1,10274.820,10cae0ff-81ee-4d00-a15d-0531052b59f4
2026-07-22T15:26:20.988Z,GET,/customers/dd73a830-ece4-4be5-8292-4761f9896ba9/with-cars,200,1,4334.472,316ba653-076b-4167-b1cf-a34e4e8041ce
2026-07-22T15:26:18.920Z,GET,/work/?page=1&pageSize=10,200,1,6434.294,17fb2796-baa2-49bf-afa3-44e69a92d39d
2026-07-22T15:26:18.022Z,GET,/work/?page=1&pageSize=10,200,1,7377.409,cc544c25-27c3-49cd-9e46-8906751c183e
2026-07-22T15:26:19.387Z,GET,/workers/?page=1&pageSize=10,200,1,6026.892,6d1f07fb-4887-4429-b75a-191dc0a59dd7
2026-07-22T15:26:20.727Z,GET,/customers/dd73a830-ece4-4be5-8292-4761f9896ba9/with-cars,200,1,4694.414,e0bbe790-ec4b-45c5-8a05-84676a7ea467
2026-07-22T15:26:22.230Z,GET,/cars/?page=1&pageSize=10,200,1,3210.370,53c9f3b8-6629-40b6-9189-37913d0afd53
2026-07-22T15:26:13.104Z,GET,/users/354cd0e9-b04f-45cc-98a9-4b0e6de6cb6b,200,1,12336.862,0673fe13-504d-45cb-9707-f5ed28b7a230
2026-07-22T15:26:19.123Z,GET,/work/130b194a-5733-461f-8368-564e0a530df2,200,1,6339.464,5d2cbca9-2d0e-4044-999d-05d21ed50387
2026-07-22T15:26:16.096Z,GET,/work/?page=1&pageSize=10,200,1,9373.515,0253dda3-40b6-440c-adda-f6715430819d
2026-07-22T15:26:17.608Z,GET,/customers/?page=1&pageSize=10,200,1,7864.975,0e666f24-de24-4961-b22d-0ae00cff7df8
2026-07-22T15:26:20.113Z,GET,/cars/ace1a0c2-8a88-4c62-bae7-b438def83076,200,1,5397.939,2eff50b2-e3cf-4396-944d-91ce4c3c7531
2026-07-22T15:26:16.592Z,GET,/orders/ce4e4525-7ae1-4b95-a68c-fcb5759309fb,200,1,8929.141,c9370cb6-cca3-4568-b6f1-48ca5b34f00f
2026-07-22T15:26:22.102Z,GET,/workers/?page=1&pageSize=10,200,1,3467.202,94c4557c-8aeb-4965-8636-bef4d895483b
2026-07-22T15:26:21.326Z,GET,/work/?page=1&pageSize=10,200,1,4300.484,1d575f11-3996-4dda-8d51-4287d59606e5
2026-07-22T15:26:18.248Z,GET,/customers/dd73a830-ece4-4be5-8292-4761f9896ba9,200,1,7382.745,56502a5d-1485-4c32-8e04-008459cc63bb
2026-07-22T15:26:19.991Z,GET,/orders/2fdeb779-be2d-481b-9580-a8856423d736,200,1,5670.698,9c95ce10-63e1-4ed5-956e-9c8ed63bc384
2026-07-22T15:26:24.545Z,GET,/users/?page=1&pageSize=10,200,1,1123.712,752beca7-5424-4a1b-85c8-55ee7b6147bd
2026-07-22T15:26:19.674Z,GET,/orders/?page=1&pageSize=10,200,1,6017.176,c1805963-088f-4e67-95b5-51575585f6f7
2026-07-22T15:26:13.091Z,GET,/workers/?page=1&pageSize=10,200,1,12612.506,7bf97057-4802-40cf-9a74-1037d0670399
2026-07-22T15:26:23.397Z,GET,/orders/2fdeb779-be2d-481b-9580-a8856423d736,200,1,2308.088,5faeaa84-5435-4295-b4fa-b2fa0be96d47
2026-07-22T15:26:20.981Z,GET,/customers/c94beab5-2bd4-4ae6-a31b-05211277fc17,200,1,4730.839,7bb65a3a-8455-4c5b-ab56-86a92b2265df
2026-07-22T15:26:17.748Z,GET,/customers/?page=1&pageSize=10,200,1,8000.903,b2e54e43-5f87-4b30-baad-925812b33b78
2026-07-22T15:26:17.755Z,GET,/cars/?page=1&pageSize=10,200,1,7996.528,c4d6296e-d2e8-4855-b34d-7fdd9064c00e
2026-07-22T15:26:14.472Z,GET,/orders/ce4e4525-7ae1-4b95-a68c-fcb5759309fb,200,1,11281.298,cfd2e9e1-734d-4377-bf78-b6da6c15b2fa
2026-07-22T15:26:17.176Z,GET,/customers/c94beab5-2bd4-4ae6-a31b-05211277fc17,200,1,8593.995,ac584714-3f35-4e09-be9d-13bf3b945b6a
2026-07-22T15:26:17.688Z,GET,/customers/dd73a830-ece4-4be5-8292-4761f9896ba9,200,1,8124.272,06fad6fd-0402-4ad8-8d28-36adec1caf93
2026-07-22T15:26:22.772Z,GET,/users/c5542ffe-53f3-4cd8-a498-b92ed90d410f,200,1,3056.444,af6bb59c-25bc-4d68-9ade-b6be3ef7ec54
2026-07-22T15:26:20.931Z,GET,/workers/?page=1&pageSize=10,200,1,4913.914,144dc062-c9ef-4b68-9cc0-03d4190db98c
2026-07-22T15:26:24.649Z,GET,/work/185f9cb2-4797-48fa-a253-3e2b6f9f95a8,200,1,1202.090,391fbd6a-0c40-4d0a-b8b6-e8ab91466924
2026-07-22T15:26:25.252Z,GET,/workers/304a0fb4-b5e6-43e2-a72f-30524e8d7d50,200,1,602.304,0b4f28e8-74da-42f7-a64f-980fd534cdfa
2026-07-22T15:26:24.189Z,GET,/workers/?page=1&pageSize=10,200,1,1698.151,73040da1-3fa5-479f-a0dc-3e1d21d4da55
2026-07-22T15:26:19.452Z,GET,/users/?page=1&pageSize=10,200,1,6462.618,e3e34833-1f3b-4728-b1f9-47b2498ae3f0
2026-07-22T15:26:14.452Z,GET,/customers/dd73a830-ece4-4be5-8292-4761f9896ba9,200,1,11520.797,9e3b2914-a71d-4ee4-ae61-67d42250338c
2026-07-22T15:26:20.422Z,GET,/workers/?page=1&pageSize=10,200,1,5576.847,86d0df41-a82c-4496-b6fe-f20a8713ff3a
2026-07-22T15:26:25.046Z,GET,/orders/ce4e4525-7ae1-4b95-a68c-fcb5759309fb,200,1,973.348,3acf00b0-8e0b-4676-af35-5d4c5aa15b90
2026-07-22T15:26:16.214Z,GET,/orders/?page=1&pageSize=10,200,1,9817.300,7ce2e597-b785-4acd-b481-ec33d3170bad
2026-07-22T15:26:20.885Z,GET,/users/?page=1&pageSize=10,200,1,5162.842,a2ff6e8d-6303-4275-a53c-7506e7bcee08
2026-07-22T15:26:15.242Z,GET,/work/47ec7d1c-550d-4f68-a20c-ca7ace59e2eb,200,1,10834.120,16c40588-e342-4822-a4b6-04af35f06aee
2026-07-22T15:26:16.531Z,GET,/orders/?page=1&pageSize=10,200,1,9547.483,0aa283ea-b5eb-4f94-b8cd-f2c391b9a595
2026-07-22T15:26:26.076Z,GET,/customers/c94beab5-2bd4-4ae6-a31b-05211277fc17,0,0,3.242,
2026-07-22T15:26:21.033Z,GET,/customers/dd73a830-ece4-4be5-8292-4761f9896ba9,200,1,5073.437,91111f3f-f891-4f59-8a62-2a152327f3cc
2026-07-22T15:26:17.343Z,GET,/work/?page=1&pageSize=10,200,1,8768.383,0c4b6376-8dc7-4fc8-ba17-59672f0f1bff
2026-07-22T15:26:19.061Z,GET,/customers/dd73a830-ece4-4be5-8292-4761f9896ba9/with-cars,200,1,7103.704,8750911f-bc2f-40a7-9c5c-9872097f78b5
2026-07-22T15:26:13.444Z,GET,/users/93678e6e-506a-432d-b0d9-a7aba055e1d9,200,1,12770.164,c4535b3b-9103-433a-afea-ba86fc900820
2026-07-22T15:26:19.118Z,GET,/users/354cd0e9-b04f-45cc-98a9-4b0e6de6cb6b,200,1,7123.860,be6b0233-fcd1-4888-a594-2955bb3c157f
2026-07-22T15:26:19.693Z,GET,/users/?page=1&pageSize=10,200,1,6554.519,e7812a4b-d06e-496f-aebe-04dcced6e720
2026-07-22T15:26:23.967Z,GET,/customers/?page=1&pageSize=10,200,1,2288.000,ffea4a59-1bc6-4cf4-9071-947e991ee23a
2026-07-22T15:26:18.427Z,GET,/workers/?page=1&pageSize=10,200,1,7863.372,9b09155c-26eb-4722-892b-938c129552ff
2026-07-22T15:26:18.281Z,GET,/users/?page=1&pageSize=10,200,1,8017.056,31f0d8c1-6387-467d-b486-a777fd29862e
2026-07-22T15:26:24.967Z,GET,/orders/?page=1&pageSize=10,200,1,1358.242,ee13111b-df5d-4cf5-a036-0c47ecbe0ff9
2026-07-22T15:26:25.530Z,GET,/cars/?page=1&pageSize=10,200,1,872.915,780e550f-7568-402b-a492-60c45c81e043
2026-07-22T15:26:24.378Z,GET,/workers/?page=1&pageSize=10,200,1,2042.407,4a547a17-8a60-4994-a3ff-efcb829501dd
2026-07-22T15:26:24.989Z,GET,/cars/01f960db-569c-47a6-ba6b-f61578b132ba,200,1,1465.171,be36fc17-4c2b-4491-836d-7fac77fcd34e
2026-07-22T15:26:18.976Z,GET,/cars/ace1a0c2-8a88-4c62-bae7-b438def83076,200,1,7483.822,e425fd29-cca7-4859-8254-54e2ce96edc2
2026-07-22T15:26:21.840Z,GET,/customers/c94beab5-2bd4-4ae6-a31b-05211277fc17/with-cars,200,1,4625.764,8e02c119-0709-4c61-a017-9bf27a0d575a
2026-07-22T15:26:21.673Z,GET,/customers/c94beab5-2bd4-4ae6-a31b-05211277fc17,200,1,4834.262,34044786-cee7-4dab-a163-7d8cfccc3a06
2026-07-22T15:26:16.497Z,GET,/customers/?page=1&pageSize=10,200,1,10022.817,536a5934-5e28-4778-8b6a-fa2df3a84c60
2026-07-22T15:26:25.299Z,GET,/customers/c94beab5-2bd4-4ae6-a31b-05211277fc17/with-cars,200,1,1226.325,86d55572-3248-492a-a400-19f6ecc4057e
2026-07-22T15:26:17.622Z,GET,/customers/c94beab5-2bd4-4ae6-a31b-05211277fc17/with-cars,200,1,8904.435,59db3c1d-568b-4e5e-b587-9f3bbe251abd
2026-07-22T15:26:24.530Z,GET,/orders/2fdeb779-be2d-481b-9580-a8856423d736,200,1,2008.821,27a99c4b-b6c2-4c84-a7eb-2e43f0d08818
2026-07-22T15:26:19.847Z,GET,/work/?page=1&pageSize=10,200,1,6694.002,e2bc6d46-0ba3-4f1b-8037-5f597ef11039
2026-07-22T15:26:25.618Z,GET,/cars/ace1a0c2-8a88-4c62-bae7-b438def83076,200,1,972.099,aba219ec-6afb-4d4e-8e2d-f8e5371ba457
2026-07-22T15:26:26.473Z,PATCH,/cars/record-mileage,200,1,132.709,66244652-4f9c-4ba7-833e-a52591daa93a
2026-07-22T15:26:23.004Z,GET,/customers/dd73a830-ece4-4be5-8292-4761f9896ba9,200,1,3611.165,bc7a0eb0-ddfe-4e3b-8485-86fa3cca72e2
2026-07-22T15:26:26.491Z,PATCH,/work/set-estimate,200,1,133.276,ea76e897-4019-415b-a480-9c3653793156
2026-07-22T15:26:17.168Z,GET,/users/93678e6e-506a-432d-b0d9-a7aba055e1d9,200,1,9500.856,7a57e9de-43d8-4d42-a783-8ac690869386
2026-07-22T15:26:15.979Z,GET,/work/185f9cb2-4797-48fa-a253-3e2b6f9f95a8,200,1,10698.708,9bab1ebc-0ec5-4955-ae1c-e80edbb2b009
2026-07-22T15:26:18.781Z,GET,/customers/?page=1&pageSize=10,200,1,7914.770,a9cd196c-0091-4fb3-8ada-e3bac2d81992
2026-07-22T15:26:26.621Z,PATCH,/users/change-password,200,1,128.010,727d08e6-fce5-4647-8d48-f9035154d329
2026-07-22T15:26:21.277Z,GET,/customers/dd73a830-ece4-4be5-8292-4761f9896ba9/with-cars,200,1,5603.178,c1261f7b-98c4-439c-a5f4-f10a15d46301
2026-07-22T15:26:18.101Z,GET,/customers/dd73a830-ece4-4be5-8292-4761f9896ba9/with-cars,200,1,8826.747,75fc941b-11b9-4549-aee0-fc85f29f68c9
2026-07-22T15:26:21.578Z,GET,/users/c5542ffe-53f3-4cd8-a498-b92ed90d410f,200,1,5362.808,4865d7e7-4bac-4af4-bc87-d395977d97a3
2026-07-22T15:26:17.850Z,GET,/users/?page=1&pageSize=10,200,1,9187.864,a202c779-30fc-478c-bb25-a3e015a5fbe3
2026-07-22T15:26:21.014Z,GET,/work/130b194a-5733-461f-8368-564e0a530df2,200,1,6023.778,eb3dc148-f749-4761-afb4-6061931a4417
2026-07-22T15:26:25.221Z,GET,/cars/01f960db-569c-47a6-ba6b-f61578b132ba,200,1,1823.378,c52d5085-69c0-42a7-80e6-c5a89be94901
2026-07-22T15:26:20.333Z,GET,/orders/?page=1&pageSize=10,200,1,6732.215,bec69569-cca7-4764-82e6-a5841916d14b
2026-07-22T15:26:20.540Z,GET,/cars/01f960db-569c-47a6-ba6b-f61578b132ba,200,1,6549.416,530a1515-1f3e-4963-a42c-4da33229ba44
2026-07-22T15:26:26.572Z,GET,/customers/dd73a830-ece4-4be5-8292-4761f9896ba9/with-cars,200,1,617.552,eb2c4ada-ef80-436d-859c-fa66572bfefc
2026-07-22T15:26:20.042Z,GET,/customers/dd73a830-ece4-4be5-8292-4761f9896ba9,200,1,7163.527,221d0d0b-5d95-470b-89f5-b8c820c6a511
2026-07-22T15:26:26.125Z,GET,/users/?page=1&pageSize=10,200,1,1095.900,a04f2ffb-0bb2-44cf-87aa-72a3ee83f314
2026-07-22T15:26:25.899Z,GET,/customers/ae0bb8b0-543e-4cfa-aa8c-57dc515360e4,200,1,1357.298,64ccb2f1-e7ea-4392-a912-efec6023a59c
2026-07-22T15:26:23.058Z,GET,/work/?page=1&pageSize=10,200,1,4201.547,fd11bf0b-9402-442a-9c55-e80db49e6e05
2026-07-22T15:26:27.159Z,PATCH,/cars/record-mileage,200,1,127.538,8eabe053-c444-4426-a638-31f9d26d76a4
2026-07-22T15:26:16.981Z,GET,/users/?page=1&pageSize=10,200,1,10315.777,d0e488d7-7cf1-411b-a819-efcf85114910
2026-07-22T15:26:19.455Z,GET,/work/?page=1&pageSize=10,200,1,7855.517,1223b9c3-862e-4c6a-87b1-49a9cf50e34a
2026-07-22T15:26:19.639Z,GET,/work/aa978a1c-cb70-4a47-91e8-9848f9370c9c,200,1,7713.774,689199c0-b8c4-4f10-8b85-bd2b2db1c959
2026-07-22T15:26:19.276Z,GET,/workers/?page=1&pageSize=10,200,1,8095.511,d99c88f3-2ee5-4c1d-bd43-62e2ee06a82d
2026-07-22T15:26:14.955Z,GET,/workers/?page=1&pageSize=10,200,1,12420.007,6e9fab89-b70d-48f5-b47f-c075bbd34788
2026-07-22T15:26:27.300Z,PATCH,/orders/apply-discount,0,0,77.912,
2026-07-22T15:26:19.650Z,GET,/workers/d15ef65c-1041-4721-9e6f-e8e65ad54918,200,1,7734.910,9d689a53-6bdc-4c23-b082-73217e87216b
2026-07-22T15:26:18.796Z,GET,/orders/?page=1&pageSize=10,200,1,8633.066,b5b8a140-55b3-403d-ad75-fe77ab175c7c
2026-07-22T15:26:20.239Z,GET,/users/c5542ffe-53f3-4cd8-a498-b92ed90d410f,200,1,7248.283,9b39f8d9-341c-473d-a95d-d3b7dc4834d9
2026-07-22T15:26:22.390Z,GET,/customers/c94beab5-2bd4-4ae6-a31b-05211277fc17,200,1,5154.631,b09450ab-2885-47ac-9425-0a3a567b8efc
2026-07-22T15:26:19.143Z,GET,/cars/?page=1&pageSize=10,200,1,8405.678,3d7528a9-a199-4f46-9e18-82c3643106a5
2026-07-22T15:26:24.915Z,GET,/work/?page=1&pageSize=10,200,1,2770.781,32fa830f-f6af-4c9d-bdfa-2b388634c289
2026-07-22T15:26:18.858Z,GET,/orders/ce4e4525-7ae1-4b95-a68c-fcb5759309fb,200,1,8894.092,7eb2ac2c-0218-449a-8f3d-7999066a1d71
2026-07-22T15:26:27.504Z,PATCH,/work/set-estimate,200,1,255.770,ee300bd7-c201-43f8-b3e0-ef090681a743
2026-07-22T15:26:23.153Z,GET,/orders/2fdeb779-be2d-481b-9580-a8856423d736,200,1,4610.668,c320f639-0694-41ee-8ccb-3458e0487ca9
2026-07-22T15:26:18.041Z,GET,/orders/?page=1&pageSize=10,200,1,9736.692,5d5caf9d-efb1-432c-af03-b8e71ba1cf5f
2026-07-22T15:26:26.609Z,GET,/cars/?page=1&pageSize=10,200,1,1212.313,5b38a8e9-6d34-40b7-b728-25f30be0f5a2
2026-07-22T15:26:23.167Z,GET,/orders/ce4e4525-7ae1-4b95-a68c-fcb5759309fb,200,1,4712.296,6f9a1057-749d-4f34-a645-51f6de52e3a1
2026-07-22T15:26:25.981Z,GET,/workers/?page=1&pageSize=10,200,1,1943.104,97d32eba-fa0a-4b0c-a02b-819485665e54
2026-07-22T15:26:19.049Z,GET,/workers/d15ef65c-1041-4721-9e6f-e8e65ad54918,200,1,8887.020,c9ec6e69-68bc-489d-8437-23abfcc887d8
2026-07-22T15:26:22.144Z,GET,/workers/d15ef65c-1041-4721-9e6f-e8e65ad54918,200,1,5803.887,7f9c7c36-aaa2-4f21-b0d0-7988d9101e67
2026-07-22T15:26:20.439Z,GET,/orders/?page=1&pageSize=10,200,1,7516.648,360285cc-cf2c-4df6-9bf6-b90b99c15638
2026-07-22T15:26:26.892Z,GET,/cars/?page=1&pageSize=10,200,1,1102.887,c3cc07a0-e224-402c-be35-9f8338c417c8
2026-07-22T15:26:26.673Z,GET,/users/?page=1&pageSize=10,200,1,1345.123,ab17ee14-0620-4bf7-b9ac-599fdb2b2860
2026-07-22T15:26:15.674Z,GET,/workers/?page=1&pageSize=10,200,1,12354.844,1b3b3385-edba-41c5-bcc2-7e26929ea307
2026-07-22T15:26:26.211Z,GET,/cars/ace1a0c2-8a88-4c62-bae7-b438def83076,200,1,1820.969,cf02e562-23c3-438f-b7dd-6f2ea93099f0
2026-07-22T15:26:17.892Z,GET,/users/354cd0e9-b04f-45cc-98a9-4b0e6de6cb6b,200,1,10209.285,83144e6e-b824-4177-b9bb-898a260476a4
2026-07-22T15:26:20.428Z,GET,/work/?page=1&pageSize=10,200,1,7717.389,f1207750-e4ea-430e-bbdc-dcf3469d85a5
2026-07-22T15:26:17.525Z,GET,/users/?page=1&pageSize=10,200,1,10657.172,0b76314c-8945-4c2b-80e7-7c55da08f4d8
2026-07-22T15:26:22.688Z,GET,/workers/?page=1&pageSize=10,200,1,5513.777,2c590489-82bc-4ff2-9cf4-a7a4a12f006f
2026-07-22T15:26:17.456Z,GET,/cars/33cae311-fe8e-45e4-a1aa-6519ac677ef3,200,1,10774.205,08d212ab-0eeb-47f3-a1f9-bc039b5db4de
2026-07-22T15:26:17.823Z,GET,/customers/c94beab5-2bd4-4ae6-a31b-05211277fc17,200,1,10428.559,2782115c-2bfd-424d-9d6b-1e56229543b6
2026-07-22T15:26:20.194Z,GET,/users/?page=1&pageSize=10,200,1,8073.257,e3045b88-57f2-4eae-9128-6cdf32d8f8a8
2026-07-22T15:26:27.446Z,PATCH,/workers/change-hourly-rate,200,1,840.941,341f00a8-fb1f-42f8-974b-e2525d560c51
2026-07-22T15:26:23.516Z,GET,/cars/33cae311-fe8e-45e4-a1aa-6519ac677ef3,200,1,4797.022,554819d0-eebd-4b2e-aaa9-46b987f3ae08
2026-07-22T15:26:27.484Z,GET,/workers/?page=1&pageSize=10,200,1,849.639,a11ad2c6-4ea0-4ccc-8573-5d2a402b54d2
2026-07-22T15:26:27.507Z,GET,/customers/ae0bb8b0-543e-4cfa-aa8c-57dc515360e4,200,1,857.868,799212ea-9221-4b63-ba2d-ad0a7c4558b2
2026-07-22T15:26:18.233Z,GET,/orders/?page=1&pageSize=10,200,1,10149.883,8f0f4bda-1f7f-4532-a1cc-87af7267d642
2026-07-22T15:26:18.518Z,GET,/work/47ec7d1c-550d-4f68-a20c-ca7ace59e2eb,200,1,9876.439,306d097f-e6a4-4fd6-a147-f0147aa51d13
2026-07-22T15:26:16.580Z,GET,/work/130b194a-5733-461f-8368-564e0a530df2,200,1,11819.160,a1afcd1c-bf9e-4081-8f0d-7f2f42b00407
2026-07-22T15:26:17.826Z,GET,/orders/?page=1&pageSize=10,200,1,10604.898,c0e76797-ad86-40e1-9fee-452ed18616fb
2026-07-22T15:26:21.916Z,GET,/work/?page=1&pageSize=10,200,1,6519.426,3d976031-582b-4923-9aa6-b9815e98d07c
2026-07-22T15:26:26.990Z,GET,/customers/b31494c4-ef9b-4343-9b48-fccac275c847,200,1,1453.642,ceb473aa-c2b2-4457-a8da-ff759fb8d74d
2026-07-22T15:26:26.863Z,GET,/orders/?page=1&pageSize=10,200,1,1596.667,d6996468-78b4-409b-b57f-300f936f1567
2026-07-22T15:26:15.428Z,GET,/customers/c94beab5-2bd4-4ae6-a31b-05211277fc17,200,1,13052.093,fa79163c-f93a-463f-b38a-78552831c888
2026-07-22T15:26:26.608Z,GET,/customers/dd73a830-ece4-4be5-8292-4761f9896ba9/with-cars,200,1,1922.608,da044217-bb85-4f3f-b805-04f137ff7531
2026-07-22T15:26:15.317Z,GET,/customers/dd73a830-ece4-4be5-8292-4761f9896ba9,200,1,13217.173,1d39de22-99d1-450f-ab64-d46ccf57869a
2026-07-22T15:26:19.755Z,GET,/users/c5542ffe-53f3-4cd8-a498-b92ed90d410f,200,1,8799.265,065016e9-9dce-4147-b399-8932ed07f14c
2026-07-22T15:26:21.542Z,GET,/users/93678e6e-506a-432d-b0d9-a7aba055e1d9,200,1,7054.643,4168f431-7766-40e3-a2b4-713cb620e2aa
2026-07-22T15:26:26.895Z,GET,/workers/304a0fb4-b5e6-43e2-a72f-30524e8d7d50,200,1,1725.828,0dfad8f3-06a3-48e6-84b8-8bb24ea5c62a
2026-07-22T15:26:20.690Z,GET,/customers/dd73a830-ece4-4be5-8292-4761f9896ba9,200,1,7977.627,3dfdd98b-8a25-4fd2-ba79-ecc89fe36187
2026-07-22T15:26:26.601Z,GET,/cars/01f960db-569c-47a6-ba6b-f61578b132ba,200,1,2111.847,8370787f-e34f-48c3-ba04-547064958f73
2026-07-22T15:26:20.548Z,GET,/work/130b194a-5733-461f-8368-564e0a530df2,200,1,8185.379,bfb8d5bf-ea76-4c49-a213-d7b2fa96146f
2026-07-22T15:26:20.432Z,GET,/workers/d15ef65c-1041-4721-9e6f-e8e65ad54918,200,1,8303.295,4591cf9f-c01f-4a60-8d06-2cf5cc3c9c5e
2026-07-22T15:26:25.047Z,GET,/workers/d15ef65c-1041-4721-9e6f-e8e65ad54918,200,1,3699.756,a6d5dce9-cb81-4e25-982d-f7e18e6aa341
2026-07-22T15:26:15.652Z,GET,/workers/?page=1&pageSize=10,200,1,13102.100,81ed2232-a6e6-4a69-a443-bf92db06faf5
2026-07-22T15:26:19.972Z,GET,/customers/c94beab5-2bd4-4ae6-a31b-05211277fc17,200,1,8794.353,448fa7c4-67f3-462b-9124-1cd1bfd521e6
2026-07-22T15:26:22.526Z,GET,/orders/67071d79-c7bc-49e9-9f20-21a835fd34f7,200,1,6253.052,c7d726e1-288b-4117-8630-dd04b7b75f9a
2026-07-22T15:26:27.426Z,GET,/cars/33cae311-fe8e-45e4-a1aa-6519ac677ef3,200,1,1361.431,bca9b0c0-05e8-4a6e-be85-0d0f8f5a6e98
2026-07-22T15:26:18.831Z,GET,/users/93678e6e-506a-432d-b0d9-a7aba055e1d9,200,1,9979.935,46279c37-82c3-4a38-92ff-9e0ac04b5695
2026-07-22T15:26:24.889Z,GET,/work/?page=1&pageSize=10,200,1,4011.206,390d5ef5-1d72-44ee-8c53-ec76bbca9ece
2026-07-22T15:26:17.498Z,GET,/cars/33cae311-fe8e-45e4-a1aa-6519ac677ef3,200,1,11403.294,45597a5b-b5b9-45c1-869d-a6305edac7e2
2026-07-22T15:26:25.390Z,GET,/workers/?page=1&pageSize=10,200,1,3529.773,8380f46c-3ba2-4fa4-87b1-ed5e53c6f68d
2026-07-22T15:26:18.642Z,GET,/cars/ace1a0c2-8a88-4c62-bae7-b438def83076,200,1,10282.673,1755dfd4-b787-4765-b485-6fc9a9fbb76b
2026-07-22T15:26:20.781Z,GET,/users/?page=1&pageSize=10,200,1,8151.543,4ad54f54-425f-4297-825e-5940474b2fa7
2026-07-22T15:26:20.993Z,GET,/work/?page=1&pageSize=10,200,1,7953.421,fec6dbe8-7e2c-4248-81e0-d28966d8cbb7
2026-07-22T15:26:20.356Z,GET,/users/93678e6e-506a-432d-b0d9-a7aba055e1d9,200,1,8604.646,f6141d4a-8d0a-4649-b526-852a61277cf3
2026-07-22T15:26:17.924Z,GET,/orders/ce4e4525-7ae1-4b95-a68c-fcb5759309fb,200,1,11070.328,6d46d2d7-170f-4a15-859e-9faaf5f25227
2026-07-22T15:26:25.689Z,GET,/work/185f9cb2-4797-48fa-a253-3e2b6f9f95a8,200,1,3317.572,8633fa1c-b347-4d99-920d-6c6d77765261
2026-07-22T15:26:18.014Z,GET,/customers/c94beab5-2bd4-4ae6-a31b-05211277fc17,200,1,10996.553,6600b85e-7d4d-449e-b017-55968bdcabba
2026-07-22T15:26:23.140Z,GET,/users/?page=1&pageSize=10,200,1,5935.781,3f7ae70c-fbaa-4b36-a101-bcdddd6ca690
2026-07-22T15:26:20.150Z,GET,/customers/?page=1&pageSize=10,200,1,8974.926,e64cf5e3-c7c1-4b5d-a33c-629f7b570019
2026-07-22T15:26:25.076Z,GET,/users/93678e6e-506a-432d-b0d9-a7aba055e1d9,200,1,4065.502,654e8c9d-420e-4151-981e-335a480766de
2026-07-22T15:26:18.577Z,GET,/cars/33cae311-fe8e-45e4-a1aa-6519ac677ef3,200,1,10618.199,3e3bf7b7-113d-4aa7-9df2-a730f282ac9d
2026-07-22T15:26:22.522Z,GET,/work/?page=1&pageSize=10,200,1,6693.560,3fa5cf9c-8fa0-43d1-be55-a483e236c798
2026-07-22T15:26:26.771Z,GET,/customers/b31494c4-ef9b-4343-9b48-fccac275c847,200,1,2455.360,d5ac3a24-dcba-46d9-b1ee-6da1d3f67e8e
2026-07-22T15:26:19.371Z,GET,/customers/c94beab5-2bd4-4ae6-a31b-05211277fc17/with-cars,200,1,9858.696,35209891-5315-4ba2-9972-1030126e2f2f
2026-07-22T15:26:27.416Z,GET,/customers/dd73a830-ece4-4be5-8292-4761f9896ba9/with-cars,200,1,1842.527,6aaab86a-9c4b-4184-b161-d12e82d99c5c
2026-07-22T15:26:24.803Z,GET,/work/?page=1&pageSize=10,200,1,4475.305,05e06ac2-6176-428c-94fb-a3d192d3ab4a
2026-07-22T15:26:23.383Z,GET,/work/aa978a1c-cb70-4a47-91e8-9848f9370c9c,200,1,5902.572,fc75f64f-a21a-4268-b66d-8b2ef9e593cf
2026-07-22T15:26:20.217Z,GET,/customers/?page=1&pageSize=10,200,1,9087.042,095b53f0-6c21-4320-a8a7-3210ecaf3cf0
2026-07-22T15:26:20.757Z,GET,/cars/?page=1&pageSize=10,200,1,8561.030,e05be5ca-659d-40ac-ac8c-8969a1364be9
2026-07-22T15:26:17.619Z,GET,/workers/304a0fb4-b5e6-43e2-a72f-30524e8d7d50,200,1,11721.698,505fd735-1bed-493c-82a5-b3940518e4f7
2026-07-22T15:26:18.513Z,GET,/work/?page=1&pageSize=10,200,1,10835.288,621e4ad1-e877-4522-b016-0406555765a4
2026-07-22T15:26:18.796Z,GET,/work/?page=1&pageSize=10,200,1,10557.969,b1baad46-0cf0-40cd-999d-c699d075b5a6
2026-07-22T15:26:19.692Z,GET,/orders/?page=1&pageSize=10,200,1,9673.992,cab4b057-b369-44bf-ae2c-07c143287152
2026-07-22T15:26:24.676Z,GET,/users/?page=1&pageSize=10,200,1,4737.626,7242d7e2-e2be-4b73-a016-41edaa360890
2026-07-22T15:26:21.573Z,GET,/users/?page=1&pageSize=10,200,1,7850.544,d4959b36-0918-4433-b020-42c3e680b0e9
2026-07-22T15:26:26.738Z,GET,/orders/144780f5-dee6-4203-88c2-a92271ee6669,200,1,2685.910,99bf90ee-6fbf-485c-87a9-68ba05f69708
2026-07-22T15:26:24.862Z,GET,/orders/1bb40596-8485-45cb-9d91-df6f390f3788,200,1,4597.151,39ca8cc4-8a7c-426b-95a4-62d09df9a6d0
2026-07-22T15:26:21.692Z,GET,/workers/304a0fb4-b5e6-43e2-a72f-30524e8d7d50,200,1,7790.797,cc2aefe3-224e-4271-b99a-108f39088789
2026-07-22T15:26:23.219Z,GET,/customers/?page=1&pageSize=10,200,1,6272.576,bab15cf8-733b-4cf4-a36d-c877440e322a
2026-07-22T15:26:19.538Z,GET,/work/185f9cb2-4797-48fa-a253-3e2b6f9f95a8,200,1,9960.127,29819818-f29e-470c-ba5d-e50a6f53965d
2026-07-22T15:26:19.681Z,GET,/customers/c94beab5-2bd4-4ae6-a31b-05211277fc17,200,1,9823.500,fe9866f4-c73e-4ce3-ac07-82c4d876c7fc
2026-07-22T15:26:23.054Z,GET,/orders/?page=1&pageSize=10,200,1,6463.331,d6896352-5b26-4d8f-960a-598159424125
2026-07-22T15:26:23.829Z,GET,/orders/144780f5-dee6-4203-88c2-a92271ee6669,200,1,5690.741,e48dd537-cdde-4e5c-ba1f-3fc13c2872c8
2026-07-22T15:26:25.903Z,GET,/users/?page=1&pageSize=10,200,1,3629.802,9132a2d6-de31-402d-9dd9-ec9759b1e178
2026-07-22T15:26:27.255Z,GET,/customers/dd73a830-ece4-4be5-8292-4761f9896ba9/with-cars,200,1,2287.650,5f7b2679-feca-438e-a5ed-2fa0d9d117af
2026-07-22T15:26:24.215Z,GET,/workers/?page=1&pageSize=10,200,1,5335.224,c4f3417d-16e9-4e8a-8af8-0e2d2c5d42e8
2026-07-22T15:26:23.623Z,GET,/workers/?page=1&pageSize=10,200,1,5951.790,94398f0f-af15-4201-88f7-e7785872ed67
2026-07-22T15:26:21.903Z,GET,/orders/144780f5-dee6-4203-88c2-a92271ee6669,200,1,7692.787,80e1ef86-93e9-43db-8ecb-87c15bc73e61
2026-07-22T15:26:22.880Z,GET,/customers/35a594a3-48c7-4dee-99fa-1cfd8e314798,200,1,6744.788,9d3a3e96-eb75-4557-b3b9-c1364c1ddc35
2026-07-22T15:26:21.171Z,GET,/orders/2fdeb779-be2d-481b-9580-a8856423d736,200,1,8493.386,f9c26399-5ad0-45f9-94fa-fba17f785d8a
2026-07-22T15:26:17.516Z,GET,/customers/c94beab5-2bd4-4ae6-a31b-05211277fc17/with-cars,200,1,12171.318,8c2ca0d3-f10e-4da1-85bc-f6d200f96fed
2026-07-22T15:26:19.152Z,GET,/cars/?page=1&pageSize=10,200,1,10556.762,ed32f1bc-50c8-4b25-9e68-c196ab1bbbfe
2026-07-22T15:26:21.778Z,GET,/orders/?page=1&pageSize=10,200,1,7951.350,650ddc11-f975-48fe-823d-9bf7cc9085cd
2026-07-22T15:26:20.532Z,GET,/work/aa978a1c-cb70-4a47-91e8-9848f9370c9c,200,1,9198.458,b962783d-79f6-447c-81af-2174731109ac
2026-07-22T15:26:26.709Z,GET,/orders/?page=1&pageSize=10,200,1,3026.395,edbc9536-b886-4f32-9646-9f5470bc9eef
2026-07-22T15:26:22.295Z,GET,/users/?page=1&pageSize=10,200,1,7441.433,ffb7ec65-0624-4d1b-b5a5-4e7157baf9a6
2026-07-22T15:26:23.032Z,GET,/work/aa978a1c-cb70-4a47-91e8-9848f9370c9c,200,1,6719.722,fec0985d-4dcf-4572-857b-be8afcdacd45
2026-07-22T15:26:23.624Z,GET,/workers/?page=1&pageSize=10,200,1,6131.366,19bf065b-5be0-4b50-a2bd-a6a00857ef51
2026-07-22T15:26:21.390Z,GET,/cars/?page=1&pageSize=10,200,1,8390.971,fcdcdf24-5b9b-4140-9afd-652b8dff5fff
2026-07-22T15:26:23.039Z,GET,/work/?page=1&pageSize=10,200,1,6758.184,746471a4-fa40-47c6-a6f1-de4462efcc83
2026-07-22T15:26:27.247Z,GET,/customers/c94beab5-2bd4-4ae6-a31b-05211277fc17/with-cars,200,1,2566.399,c89bbee4-f3d5-4181-b949-c1add711e3e4
2026-07-22T15:26:22.641Z,GET,/customers/?page=1&pageSize=10,200,1,7182.744,5f185620-a86a-44a0-9ffe-5d7f07ebab6d
2026-07-22T15:26:21.656Z,GET,/users/?page=1&pageSize=10,200,1,8181.828,7df03542-829f-4d2c-9840-3a6f9358641b
2026-07-22T15:26:19.904Z,GET,/customers/?page=1&pageSize=10,200,1,9936.488,1a38376b-dcd3-4ec3-9197-a59141e74101
2026-07-22T15:26:20.471Z,GET,/workers/?page=1&pageSize=10,200,1,9399.761,bd7f4f14-9bd1-404b-aa62-fef177b8e9ae
2026-07-22T15:26:20.032Z,GET,/workers/?page=1&pageSize=10,200,1,9841.048,4df5e3df-3dba-4bd7-8daf-c869326689b7
2026-07-22T15:26:20.909Z,GET,/customers/?page=1&pageSize=10,200,1,8984.312,06038cf7-3490-41ce-b353-8cb86daf2a4b
2026-07-22T15:26:26.394Z,GET,/workers/6572e9a2-93ed-4249-8a0f-56a0ca992723,200,1,3499.146,8a64fc1f-aa64-4751-860c-e1b66b1518f2
2026-07-22T15:26:18.049Z,GET,/workers/?page=1&pageSize=10,200,1,11850.144,76da32c5-f1f3-40b3-aeaa-bb96a8125d74
2026-07-22T15:26:17.933Z,GET,/cars/ace1a0c2-8a88-4c62-bae7-b438def83076,200,1,11973.357,5e2fab5a-8e86-48b8-8b30-942367b5a5c8
2026-07-22T15:26:22.425Z,GET,/cars/01f960db-569c-47a6-ba6b-f61578b132ba,200,1,7509.270,0af14194-4446-457b-9d15-3992a94bfa15
2026-07-22T15:26:25.894Z,GET,/orders/144780f5-dee6-4203-88c2-a92271ee6669,200,1,4046.336,da8cec5c-2980-4640-998e-087d1d3763eb
2026-07-22T15:26:27.466Z,GET,/orders/?page=1&pageSize=10,200,1,2494.150,c4334c14-89ca-4949-b605-a889d89db47c
2026-07-22T15:26:24.047Z,GET,/orders/1bb40596-8485-45cb-9d91-df6f390f3788,200,1,5918.950,6dcd804e-0015-471d-8676-b08815c1cf9d
2026-07-22T15:26:19.687Z,GET,/cars/?page=1&pageSize=10,200,1,10284.361,f67c806c-80c4-442e-9c9a-cce853cf86f0
2026-07-22T15:26:21.263Z,GET,/customers/?page=1&pageSize=10,200,1,8708.650,8e378c0b-88cf-4e33-a082-18da291b571c
2026-07-22T15:26:21.576Z,GET,/workers/?page=1&pageSize=10,200,1,8398.323,c172c478-3f82-430c-af05-6a61a219cb77
2026-07-22T15:26:21.189Z,GET,/workers/304a0fb4-b5e6-43e2-a72f-30524e8d7d50,200,1,8786.701,4e62d65e-2686-4383-be0c-1b33ba05dabb
2026-07-22T15:26:19.636Z,GET,/work/?page=1&pageSize=10,200,1,10343.889,3a3175d9-d849-4103-9c15-a67b3e56bb38
2026-07-22T15:26:21.849Z,GET,/cars/?page=1&pageSize=10,200,1,8137.518,016ea79a-0db3-415e-9f71-5811567db19f
2026-07-22T15:26:20.179Z,GET,/work/aa978a1c-cb70-4a47-91e8-9848f9370c9c,200,1,9813.481,5ef16a3a-73d1-4ac8-9c33-27164883b957
2026-07-22T15:26:19.252Z,GET,/users/93678e6e-506a-432d-b0d9-a7aba055e1d9,200,1,10741.445,89506225-ea17-4704-b7e9-10f51a94bb53
2026-07-22T15:26:24.017Z,GET,/work/130b194a-5733-461f-8368-564e0a530df2,200,1,5981.071,a340a7a8-a6e3-427d-aaa8-6f0d77daac04
2026-07-22T15:26:22.370Z,GET,/cars/?page=1&pageSize=10,200,1,7637.389,4acafbc3-9324-428a-ad25-f07cae219da5
2026-07-22T15:26:25.657Z,GET,/orders/?page=1&pageSize=10,200,1,4352.890,5fc37125-5259-411d-b058-920c1cd984fe
2026-07-22T15:26:23.075Z,GET,/work/130b194a-5733-461f-8368-564e0a530df2,200,1,6948.471,26e1264c-d2e5-4658-ad14-b49a2e883e12
2026-07-22T15:26:21.776Z,GET,/customers/dd73a830-ece4-4be5-8292-4761f9896ba9,200,1,8258.420,2f3fd9d9-954e-4896-8a3c-53341fcd0659
2026-07-22T15:26:22.988Z,GET,/workers/?page=1&pageSize=10,200,1,7075.632,284e6a74-f3d9-405e-b974-d7c4d38abac7
2026-07-22T15:26:26.400Z,GET,/orders/?page=1&pageSize=10,200,1,3679.940,bc275385-dfb3-4ba1-a669-76bcebe4e4dd
2026-07-22T15:26:24.267Z,GET,/workers/304a0fb4-b5e6-43e2-a72f-30524e8d7d50,200,1,5821.687,560f396b-7194-4915-946b-932de1962f7c
2026-07-22T15:26:18.335Z,GET,/work/47ec7d1c-550d-4f68-a20c-ca7ace59e2eb,200,1,11774.369,03839520-5b00-47b2-a8b8-3dc83429d26c
2026-07-22T15:26:22.344Z,GET,/workers/304a0fb4-b5e6-43e2-a72f-30524e8d7d50,200,1,7794.921,14729645-a40a-49c0-bc07-6ace53ffd2e3
2026-07-22T15:26:26.961Z,GET,/work/130b194a-5733-461f-8368-564e0a530df2,200,1,3186.437,8878f8bf-4c09-4ae0-9465-a7b07e674ed1
2026-07-22T15:26:20.445Z,GET,/customers/c94beab5-2bd4-4ae6-a31b-05211277fc17,200,1,9715.601,131dfdd3-3513-493d-ba0e-06d7bdc74b00
2026-07-22T15:26:25.437Z,GET,/cars/?page=1&pageSize=10,200,1,4740.386,cade8a6a-b5a0-4d13-ab89-e87c16be37d4
2026-07-22T15:26:20.387Z,GET,/customers/?page=1&pageSize=10,200,1,9811.692,06fb660e-551c-4f71-83b6-8a3682f927d1
2026-07-22T15:26:21.276Z,GET,/work/?page=1&pageSize=10,200,1,8960.087,7726b488-837d-476a-b86f-91a5a22722d0
2026-07-22T15:26:27.404Z,GET,/customers/c94beab5-2bd4-4ae6-a31b-05211277fc17/with-cars,200,1,2837.730,65ac5285-ed83-40a9-a058-395aaa22cb26
2026-07-22T15:26:25.888Z,GET,/work/47ec7d1c-550d-4f68-a20c-ca7ace59e2eb,200,1,4386.362,aa673b17-160d-4223-babd-f101ee3f5a34
2026-07-22T15:26:24.009Z,GET,/orders/67071d79-c7bc-49e9-9f20-21a835fd34f7,200,1,6279.419,957e4eae-8e04-409c-8096-8ff0eb37a967
2026-07-22T15:26:23.369Z,GET,/work/47ec7d1c-550d-4f68-a20c-ca7ace59e2eb,200,1,6936.660,ad8da343-da32-437e-a596-fce197e159cc
2026-07-22T15:26:26.374Z,GET,/workers/d15ef65c-1041-4721-9e6f-e8e65ad54918,200,1,3934.137,fb1fa4d0-23f7-4d53-9a3a-a66310bb887c
2026-07-22T15:26:21.214Z,GET,/cars/33cae311-fe8e-45e4-a1aa-6519ac677ef3,200,1,9114.137,191862cb-52a8-423a-aa21-b47fcd9f7356
2026-07-22T15:26:21.648Z,GET,/workers/304a0fb4-b5e6-43e2-a72f-30524e8d7d50,200,1,8690.847,fec23c7d-e9e0-44d5-803d-0a339dd24010
2026-07-22T15:26:22.347Z,GET,/customers/?page=1&pageSize=10,200,1,8070.260,ae295e8a-941d-4c7c-aca2-90bbcbdc0f02
2026-07-22T15:26:17.964Z,GET,/users/?page=1&pageSize=10,200,1,12461.434,796196ff-ec3b-4d88-a57f-7bef4ee87cb4
2026-07-22T15:26:22.070Z,GET,/work/aa978a1c-cb70-4a47-91e8-9848f9370c9c,200,1,8357.943,929dafac-dd5d-48a1-905c-5ee104ea31df
2026-07-22T15:26:25.893Z,GET,/customers/?page=1&pageSize=10,200,1,4541.867,d077091c-70a1-48f1-9e24-4087ea7dee11
2026-07-22T15:26:23.522Z,GET,/customers/?page=1&pageSize=10,200,1,6920.218,5776fe8d-1427-47cf-8251-f5ea195f13b8
2026-07-22T15:26:20.436Z,GET,/customers/dd73a830-ece4-4be5-8292-4761f9896ba9,200,1,10007.770,ccd7297f-b54d-42f0-9210-401c2588c2ce
2026-07-22T15:26:27.250Z,GET,/workers/6572e9a2-93ed-4249-8a0f-56a0ca992723,200,1,3209.403,99c235b7-8bc6-4909-97f3-5caaa608232f
2026-07-22T15:26:27.301Z,GET,/work/?page=1&pageSize=10,200,1,3160.391,6339914b-f519-423d-9c4f-1a94166bc2d1
2026-07-22T15:26:27.364Z,GET,/orders/?page=1&pageSize=10,200,1,3161.993,99c8917f-7322-44cf-919d-05e582b94fbe
2026-07-22T15:26:25.167Z,GET,/work/aa978a1c-cb70-4a47-91e8-9848f9370c9c,200,1,5391.304,8da126f4-190d-40e3-8768-b3cc149b916c
2026-07-22T15:26:23.898Z,GET,/orders/2fdeb779-be2d-481b-9580-a8856423d736,200,1,6661.724,cfe9419c-824e-4afe-8822-cbb47de8da2b
2026-07-22T15:26:20.406Z,GET,/workers/304a0fb4-b5e6-43e2-a72f-30524e8d7d50,200,1,10157.569,7d7ed093-fdbd-4986-85c6-ee061c883af0
2026-07-22T15:26:19.425Z,GET,/orders/1bb40596-8485-45cb-9d91-df6f390f3788,200,1,11145.089,b2302562-73ed-4cb6-8495-e4dacb5fc2dc
2026-07-22T15:26:22.854Z,GET,/workers/d15ef65c-1041-4721-9e6f-e8e65ad54918,200,1,7738.963,2195dd25-7472-4a16-bb50-ac4350e68d14
2026-07-22T15:26:25.921Z,GET,/work/f79c8ba4-eddd-49b8-98f0-49ec040cd878,200,1,4671.950,b35ffbe0-220e-4847-a43f-76cc9f79a5de
2026-07-22T15:26:22.815Z,GET,/users/354cd0e9-b04f-45cc-98a9-4b0e6de6cb6b,200,1,7790.194,73ddae7c-c334-4f32-b472-fcddae7317ba
2026-07-22T15:26:20.437Z,GET,/users/c5542ffe-53f3-4cd8-a498-b92ed90d410f,200,1,10185.327,a7a5a323-43b8-4a4e-990c-3ee8656fd882
2026-07-22T15:26:24.501Z,GET,/cars/33cae311-fe8e-45e4-a1aa-6519ac677ef3,200,1,6123.137,c59e8f7e-6ac3-4aae-bad9-4036be650e93
2026-07-22T15:26:21.393Z,GET,/workers/?page=1&pageSize=10,200,1,9236.062,a45e30f1-8753-4127-8c75-2388d5c6105d
2026-07-22T15:26:26.011Z,GET,/users/354cd0e9-b04f-45cc-98a9-4b0e6de6cb6b,200,1,4618.708,b6905afa-892f-40c7-b02b-f265af488023
2026-07-22T15:26:19.963Z,GET,/users/?page=1&pageSize=10,200,1,10682.957,0827f4f9-b8bb-4109-bc6d-a16a441669c5
2026-07-22T15:26:27.012Z,GET,/cars/?page=1&pageSize=10,200,1,3641.593,63b37f3f-5473-4cc5-ba79-d77fc1a9bfec
2026-07-22T15:26:24.982Z,GET,/users/c5542ffe-53f3-4cd8-a498-b92ed90d410f,200,1,5705.149,2eff6814-ba84-44da-81c2-834c6c2ed86f
2026-07-22T15:26:26.681Z,GET,/users/354cd0e9-b04f-45cc-98a9-4b0e6de6cb6b,200,1,4018.170,9de0bfff-8da4-4066-965a-701c6ca3ce93
2026-07-22T15:26:25.030Z,GET,/customers/c94beab5-2bd4-4ae6-a31b-05211277fc17,200,1,5683.735,0795935a-f71e-454d-89fc-e70de72497ff
2026-07-22T15:26:22.381Z,GET,/workers/d15ef65c-1041-4721-9e6f-e8e65ad54918,200,1,8340.145,5f0283f0-c60d-4adc-b3f4-42ab5d591192
2026-07-22T15:26:20.379Z,GET,/work/130b194a-5733-461f-8368-564e0a530df2,200,1,10344.414,9cd13def-aa6b-4911-9d89-886da2088ff2
2026-07-22T15:26:25.925Z,GET,/users/?page=1&pageSize=10,200,1,4823.193,1276db1e-309b-4542-91e1-de6d89109eae
2026-07-22T15:26:25.544Z,GET,/work/?page=1&pageSize=10,200,1,5205.631,8995ffec-d6e8-4a45-bca2-22fb5c659851
2026-07-22T15:26:26.151Z,GET,/work/185f9cb2-4797-48fa-a253-3e2b6f9f95a8,200,1,4610.572,0f5c7d07-7815-414e-adb0-885146002ecd
2026-07-22T15:26:24.864Z,GET,/customers/c94beab5-2bd4-4ae6-a31b-05211277fc17/with-cars,200,1,5905.395,e7311635-103b-4ade-9afe-0fb7b722844a
2026-07-22T15:26:23.577Z,GET,/cars/?page=1&pageSize=10,200,1,7208.283,0652fa72-5de1-411c-82f8-df172a7d5755
2026-07-22T15:26:19.179Z,GET,/customers/c94beab5-2bd4-4ae6-a31b-05211277fc17,200,1,11615.751,6fa1a2ab-49bd-476c-b082-ce24b76633db
2026-07-22T15:26:23.820Z,GET,/customers/dd73a830-ece4-4be5-8292-4761f9896ba9/with-cars,200,1,6975.199,fcccf54c-d7f7-4088-8191-82f37a924efd
2026-07-22T15:26:26.293Z,GET,/customers/?page=1&pageSize=10,200,1,4503.103,46e2c220-791b-47f5-9dea-a3282d73c224
2026-07-22T15:26:21.786Z,GET,/work/?page=1&pageSize=10,200,1,9018.376,f69c2034-3034-4e45-b2b4-154fff731b03
2026-07-22T15:26:23.987Z,GET,/workers/?page=1&pageSize=10,200,1,6821.819,9494b11f-bc7b-4912-98ac-9f08d4af322b
2026-07-22T15:26:21.822Z,GET,/work/?page=1&pageSize=10,200,1,9010.443,c010aad3-a59d-4c73-9475-800331418801
2026-07-22T15:26:25.051Z,GET,/customers/dd73a830-ece4-4be5-8292-4761f9896ba9/with-cars,200,1,5788.467,c7aa2e2b-07a7-446f-af92-cbab04407c1d
2026-07-22T15:26:26.633Z,GET,/users/?page=1&pageSize=10,200,1,4207.316,99d3ff57-5166-4701-9537-64d8bbcb0ff6
2026-07-22T15:26:21.467Z,GET,/work/?page=1&pageSize=10,200,1,9416.111,149cd012-d970-4c8b-b8f9-ba47228abe4b
2026-07-22T15:26:26.919Z,GET,/users/?page=1&pageSize=10,200,1,3981.755,f4c19b23-a5f0-4995-8835-ca2ec7664c65
2026-07-22T15:26:25.033Z,GET,/users/?page=1&pageSize=10,200,1,5878.868,5e494077-054d-491a-8796-e3c1a8b27d66
2026-07-22T15:26:26.606Z,GET,/orders/ce4e4525-7ae1-4b95-a68c-fcb5759309fb,200,1,4310.152,e8040668-9b0f-4733-a91d-826b7b4e2938
2026-07-22T15:26:23.777Z,GET,/work/?page=1&pageSize=10,200,1,7140.271,17c2b8e2-8315-489a-b445-ac1d63aba835
2026-07-22T15:26:25.567Z,GET,/customers/c94beab5-2bd4-4ae6-a31b-05211277fc17/with-cars,200,1,5351.498,5e7f9e94-7d96-4854-b703-c8f13823dc2d
2026-07-22T15:26:21.639Z,GET,/users/93678e6e-506a-432d-b0d9-a7aba055e1d9,200,1,9305.101,f3cb8b36-066a-484e-8c79-80c0a5087e69
2026-07-22T15:26:23.075Z,GET,/cars/?page=1&pageSize=10,200,1,7871.105,28c359f5-3df2-47ed-ada2-58159ea018ac
2026-07-22T15:26:20.162Z,GET,/customers/dd73a830-ece4-4be5-8292-4761f9896ba9/with-cars,200,1,10811.532,04376e91-33fa-49ed-a1d2-a748c3be7b5a
2026-07-22T15:26:20.560Z,GET,/work/?page=1&pageSize=10,200,1,10421.561,dd1ae8e9-46fd-47b6-acee-90f69540a91a
2026-07-22T15:26:26.493Z,GET,/workers/d15ef65c-1041-4721-9e6f-e8e65ad54918,200,1,4490.356,f7e09ace-a8c1-4baa-9905-70ffcc92c2ac
2026-07-22T15:26:26.527Z,GET,/customers/dd73a830-ece4-4be5-8292-4761f9896ba9/with-cars,200,1,4460.126,74d39a08-c250-4162-9f6d-869c2f4a1088
2026-07-22T15:26:26.602Z,GET,/cars/?page=1&pageSize=10,200,1,4391.174,487b3556-b844-487a-a74f-c87553bbaafa
2026-07-22T15:26:23.023Z,GET,/customers/dd73a830-ece4-4be5-8292-4761f9896ba9,200,1,7973.273,63d25dff-0500-44ce-a852-b782a1f368c3
2026-07-22T15:26:24.824Z,GET,/workers/6572e9a2-93ed-4249-8a0f-56a0ca992723,200,1,6202.281,08029534-a4a3-43eb-a863-bfec66c370a5
2026-07-22T15:26:26.587Z,GET,/users/?page=1&pageSize=10,200,1,4443.442,ab181469-8712-4c02-a444-7b6c3c9007e2
2026-07-22T15:26:27.112Z,GET,/workers/304a0fb4-b5e6-43e2-a72f-30524e8d7d50,200,1,3931.522,6a39af43-db4e-420e-a185-c470115790eb
2026-07-22T15:26:25.260Z,GET,/customers/?page=1&pageSize=10,200,1,5786.149,f7c5e491-29c7-4072-b586-4020b1a07f7b
2026-07-22T15:26:25.454Z,GET,/cars/?page=1&pageSize=10,200,1,5617.618,93adab21-22fc-41fb-a3ef-d1fba3f6551e
2026-07-22T15:26:24.674Z,GET,/work/?page=1&pageSize=10,200,1,6406.519,51786666-e27a-4c60-b244-6cec64a38b93
2026-07-22T15:26:23.660Z,GET,/customers/c94beab5-2bd4-4ae6-a31b-05211277fc17/with-cars,200,1,7422.532,37774251-0362-42a5-a554-fd3498f69b98
2026-07-22T15:26:24.485Z,GET,/orders/?page=1&pageSize=10,200,1,6610.780,d5d2673c-4e0d-4f0f-a411-7eb74309d83d
2026-07-22T15:26:23.358Z,GET,/work/?page=1&pageSize=10,200,1,7749.480,bf7b7874-39e6-4103-b03a-91bcdb398679
2026-07-22T15:26:24.841Z,GET,/cars/?page=1&pageSize=10,200,1,6267.823,b4a999e2-8ac4-4486-a185-d681f959cd17
2026-07-22T15:26:22.339Z,GET,/work/?page=1&pageSize=10,200,1,8770.566,3e018280-d398-47c3-9ec4-4e990720ec17
2026-07-22T15:26:27.162Z,GET,/work/?page=1&pageSize=10,200,1,3982.034,85e9ad73-7642-4401-b76b-2a1beb17c80b
2026-07-22T15:26:20.876Z,GET,/work/?page=1&pageSize=10,200,1,10269.316,7ebab130-67e2-4b97-9222-0b7d7d3754f7
2026-07-22T15:26:23.129Z,GET,/customers/?page=1&pageSize=10,200,1,8016.588,9e0d3765-84ea-4191-abd5-be04689de788
2026-07-22T15:26:24.810Z,GET,/customers/?page=1&pageSize=10,200,1,6341.741,f5625d06-94d7-4546-a38c-f4cd9d817960
2026-07-22T15:26:27.318Z,GET,/customers/dd73a830-ece4-4be5-8292-4761f9896ba9,200,1,3839.282,d2b95125-63a5-4304-95be-6650d6c00c8e
2026-07-22T15:26:22.935Z,GET,/cars/33cae311-fe8e-45e4-a1aa-6519ac677ef3,200,1,8222.835,9f111b50-4e8f-475e-85c5-e05639eb97d1
2026-07-22T15:26:26.171Z,GET,/customers/ae0bb8b0-543e-4cfa-aa8c-57dc515360e4,200,1,4988.877,ace2071d-553e-488f-a5cf-56153a890bd6
2026-07-22T15:26:24.039Z,GET,/workers/6572e9a2-93ed-4249-8a0f-56a0ca992723,200,1,7122.046,cb2502fc-bea4-40e1-a6b4-4c8b16833105
2026-07-22T15:26:25.550Z,GET,/orders/?page=1&pageSize=10,200,1,5622.967,6511d188-d1be-4fbf-8992-9c717ed4a915
2026-07-22T15:26:23.415Z,GET,/orders/1bb40596-8485-45cb-9d91-df6f390f3788,200,1,7766.323,9803be92-6f42-436b-9d52-f6a7213dc073
2026-07-22T15:26:23.314Z,GET,/users/?page=1&pageSize=10,200,1,7873.453,47fefff4-cd50-4e10-989e-c1c9fcfde4b3
2026-07-22T15:26:26.073Z,GET,/workers/d15ef65c-1041-4721-9e6f-e8e65ad54918,200,1,5142.268,fc371a61-7e58-4385-9898-d12c85e1fd8c
2026-07-22T15:26:26.965Z,GET,/work/?page=1&pageSize=10,200,1,4280.179,de5abe80-2eab-4274-8873-084440d0adfc
2026-07-22T15:26:25.328Z,GET,/cars/?page=1&pageSize=10,200,1,5919.113,ac5fa04e-044c-4d0f-a1e5-617a4683c161
2026-07-22T15:26:24.349Z,GET,/customers/c94beab5-2bd4-4ae6-a31b-05211277fc17/with-cars,200,1,6950.536,b3eff7a5-ffd9-44a0-a832-91a64734f2e0
2026-07-22T15:26:25.722Z,GET,/customers/ae0bb8b0-543e-4cfa-aa8c-57dc515360e4,200,1,5601.108,a55a4825-616b-4bc9-a925-0c8545f8e9f6
2026-07-22T15:26:26.556Z,GET,/workers/?page=1&pageSize=10,200,1,4780.528,a2f384a7-3c2e-4a68-9615-06f87585fa16
2026-07-22T15:26:25.024Z,GET,/work/?page=1&pageSize=10,200,1,6319.322,96f56ee6-89fb-441e-8d51-9467c808a1dc
2026-07-22T15:26:26.345Z,GET,/work/aa978a1c-cb70-4a47-91e8-9848f9370c9c,200,1,5015.635,35f549be-d976-4283-8dc2-27f11ff2c428
2026-07-22T15:26:25.615Z,GET,/cars/?page=1&pageSize=10,200,1,5755.758,49666d13-28d1-4b94-a0c0-25dab39ad7cc
2026-07-22T15:26:23.503Z,GET,/customers/35a594a3-48c7-4dee-99fa-1cfd8e314798,200,1,7871.648,7c28133c-3704-4e15-ad81-4dd83b25be2f
2026-07-22T15:26:23.923Z,GET,/workers/?page=1&pageSize=10,200,1,7461.269,b76f7334-f328-4450-98dd-1e2799971906
2026-07-22T15:26:25.086Z,GET,/users/c5542ffe-53f3-4cd8-a498-b92ed90d410f,200,1,6327.487,030c8f27-7690-4dc7-9add-955519ec4de6
2026-07-22T15:26:26.341Z,GET,/orders/1bb40596-8485-45cb-9d91-df6f390f3788,200,1,5073.528,cd0556ab-e1c0-49ac-90f3-dcb2d3efc4e1
2026-07-22T15:26:25.868Z,GET,/work/?page=1&pageSize=10,200,1,5550.557,b6691cdc-7476-45ab-94c3-418bce35170a
2026-07-22T15:26:27.215Z,GET,/orders/?page=1&pageSize=10,200,1,4205.810,bb6175fd-a1c4-4aca-9035-8d49f803f122
2026-07-22T15:26:26.960Z,GET,/users/93678e6e-506a-432d-b0d9-a7aba055e1d9,200,1,4468.848,c28ce041-5b53-48e4-b4f4-3426019e264f
2026-07-22T15:26:24.587Z,GET,/orders/144780f5-dee6-4203-88c2-a92271ee6669,200,1,6850.592,8c30baa4-1c25-4ef0-8f1c-99545b5ffecf
2026-07-22T15:26:25.695Z,GET,/cars/ace1a0c2-8a88-4c62-bae7-b438def83076,200,1,5748.356,03e40548-43f0-42db-b8ee-319c50c3dd1e
2026-07-22T15:26:26.543Z,GET,/workers/6572e9a2-93ed-4249-8a0f-56a0ca992723,200,1,4902.017,74650e30-e727-469c-828b-2629f8bebf01
2026-07-22T15:26:25.580Z,GET,/users/?page=1&pageSize=10,200,1,5869.658,cb3753b4-ad06-4a8f-9fc1-4b09c1842cf9
2026-07-22T15:26:27.550Z,GET,/customers/dd73a830-ece4-4be5-8292-4761f9896ba9/with-cars,200,1,3903.191,a10db604-8906-4a69-8d04-0c129fda25db
2026-07-22T15:26:24.865Z,GET,/cars/?page=1&pageSize=10,200,1,6589.002,35ecd57a-82aa-47b4-91c7-2e9fb6ecd488
2026-07-22T15:26:27.457Z,GET,/customers/c94beab5-2bd4-4ae6-a31b-05211277fc17,200,1,4000.910,946d10ce-3244-459b-a859-d8698c00378c
2026-07-22T15:26:27.291Z,GET,/customers/dd73a830-ece4-4be5-8292-4761f9896ba9/with-cars,200,1,4167.565,f165cb57-0408-4ac6-9016-a31bb9e12012
2026-07-22T15:26:23.786Z,GET,/work/f79c8ba4-eddd-49b8-98f0-49ec040cd878,200,1,7678.328,f05e5871-dfac-4879-a94f-060ae65c2ad3
2026-07-22T15:26:25.871Z,GET,/orders/1bb40596-8485-45cb-9d91-df6f390f3788,200,1,5597.207,43ccf240-12b2-42a6-8686-a04321354335
2026-07-22T15:26:20.954Z,GET,/orders/2fdeb779-be2d-481b-9580-a8856423d736,200,1,10519.462,ce43307a-29cb-4c4f-b490-9fa1c1f5de0b
2026-07-22T15:26:26.278Z,GET,/cars/ace1a0c2-8a88-4c62-bae7-b438def83076,200,1,5195.662,4f0b31ea-28ff-4a6e-b403-4b06ef020aaf
2026-07-22T15:26:25.569Z,GET,/customers/dd73a830-ece4-4be5-8292-4761f9896ba9/with-cars,200,1,5909.480,c9d4202b-b3d5-4014-b5e6-5df37e9ae2e0
2026-07-22T15:26:24.494Z,GET,/work/aa978a1c-cb70-4a47-91e8-9848f9370c9c,200,1,6993.385,e5df245a-82e4-4d2a-8035-994d020c87c4
2026-07-22T15:26:24.352Z,GET,/work/185f9cb2-4797-48fa-a253-3e2b6f9f95a8,200,1,7137.304,95214d58-9853-41a1-8b2f-703ecdba197c
2026-07-22T15:26:24.976Z,GET,/customers/dd73a830-ece4-4be5-8292-4761f9896ba9/with-cars,200,1,6513.797,66e96f14-1446-44ac-95eb-93f6bd9b9269
2026-07-22T15:26:25.412Z,GET,/cars/33cae311-fe8e-45e4-a1aa-6519ac677ef3,200,1,6082.381,fe18c5b7-fef1-407a-9189-8d62b5140713
2026-07-22T15:26:26.570Z,GET,/customers/c94beab5-2bd4-4ae6-a31b-05211277fc17/with-cars,200,1,4928.393,84a711b6-1f81-4d61-b5ec-0c7848f67214
2026-07-22T15:26:22.671Z,GET,/cars/?page=1&pageSize=10,200,1,8838.549,7fe8163f-878c-4389-a3cf-cd7e560e7c83
2026-07-22T15:26:26.534Z,GET,/work/130b194a-5733-461f-8368-564e0a530df2,200,1,4977.034,f8656561-2315-41e2-8bf3-28243697d0b6
2026-07-22T15:26:23.784Z,GET,/workers/?page=1&pageSize=10,200,1,7735.069,73b09f03-bb7d-4e29-80b8-b8a23907e201
2026-07-22T15:26:24.118Z,GET,/work/?page=1&pageSize=10,200,1,7402.803,5fb3263e-cf25-48c8-82d3-8e8931df007b
2026-07-22T15:26:26.181Z,GET,/customers/dd73a830-ece4-4be5-8292-4761f9896ba9/with-cars,200,1,5341.975,e1dc66b4-b1fd-4843-b4a8-8f9ad9a7b0ab
2026-07-22T15:26:27.495Z,GET,/users/354cd0e9-b04f-45cc-98a9-4b0e6de6cb6b,200,1,4029.797,98ef356b-ac63-4213-bb0c-dbfaa83457f1
2026-07-22T15:26:20.651Z,GET,/work/?page=1&pageSize=10,200,1,10877.387,cbc12ee3-620c-4c5b-bc38-59022a91ecf5
2026-07-22T15:26:27.156Z,GET,/customers/c94beab5-2bd4-4ae6-a31b-05211277fc17,200,1,4375.894,5f9e6805-7246-4efe-9680-61f78c7b90ad
2026-07-22T15:26:25.370Z,GET,/users/c5542ffe-53f3-4cd8-a498-b92ed90d410f,200,1,6176.743,ba084e19-63bc-4122-a79a-1b2eaa86b658
2026-07-22T15:26:24.964Z,GET,/users/354cd0e9-b04f-45cc-98a9-4b0e6de6cb6b,200,1,6586.507,e55690d5-3676-4d2a-8c54-426fd48d574f
2026-07-22T15:26:26.472Z,GET,/orders/1bb40596-8485-45cb-9d91-df6f390f3788,200,1,5079.930,df4fde45-3a90-4702-b282-4b8fc388f597
2026-07-22T15:26:26.938Z,GET,/orders/?page=1&pageSize=10,200,1,4626.100,8a5e99cc-6b21-4c60-8ca5-1f3539b24ca7
2026-07-22T15:26:25.628Z,GET,/work/?page=1&pageSize=10,200,1,5938.834,deed562f-bc33-43c9-8c71-7c4b19dee7a6
2026-07-22T15:26:26.133Z,GET,/customers/b31494c4-ef9b-4343-9b48-fccac275c847,200,1,5436.185,980e33f0-26f2-4806-95a6-6155940331ac
2026-07-22T15:26:26.134Z,GET,/orders/?page=1&pageSize=10,200,1,5464.684,a38520d7-5ed3-4fd5-a29d-3895c5d2debe
2026-07-22T15:26:21.016Z,GET,/work/?page=1&pageSize=10,200,1,10589.388,c32bdc67-b854-4d6e-8b99-b93ec9ba6943
2026-07-22T15:26:25.755Z,GET,/workers/?page=1&pageSize=10,200,1,5858.946,b1411d59-5c38-43c3-b1a1-d6c6a6afad51
2026-07-22T15:26:24.925Z,GET,/orders/67071d79-c7bc-49e9-9f20-21a835fd34f7,200,1,6689.531,48f23481-3451-4b08-9456-6123a99ad136
2026-07-22T15:26:26.487Z,GET,/orders/?page=1&pageSize=10,200,1,5135.125,04dfb3de-cfe7-4329-8889-fb268abc11c4
2026-07-22T15:26:24.935Z,GET,/orders/67071d79-c7bc-49e9-9f20-21a835fd34f7,200,1,6689.173,57a651fd-8603-4e5a-a8a5-2a3c691f85e3
2026-07-22T15:26:25.516Z,GET,/users/354cd0e9-b04f-45cc-98a9-4b0e6de6cb6b,200,1,6110.818,e6054dfa-8eca-4c3d-b771-f6a3b43f53ed
2026-07-22T15:26:26.892Z,GET,/orders/?page=1&pageSize=10,200,1,4736.384,8958a8dc-0b18-4765-bb0b-e35e79c5b2ea
2026-07-22T15:26:25.858Z,GET,/workers/?page=1&pageSize=10,200,1,5776.131,4fe2491a-7ae6-49f4-99ec-a5e19c0ebbe0
2026-07-22T15:26:26.664Z,GET,/orders/144780f5-dee6-4203-88c2-a92271ee6669,200,1,4974.080,03f1e6e6-e910-4c3c-850a-59b37a3ccd2f
2026-07-22T15:26:24.462Z,GET,/cars/?page=1&pageSize=10,200,1,7176.865,f2a3fb2c-4b4d-4d9b-92bf-e19ba50a64ab
2026-07-22T15:26:23.840Z,GET,/workers/?page=1&pageSize=10,200,1,7807.741,43e90182-0b05-429f-b6b0-c7e5c101425e
2026-07-22T15:26:25.814Z,GET,/orders/?page=1&pageSize=10,200,1,5833.979,ce541f60-2ad0-4862-85b5-d2d87e0c97e3
2026-07-22T15:26:25.871Z,GET,/cars/33cae311-fe8e-45e4-a1aa-6519ac677ef3,200,1,5780.337,56b57ff4-cb48-4079-9327-dc68f8b78714
2026-07-22T15:26:21.472Z,GET,/workers/304a0fb4-b5e6-43e2-a72f-30524e8d7d50,200,1,10182.918,9f717a80-d0e4-4ef6-ac87-0764476b8b93
2026-07-22T15:26:27.407Z,GET,/orders/?page=1&pageSize=10,200,1,4257.608,6cf85016-167a-45e3-897a-31da7a761fc1
2026-07-22T15:26:21.135Z,GET,/workers/304a0fb4-b5e6-43e2-a72f-30524e8d7d50,200,1,10555.507,b422c75f-bc6d-47ce-aaea-33a4b7716b5f
2026-07-22T15:26:25.473Z,GET,/users/?page=1&pageSize=10,200,1,6218.188,2898f6f3-5a6b-48a7-9272-3f1aed7f0d3a
2026-07-22T15:26:26.929Z,GET,/users/?page=1&pageSize=10,200,1,4768.854,ce761536-88a4-4096-aa11-ac778d0860e8
2026-07-22T15:26:25.331Z,GET,/work/47ec7d1c-550d-4f68-a20c-ca7ace59e2eb,200,1,6369.494,cf0bd836-e43b-449a-b526-cc9e3b3c288c
2026-07-22T15:26:27.048Z,GET,/orders/144780f5-dee6-4203-88c2-a92271ee6669,200,1,4662.975,7d733a40-b5e3-486e-b3e5-05e674a24e00
2026-07-22T15:26:24.479Z,GET,/cars/?page=1&pageSize=10,200,1,7245.312,46fb708d-b7ef-48d2-a871-6360f07280e8
2026-07-22T15:26:23.931Z,GET,/workers/?page=1&pageSize=10,200,1,7794.202,1524a897-05e6-477f-8016-d882a24a1518
2026-07-22T15:26:26.271Z,GET,/cars/?page=1&pageSize=10,200,1,5464.534,0694acd3-7ede-48cc-8697-a806808c9543
2026-07-22T15:26:25.169Z,GET,/work/aa978a1c-cb70-4a47-91e8-9848f9370c9c,200,1,6573.771,b78222a7-8785-4a1a-b492-0bd5287a0942
2026-07-22T15:26:24.688Z,GET,/customers/35a594a3-48c7-4dee-99fa-1cfd8e314798,200,1,7105.478,df0a98ee-1c7e-4e85-b6d2-ab607293c4f6
2026-07-22T15:26:14.196Z,GET,/work/185f9cb2-4797-48fa-a253-3e2b6f9f95a8,200,1,17612.114,4d646bba-72a3-4e8b-ae48-e420772799ee
2026-07-22T15:26:25.671Z,GET,/users/93678e6e-506a-432d-b0d9-a7aba055e1d9,200,1,6147.794,c2be6713-a015-4739-86f6-3df55bcb9ffe
2026-07-22T15:26:25.881Z,GET,/users/?page=1&pageSize=10,200,1,5940.620,f986e243-7089-4752-a765-48f00c8f6de0
2026-07-22T15:26:26.634Z,GET,/users/?page=1&pageSize=10,200,1,5187.919,5865bc21-b38d-41c0-a0a7-4b103d5fbf11
2026-07-22T15:26:26.758Z,GET,/workers/?page=1&pageSize=10,200,1,5083.789,d781b0a3-e178-4745-906e-262236d6dab4
2026-07-22T15:26:26.450Z,GET,/customers/dd73a830-ece4-4be5-8292-4761f9896ba9/with-cars,200,1,5400.014,e25b94b1-0064-4ce5-b4c0-2af57a6b37c4
2026-07-22T15:26:27.065Z,GET,/orders/?page=1&pageSize=10,200,1,4801.844,573cf40f-9c70-445f-a0bf-7b387ddb9e98
2026-07-22T15:26:24.630Z,GET,/customers/c94beab5-2bd4-4ae6-a31b-05211277fc17,200,1,7259.098,9e72570a-df7d-4d92-88c4-6c17475ba65d
2026-07-22T15:26:26.231Z,GET,/work/47ec7d1c-550d-4f68-a20c-ca7ace59e2eb,200,1,5667.758,b0798153-e4bb-484c-98d3-210cec10650f
2026-07-22T15:26:25.869Z,GET,/customers/dd73a830-ece4-4be5-8292-4761f9896ba9,200,1,6153.181,11379bc8-d045-43b5-b7fc-6b43cd4deaea
2026-07-22T15:26:24.733Z,GET,/users/c5542ffe-53f3-4cd8-a498-b92ed90d410f,200,1,7620.585,84abdcd3-1bbc-4ca9-8fc5-ef04796ec485
2026-07-22T15:26:12.006Z,GET,/orders/2fdeb779-be2d-481b-9580-a8856423d736,0,0,78374.396,
