startedAt,method,path,status,ok,ms,reqId
2026-07-22T16:16:44.507Z,GET,/cars/?page=1&pageSize=10,200,1,74.451,37c14daa-4a2b-4a54-811c-51fdb461c6de
2026-07-22T16:16:44.571Z,GET,/work/04dbc71a-9d4e-4f8b-b0c8-acd1a89a00eb,200,1,76.771,ea4b921c-bb20-49e9-9951-b4b07213d965
2026-07-22T16:16:44.600Z,POST,/work/,200,1,48.234,d26bc3b9-3b9d-4572-bd99-92e43d1b3f3f
2026-07-22T16:16:44.727Z,GET,/customers/a9d7fb78-ed1b-4234-966f-4af67efd3f84/with-cars,200,1,71.000,6c8f875b-24ce-44b7-8cfb-88d0567c1d95
2026-07-22T16:16:44.753Z,GET,/users/4418690c-833a-402a-a1d3-dbc94e9a2e4c,200,1,69.900,343d0672-32c7-47c7-8ca7-dc004d9054f8
2026-07-22T16:16:44.813Z,GET,/cars/?page=1&pageSize=10,200,1,75.798,42df5fe0-af6d-4541-ab9d-2436f4201005
2026-07-22T16:16:44.831Z,GET,/cars/?page=1&pageSize=10,200,1,100.443,aff232ac-67cc-4dd3-9b07-75bbea7fec56
2026-07-22T16:16:44.891Z,GET,/users/?page=1&pageSize=10,200,1,73.340,850c1423-ea8a-4433-b5e8-2d9f0cbda4e8
2026-07-22T16:16:44.629Z,GET,/cars/1caf72c2-83ad-442b-be55-0b9fc2af1fb0,200,1,355.883,64384da7-15df-4234-aa4b-e0be780d98ba
2026-07-22T16:16:44.932Z,GET,/workers/0daf3a67-ed52-4149-8648-ab3a7f622990,200,1,78.925,680f30e7-d35e-45c8-a150-16f27cad4229
2026-07-22T16:16:44.636Z,GET,/cars/?page=1&pageSize=10,200,1,376.824,16ca318e-82f3-4233-b59f-9f10a2679f36
2026-07-22T16:16:45.013Z,GET,/users/?page=1&pageSize=10,200,1,102.073,36bcf4b3-ae50-48e0-af27-73de060fef42
2026-07-22T16:16:45.036Z,GET,/customers/a9d7fb78-ed1b-4234-966f-4af67efd3f84/with-cars,200,1,108.599,cf085fc7-2ea8-4390-a7a0-169941d33eff
2026-07-22T16:16:44.765Z,GET,/work/?page=1&pageSize=10,200,1,409.924,fdc273c0-1218-4dae-b2b0-14542600bd4d
2026-07-22T16:16:44.783Z,GET,/work/04dbc71a-9d4e-4f8b-b0c8-acd1a89a00eb,200,1,410.376,34c5763f-4779-427f-9257-413e13014501
2026-07-22T16:16:45.124Z,GET,/cars/1caf72c2-83ad-442b-be55-0b9fc2af1fb0,200,1,112.451,5074477b-469d-4841-9432-b38028a9b2bd
2026-07-22T16:16:44.836Z,GET,/users/?page=1&pageSize=10,200,1,443.291,59171b2e-1a3f-411a-9370-be45c37207a5
2026-07-22T16:16:44.846Z,GET,/customers/?page=1&pageSize=10,200,1,452.279,41a9b01b-2828-41c2-b83d-58bc007057a4
2026-07-22T16:16:45.058Z,GET,/workers/0daf3a67-ed52-4149-8648-ab3a7f622990,200,1,317.161,4b1d29f4-a48e-48d0-9165-a08e572f629b
2026-07-22T16:16:45.224Z,GET,/customers/?page=1&pageSize=10,200,1,213.172,95255294-c1e6-465f-9804-f856667f1bc8
2026-07-22T16:16:45.052Z,GET,/orders/4f43acc8-5efd-4413-9dae-735f1865aee2,200,1,402.918,e5bc3ec8-016b-4624-9c5a-f9b253f792e6
2026-07-22T16:16:45.263Z,GET,/orders/4f43acc8-5efd-4413-9dae-735f1865aee2,200,1,196.458,e633f6b0-502b-469a-971c-0d0723e53210
2026-07-22T16:16:45.268Z,GET,/workers/?page=1&pageSize=10,200,1,193.402,58c9da1a-8652-4652-8051-d263cad3b65f
2026-07-22T16:16:45.282Z,GET,/work/?page=1&pageSize=10,200,1,201.054,5d68aee7-a300-4a04-b189-3aefdb58a6e2
2026-07-22T16:16:44.861Z,GET,/customers/?page=1&pageSize=10,200,1,657.679,02e2ffef-bf4a-4691-8fdb-75df5bc47abf
2026-07-22T16:16:44.900Z,GET,/orders/?page=1&pageSize=10,200,1,641.402,55ae346a-f4a0-423c-9ad6-8ebdc0d4d321
2026-07-22T16:16:45.434Z,PATCH,/users/change-password,200,1,123.960,afd9537b-fbc3-413e-9f5f-f92d7f75d0db
2026-07-22T16:16:45.505Z,GET,/customers/?page=1&pageSize=10,200,1,81.086,399891c7-f071-4970-b6ef-6591087b2b98
2026-07-22T16:16:45.432Z,PATCH,/orders/apply-discount,200,1,154.262,393b64a6-836e-4867-8d3c-c9e2bd92af8f
2026-07-22T16:16:45.331Z,GET,/cars/1caf72c2-83ad-442b-be55-0b9fc2af1fb0,200,1,265.029,308cce51-ea20-4f76-a0a5-fc3848818655
2026-07-22T16:16:45.388Z,GET,/users/4418690c-833a-402a-a1d3-dbc94e9a2e4c,200,1,209.009,9c22874d-6e73-4d07-9f90-ea4b170ce1ad
2026-07-22T16:16:45.524Z,PATCH,/work/change-title,200,1,75.509,5ae32340-8482-4385-ae88-5f6343429cbe
2026-07-22T16:16:44.940Z,GET,/orders/4f43acc8-5efd-4413-9dae-735f1865aee2,200,1,666.305,18c4ef89-f5e7-4f65-9ccc-241706cd481c
2026-07-22T16:16:45.142Z,PATCH,/workers/change-role,200,1,472.234,9dcb6fa5-d0b9-4e66-8b46-040e479c0ec2
2026-07-22T16:16:45.241Z,GET,/users/?page=1&pageSize=10,200,1,377.590,8848f3f2-8dd1-442e-a307-4b103b7b150f
2026-07-22T16:16:45.552Z,GET,/users/4418690c-833a-402a-a1d3-dbc94e9a2e4c,200,1,93.079,eee16969-1385-4d43-b2d6-74407c1b5c92
2026-07-22T16:16:45.596Z,PATCH,/orders/apply-discount,200,1,93.669,b9125e3a-1ca8-483c-9e2b-7463f37753fe
2026-07-22T16:16:45.550Z,GET,/customers/a9d7fb78-ed1b-4234-966f-4af67efd3f84,200,1,158.195,b46ab740-daf2-44c2-9dc2-f1b22115628d
2026-07-22T16:16:45.656Z,GET,/work/04dbc71a-9d4e-4f8b-b0c8-acd1a89a00eb,200,1,76.571,2c717608-4a24-44d1-b57b-45d1ae54eed9
2026-07-22T16:16:44.962Z,GET,/customers/a9d7fb78-ed1b-4234-966f-4af67efd3f84/with-cars,200,1,778.050,516dfa2a-7245-4616-b7ec-b8ec76ae1016
2026-07-22T16:16:45.658Z,PATCH,/workers/change-hourly-rate,200,1,99.680,13f9a9e7-a2dd-4c74-adc2-af4e5969b96e
2026-07-22T16:16:45.666Z,PATCH,/workers/change-role,200,1,96.326,4b53698b-8ce0-4525-bfad-ca1b2dee4ffa
2026-07-22T16:16:45.087Z,GET,/customers/a9d7fb78-ed1b-4234-966f-4af67efd3f84,200,1,680.891,5ad91eff-ea2f-4542-a4a8-dbe161b0e262
2026-07-22T16:16:45.091Z,GET,/customers/?page=1&pageSize=10,200,1,681.205,618376a5-675b-44dc-94f0-10a5bb4e0d6a
2026-07-22T16:16:45.741Z,GET,/customers/a9d7fb78-ed1b-4234-966f-4af67efd3f84,200,1,125.924,9b0c3001-6811-44b2-a8f2-0972c539edce
2026-07-22T16:16:45.659Z,GET,/orders/?page=1&pageSize=10,200,1,213.070,0dfafb77-e08a-4ee9-92fb-14c4ab109bd3
2026-07-22T16:16:45.398Z,GET,/workers/0daf3a67-ed52-4149-8648-ab3a7f622990,200,1,486.980,711c1a6c-ca3c-4dd4-8006-bea4cecce565
2026-07-22T16:16:45.755Z,PATCH,/orders/apply-discount,200,1,133.045,86e374c1-32bd-4963-8df9-9e9f5930a3d5
2026-07-22T16:16:45.722Z,GET,/cars/?page=1&pageSize=10,200,1,177.579,78f59e68-fdb7-4385-978c-b68e15de170f
2026-07-22T16:16:45.802Z,GET,/workers/0daf3a67-ed52-4149-8648-ab3a7f622990,200,1,123.539,b7bf11a8-c253-4800-890e-68c6e09fb97b
2026-07-22T16:16:45.601Z,GET,/customers/a9d7fb78-ed1b-4234-966f-4af67efd3f84,200,1,354.885,26f35f3d-db8e-4909-839a-a867cc58b6dc
2026-07-22T16:16:45.617Z,GET,/workers/0daf3a67-ed52-4149-8648-ab3a7f622990,200,1,341.699,d60cbbb8-dc28-4e02-a828-b7b8ffaa5adb
2026-07-22T16:16:45.883Z,GET,/workers/?page=1&pageSize=10,200,1,100.732,9b803e7a-c6ce-4acb-85f3-0feee4d337e4
2026-07-22T16:16:45.922Z,PATCH,/work/change-title,200,1,135.631,8a3bf785-2f0c-40bf-802d-4c24fed44ee6
2026-07-22T16:16:45.965Z,PATCH,/customers/rename,200,1,124.688,b9692039-be94-4448-82f5-11ce631a9c91
2026-07-22T16:16:44.880Z,GET,/work/04dbc71a-9d4e-4f8b-b0c8-acd1a89a00eb,200,1,1209.766,e4aec284-0ba6-49b2-ad2b-37a920a096d6
2026-07-22T16:16:45.984Z,GET,/work/0cdfd373-8dfe-4775-a0df-5610acb3e5e8,200,1,136.845,70f65eee-502c-423d-a49b-12e8c657e6bc
2026-07-22T16:16:45.901Z,GET,/workers/?page=1&pageSize=10,200,1,225.995,1792d6e5-c16a-48e8-8236-2648956aa88c
2026-07-22T16:16:45.918Z,GET,/cars/1caf72c2-83ad-442b-be55-0b9fc2af1fb0,200,1,217.146,c7f422cb-6148-455c-af98-1a9e3e1c8513
2026-07-22T16:16:45.829Z,GET,/cars/?page=1&pageSize=10,200,1,325.525,dea01fec-d2b9-4f65-b68d-48a73ff05c69
2026-07-22T16:16:45.724Z,GET,/users/?page=1&pageSize=10,200,1,433.139,822da1c2-b722-4c93-8553-4c3d60b9397f
2026-07-22T16:16:45.928Z,GET,/orders/?page=1&pageSize=10,200,1,233.310,8f9e6470-7462-46b4-9feb-20cc83685c22
2026-07-22T16:16:45.743Z,GET,/work/?page=1&pageSize=10,200,1,499.364,63b3a1e2-03be-4cd2-842f-e43736639893
2026-07-22T16:16:46.013Z,GET,/work/0cdfd373-8dfe-4775-a0df-5610acb3e5e8,200,1,337.831,979a63a1-5c53-4702-8ee9-2f7c5e734b09
2026-07-22T16:16:45.752Z,GET,/users/4418690c-833a-402a-a1d3-dbc94e9a2e4c,200,1,615.804,8ef95a96-478c-49ac-8b40-5c3b96c4df79
2026-07-22T16:16:46.259Z,PATCH,/customers/rename,200,1,123.426,70d9ac6e-d313-436b-aea1-004ecde3aa72
2026-07-22T16:16:46.168Z,GET,/work/04dbc71a-9d4e-4f8b-b0c8-acd1a89a00eb,200,1,216.478,ee5f21d5-a75d-46b6-b6a8-e504e4297b4b
2026-07-22T16:16:46.178Z,GET,/customers/a9d7fb78-ed1b-4234-966f-4af67efd3f84/with-cars,200,1,218.082,018e3ec8-1cd9-476f-b734-088d155d7897
2026-07-22T16:16:45.962Z,GET,/cars/?page=1&pageSize=10,200,1,452.231,618a4077-1e68-483f-8749-ebdfe8380f33
2026-07-22T16:16:45.701Z,GET,/orders/?page=1&pageSize=10,200,1,715.565,1c42c615-190e-49dd-9cf8-9fcb5b506fe7
2026-07-22T16:16:46.105Z,GET,/orders/?page=1&pageSize=10,200,1,320.350,0d8cdafd-6c78-42d4-b15d-ef8ba791db86
2026-07-22T16:16:46.108Z,GET,/users/4418690c-833a-402a-a1d3-dbc94e9a2e4c,200,1,326.493,4583e788-90b6-4cf7-bdb6-2063dacebecf
2026-07-22T16:16:46.158Z,GET,/customers/a9d7fb78-ed1b-4234-966f-4af67efd3f84/with-cars,200,1,322.368,a59668aa-b1dc-4b9b-b131-edb7b035f8b6
2026-07-22T16:16:45.952Z,GET,/users/?page=1&pageSize=10,200,1,530.922,b76e3700-ff76-40b3-bd0f-8bdff37bf177
2026-07-22T16:16:46.182Z,GET,/work/?page=1&pageSize=10,200,1,303.288,5e08d79b-621e-4da3-8abe-a97ba8e43ab9
2026-07-22T16:16:46.340Z,PATCH,/work/set-estimate,200,1,191.314,b7185b98-0dc8-4a64-b834-769916843dbf
2026-07-22T16:16:45.941Z,GET,/cars/1caf72c2-83ad-442b-be55-0b9fc2af1fb0,200,1,605.296,7d1ffb0b-8ece-4275-98a6-b13ff4f796cc
2026-07-22T16:16:46.022Z,GET,/cars/1caf72c2-83ad-442b-be55-0b9fc2af1fb0,200,1,529.296,ca9eb242-0130-4d57-9456-952ea843353b
2026-07-22T16:16:46.348Z,POST,/users/,200,1,212.828,5cc3543f-0bbb-4545-b4f4-4c27533f83d2
2026-07-22T16:16:46.421Z,GET,/workers/0daf3a67-ed52-4149-8648-ab3a7f622990,200,1,183.652,6fc68f29-9dce-4550-acf4-d14787a2a328
2026-07-22T16:16:46.361Z,GET,/work/?page=1&pageSize=10,200,1,308.307,003904d1-5cbc-4e1b-89f3-04a0524fe3cf
2026-07-22T16:16:46.401Z,GET,/users/4418690c-833a-402a-a1d3-dbc94e9a2e4c,200,1,292.410,c56a84e1-e2bb-4778-b68f-ca1ca4864646
2026-07-22T16:16:46.598Z,PATCH,/orders/set-priority,200,1,105.585,2783b106-f2f1-4057-a387-60b808a833e1
2026-07-22T16:16:46.515Z,GET,/orders/?page=1&pageSize=10,200,1,236.805,28296e80-b708-4443-85ee-30d02c7f5723
2026-07-22T16:16:46.111Z,GET,/customers/a9d7fb78-ed1b-4234-966f-4af67efd3f84,200,1,654.061,4eebaf0d-74b6-4509-9195-23677b04bf08
2026-07-22T16:16:46.339Z,GET,/work/?page=1&pageSize=10,200,1,428.055,f32c2f7f-fac5-4ac4-8319-f342b0ec82c2
2026-07-22T16:16:46.545Z,GET,/orders/4f43acc8-5efd-4413-9dae-735f1865aee2,200,1,231.668,45386c75-774e-46de-8890-d823bab9bbd6
2026-07-22T16:16:46.144Z,GET,/cars/?page=1&pageSize=10,200,1,637.773,cdf771ec-1804-4d0e-bbaa-61c277b4b9be
2026-07-22T16:16:46.473Z,GET,/workers/?page=1&pageSize=10,200,1,335.092,7b1abba7-9b0e-4b18-8431-46a888e41169
2026-07-22T16:16:46.074Z,GET,/customers/?page=1&pageSize=10,200,1,745.789,b9265c85-0096-4cee-a3f0-3f9dfcb14b44
2026-07-22T16:16:46.606Z,GET,/orders/4f43acc8-5efd-4413-9dae-735f1865aee2,200,1,216.738,d5c590c4-69f4-4412-a4f3-affe1ec4227c
2026-07-22T16:16:46.505Z,GET,/work/04dbc71a-9d4e-4f8b-b0c8-acd1a89a00eb,200,1,356.207,8b21d6bc-09c1-4815-80cc-0e2f9fa385cc
2026-07-22T16:16:46.758Z,PATCH,/customers/change-contacts,200,1,109.825,59b5390e-e171-4fa3-9b62-b9d1d5bfc385
2026-07-22T16:16:46.551Z,GET,/orders/?page=1&pageSize=10,200,1,330.777,65dd4f75-3143-4405-8fd8-1ba941f15183
2026-07-22T16:16:46.718Z,GET,/orders/4f43acc8-5efd-4413-9dae-735f1865aee2,200,1,215.357,ce37cd11-bbdf-4e79-93a4-614c6158af39
2026-07-22T16:16:46.720Z,GET,/users/?page=1&pageSize=10,200,1,227.637,ab6105ee-b275-467d-8e91-3c2b3801c8b6
2026-07-22T16:16:46.847Z,GET,/workers/?page=1&pageSize=10,200,1,128.229,05f2b885-9f83-45e2-bf83-59dd094f364c
2026-07-22T16:16:46.790Z,GET,/orders/?page=1&pageSize=10,200,1,213.687,ee66f40a-d939-4061-91c9-671793ce9802
2026-07-22T16:16:46.582Z,GET,/orders/?page=1&pageSize=10,200,1,436.816,b3c52608-c6fe-45f8-be2b-ea555e28bc2a
2026-07-22T16:16:46.725Z,GET,/workers/?page=1&pageSize=10,200,1,346.605,818c0546-fa98-453a-8225-8ae21b08129d
2026-07-22T16:16:46.995Z,GET,/cars/1caf72c2-83ad-442b-be55-0b9fc2af1fb0,200,1,133.401,bf023ff8-c710-4f39-9fc5-b30204176a3b
2026-07-22T16:16:47.014Z,GET,/orders/4f43acc8-5efd-4413-9dae-735f1865aee2,200,1,141.826,c765bd61-5eee-49ef-b609-df505b0a10b0
2026-07-22T16:16:46.925Z,GET,/workers/0daf3a67-ed52-4149-8648-ab3a7f622990,200,1,242.697,4595087e-7a83-4d98-9a04-19da832db5ed
2026-07-22T16:16:46.951Z,GET,/cars/?page=1&pageSize=10,200,1,232.887,3bc6a1fa-8123-45ed-9db8-fa091082c1a9
2026-07-22T16:16:46.575Z,GET,/customers/a9d7fb78-ed1b-4234-966f-4af67efd3f84,200,1,612.124,b2a0c077-345d-4d80-bc3c-9253398a6884
2026-07-22T16:16:46.890Z,GET,/users/4418690c-833a-402a-a1d3-dbc94e9a2e4c,200,1,304.868,d62e1b11-35fa-4cf5-b9fe-681e53175a58
2026-07-22T16:16:46.912Z,GET,/cars/1caf72c2-83ad-442b-be55-0b9fc2af1fb0,200,1,297.006,12da12d5-53c7-4e30-9506-26d2da69b7fa
2026-07-22T16:16:47.134Z,GET,/work/?page=1&pageSize=10,200,1,104.716,ddd82a85-a069-463c-8cfc-eed37b912d39
2026-07-22T16:16:47.162Z,GET,/customers/a9d7fb78-ed1b-4234-966f-4af67efd3f84/with-cars,200,1,103.414,216abb47-c663-45ef-a982-bed9ea66ed47
2026-07-22T16:16:47.244Z,PATCH,/customers/rename,200,1,94.128,83e3e88a-8551-4982-a485-e31cb3a7330a
2026-07-22T16:16:47.094Z,GET,/orders/4f43acc8-5efd-4413-9dae-735f1865aee2,200,1,262.499,0fccd794-e5b8-4576-b3ed-7d49885989e7
2026-07-22T16:16:47.289Z,GET,/orders/?page=1&pageSize=10,200,1,109.306,f3dddfca-27b5-44ab-8a76-9898c8c0ed74
2026-07-22T16:16:47.233Z,GET,/work/04dbc71a-9d4e-4f8b-b0c8-acd1a89a00eb,200,1,184.642,2a61ec3b-359d-4fb4-85f0-f4d48caea3f3
2026-07-22T16:16:47.247Z,GET,/users/4418690c-833a-402a-a1d3-dbc94e9a2e4c,200,1,190.105,2663973d-6f38-4cc5-8f43-fdf209180318
2026-07-22T16:16:47.346Z,GET,/customers/a9d7fb78-ed1b-4234-966f-4af67efd3f84/with-cars,200,1,133.883,df8f002f-d485-47c6-9d03-f9c3709bbe57
2026-07-22T16:16:47.205Z,GET,/orders/4f43acc8-5efd-4413-9dae-735f1865aee2,200,1,287.362,0893990d-7167-4763-9121-5e659e928bb5
2026-07-22T16:16:47.113Z,GET,/customers/a9d7fb78-ed1b-4234-966f-4af67efd3f84,200,1,380.765,3d7cbcb4-d35c-4205-9e6c-fc01cd44658c
2026-07-22T16:16:47.232Z,GET,/cars/?page=1&pageSize=10,200,1,289.285,8f902401-ac16-4354-9d68-7ab28d65afa1
2026-07-22T16:16:46.553Z,GET,/workers/?page=1&pageSize=10,200,1,970.906,1984a080-a892-49fe-95bb-6d38b040c0f3
2026-07-22T16:16:47.466Z,GET,/work/?page=1&pageSize=10,200,1,94.613,19a227a2-7495-4b52-a3a2-d8b956a942bc
2026-07-22T16:16:47.518Z,GET,/work/?page=1&pageSize=10,200,1,124.325,8d351960-165f-4436-97d4-d593baf6e41b
2026-07-22T16:16:46.607Z,GET,/workers/0daf3a67-ed52-4149-8648-ab3a7f622990,200,1,1039.679,95991f20-bd48-477b-9016-a459f76eb906
2026-07-22T16:16:47.561Z,GET,/work/?page=1&pageSize=10,200,1,127.009,455c66e8-f95d-41be-aa71-54c3319a6ad6
2026-07-22T16:16:47.467Z,GET,/workers/?page=1&pageSize=10,200,1,226.181,6a9c21ff-3152-42ae-b92b-01d906a79b7f
2026-07-22T16:16:47.381Z,GET,/orders/?page=1&pageSize=10,200,1,319.738,9dd65639-05a8-445f-bd75-a3544eef1afd
2026-07-22T16:16:47.262Z,GET,/customers/a9d7fb78-ed1b-4234-966f-4af67efd3f84/with-cars,200,1,452.957,5db4a0d5-5b56-4a21-8353-057491c3176f
2026-07-22T16:16:46.443Z,GET,/customers/a9d7fb78-ed1b-4234-966f-4af67efd3f84/with-cars,200,1,1288.312,babb4c54-64cc-4627-b8cc-4ba91f93637b
2026-07-22T16:16:46.033Z,GET,/workers/0daf3a67-ed52-4149-8648-ab3a7f622990,200,1,1789.679,12ce104b-e96c-43e6-ad4e-de731993dfac
2026-07-22T16:16:47.614Z,GET,/cars/1caf72c2-83ad-442b-be55-0b9fc2af1fb0,200,1,252.725,f5308a74-ae5f-4b87-a5df-1f8c69cd57c8
2026-07-22T16:16:47.541Z,GET,/customers/a9d7fb78-ed1b-4234-966f-4af67efd3f84,200,1,352.515,6c3d9565-7ddb-42c4-b7cf-9729e8bec28d
2026-07-22T16:16:47.762Z,PATCH,/work/change-description,200,1,131.179,24e4ea44-a222-46a5-b7c3-5f13c2ea8ce2
2026-07-22T16:16:47.395Z,GET,/cars/?page=1&pageSize=10,200,1,505.411,148cb01d-7698-4e1d-9490-05e9154fd6e1
2026-07-22T16:16:47.706Z,GET,/orders/?page=1&pageSize=10,200,1,198.745,b6b6d745-a7a1-4a96-8ae6-0d9714d49624
2026-07-22T16:16:47.597Z,GET,/cars/?page=1&pageSize=10,200,1,316.992,eac7d533-eba3-4418-b0ff-a8f2b993bdeb
2026-07-22T16:16:47.718Z,GET,/users/0929f53a-5cc3-4c75-9e03-7aaeac2fc1ab,200,1,211.292,8f2b9bc7-92b3-4996-ac2e-91eceaaf881f
2026-07-22T16:16:47.720Z,GET,/cars/?page=1&pageSize=10,200,1,222.914,12d02d90-85fd-4f15-b3db-ca93de4f06c7
2026-07-22T16:16:47.632Z,GET,/customers/?page=1&pageSize=10,200,1,327.529,c1d54ca1-477b-4b86-b141-59df0fbbe767
2026-07-22T16:16:46.546Z,GET,/orders/?page=1&pageSize=10,200,1,1484.517,d87a6329-0606-43ed-b2dd-c7ccb6e360db
2026-07-22T16:16:47.885Z,GET,/users/?page=1&pageSize=10,200,1,160.231,53c7ed17-3538-42a4-8f5b-8d5e11c60c74
2026-07-22T16:16:47.318Z,GET,/cars/1caf72c2-83ad-442b-be55-0b9fc2af1fb0,200,1,730.926,6eb4f4c3-e786-4fa1-9679-5328d90bae7d
2026-07-22T16:16:47.914Z,GET,/cars/1caf72c2-83ad-442b-be55-0b9fc2af1fb0,200,1,174.164,e301f211-3f0d-4a21-9fad-607458d61448
2026-07-22T16:16:47.668Z,GET,/work/?page=1&pageSize=10,200,1,474.409,4c83507b-7e9b-4e2c-8648-235fe7afa1bc
2026-07-22T16:16:46.742Z,GET,/customers/?page=1&pageSize=10,200,1,1473.755,e632efcd-d249-47bb-ac48-1d3fa7be52ba
2026-07-22T16:16:48.025Z,GET,/work/0cdfd373-8dfe-4775-a0df-5610acb3e5e8,200,1,202.380,113bc20c-95b6-4029-878e-0a8aad8bdb76
2026-07-22T16:16:47.350Z,GET,/users/0929f53a-5cc3-4c75-9e03-7aaeac2fc1ab,200,1,880.427,0a02659e-5117-4a25-a57f-937a9171712f
2026-07-22T16:16:48.029Z,GET,/workers/0daf3a67-ed52-4149-8648-ab3a7f622990,200,1,212.664,e369947e-a1a4-44e8-a479-08e16bb9b607
2026-07-22T16:16:47.815Z,GET,/work/?page=1&pageSize=10,200,1,455.006,87e77bbc-ebb9-475b-ae03-fe7158a33c9f
2026-07-22T16:16:47.803Z,GET,/cars/1caf72c2-83ad-442b-be55-0b9fc2af1fb0,200,1,472.261,09761dba-e24a-4422-b380-c2fc79acc8ad
2026-07-22T16:16:48.166Z,PATCH,/cars/record-mileage,200,1,114.132,3f6e6c5b-df86-46a3-a970-fce14248f400
2026-07-22T16:16:47.986Z,GET,/customers/a9d7fb78-ed1b-4234-966f-4af67efd3f84,200,1,296.356,95f9a0b3-42a2-4dd1-91e1-abbd0321f05d
2026-07-22T16:16:48.076Z,GET,/cars/1caf72c2-83ad-442b-be55-0b9fc2af1fb0,200,1,220.167,dbc23a2f-cdf9-4e8b-899d-9ce2b83ba15d
2026-07-22T16:16:48.009Z,GET,/customers/?page=1&pageSize=10,200,1,293.862,5744d820-e37d-4277-929e-c006521c027c
2026-07-22T16:16:48.221Z,PATCH,/work/change-description,200,1,91.886,bcb2147f-1bf6-48ba-a2ac-62112962f93c
2026-07-22T16:16:45.995Z,GET,/users/?page=1&pageSize=10,200,1,2319.716,391aa0a5-f2f9-4099-be63-9d0b0899cdda
2026-07-22T16:16:48.134Z,GET,/cars/1caf72c2-83ad-442b-be55-0b9fc2af1fb0,200,1,184.614,f81dd1f3-434f-49a4-b05e-b4a3e9e33cfe
2026-07-22T16:16:47.740Z,GET,/work/?page=1&pageSize=10,200,1,647.502,d7c4fce5-d964-4c1c-ac39-9d64207b306c
2026-07-22T16:16:48.268Z,GET,/users/?page=1&pageSize=10,200,1,155.133,7e89bf0c-5bfc-400b-8b5e-5d0a31da10f6
2026-07-22T16:16:48.278Z,GET,/workers/?page=1&pageSize=10,200,1,155.731,8d4ead98-ba57-4060-b1e9-13139ac5e75f
2026-07-22T16:16:48.190Z,GET,/customers/a9d7fb78-ed1b-4234-966f-4af67efd3f84/with-cars,200,1,285.946,5e4e2158-2f65-4c45-b50c-082c842bf3bb
2026-07-22T16:16:48.295Z,GET,/work/04dbc71a-9d4e-4f8b-b0c8-acd1a89a00eb,200,1,188.476,630632c9-c03a-4118-baf2-faefe3002081
2026-07-22T16:16:46.760Z,GET,/customers/a9d7fb78-ed1b-4234-966f-4af67efd3f84/with-cars,200,1,1734.089,a365c6fb-4386-4459-a270-d8d00cd953ad
2026-07-22T16:16:47.783Z,GET,/workers/?page=1&pageSize=10,200,1,712.627,28f7e49f-eedf-481e-b39f-b446569cdacd
2026-07-22T16:16:48.031Z,GET,/customers/a9d7fb78-ed1b-4234-966f-4af67efd3f84,200,1,470.591,c74ddcc0-93ee-4104-a2b2-55134648045e
2026-07-22T16:16:48.424Z,PATCH,/customers/rename,200,1,78.064,659ace51-fed2-4a30-8067-de3fc8b6d332
2026-07-22T16:16:48.348Z,GET,/orders/4f43acc8-5efd-4413-9dae-735f1865aee2,200,1,174.303,9c5245be-3875-442e-b5e5-1a521ca17c51
2026-07-22T16:16:48.301Z,GET,/users/0929f53a-5cc3-4c75-9e03-7aaeac2fc1ab,200,1,253.155,2ba596e5-8105-4d6b-8372-7e94a21b3926
2026-07-22T16:16:48.466Z,PATCH,/cars/record-mileage,200,1,90.162,209e3717-d33c-4798-bf81-a14d3c9f194c
2026-07-22T16:16:48.500Z,PATCH,/orders/set-priority,200,1,82.505,5bd70a92-7196-44b8-b9ba-187699f1f959
2026-07-22T16:16:48.435Z,GET,/orders/?page=1&pageSize=10,200,1,151.867,fd4f0e9a-52d4-4c16-8932-5dd8d8cc3ca9
2026-07-22T16:16:48.451Z,GET,/work/?page=1&pageSize=10,200,1,146.153,36b594cf-24e5-4f1e-b28c-847787f77e4e
2026-07-22T16:16:48.357Z,GET,/cars/1caf72c2-83ad-442b-be55-0b9fc2af1fb0,200,1,264.446,387a71a2-81a9-45e2-900e-9b38ecbc09b9
2026-07-22T16:16:48.538Z,PATCH,/cars/record-mileage,200,1,84.169,a65a2b9e-abd1-4bb7-b2d1-8bad7bd91ad1
2026-07-22T16:16:48.545Z,PATCH,/workers/change-hourly-rate,200,1,84.067,6d85b7c1-e78a-4cae-b802-fcfae75ed156
2026-07-22T16:16:48.498Z,GET,/work/?page=1&pageSize=10,200,1,140.707,fe8d62db-3451-414a-9ba3-5d3a7999bc99
2026-07-22T16:16:48.524Z,GET,/cars/1caf72c2-83ad-442b-be55-0b9fc2af1fb0,200,1,125.822,08ccf071-cf8a-4901-9be9-9489b48d758a
2026-07-22T16:16:48.619Z,GET,/customers/a9d7fb78-ed1b-4234-966f-4af67efd3f84,200,1,129.822,9cbef012-7c15-4f82-94db-2c2fd95263e4
2026-07-22T16:16:48.468Z,GET,/orders/?page=1&pageSize=10,200,1,296.994,f9489f2d-980a-4d13-8e5c-7ecb133711fb
2026-07-22T16:16:48.225Z,GET,/users/0929f53a-5cc3-4c75-9e03-7aaeac2fc1ab,200,1,542.825,beb3140c-c7be-4595-8c6d-7338b374be3c
2026-07-22T16:16:48.798Z,GET,/orders/?page=1&pageSize=10,200,1,104.440,c03aa4a4-44c3-461a-84b5-021085c314ff
2026-07-22T16:16:48.627Z,GET,/work/?page=1&pageSize=10,200,1,285.426,2b131a15-8842-4f02-9d9f-c7003b8a9ede
2026-07-22T16:16:48.807Z,GET,/workers/0daf3a67-ed52-4149-8648-ab3a7f622990,200,1,112.744,a23e29ea-ab1f-484a-bdd9-8bb0050d2e30
2026-07-22T16:16:48.825Z,GET,/orders/?page=1&pageSize=10,200,1,171.750,d6ec504f-0a57-41c7-80d1-fd6cd3e6c91e
2026-07-22T16:16:48.907Z,GET,/customers/a9d7fb78-ed1b-4234-966f-4af67efd3f84,200,1,94.334,0824476c-5e05-4c4c-9893-4db219bbd46d
2026-07-22T16:16:48.977Z,PATCH,/work/change-title,200,1,59.651,5ea6dd22-0090-4d2a-a201-22b547b6e47d
2026-07-22T16:16:48.954Z,GET,/work/04dbc71a-9d4e-4f8b-b0c8-acd1a89a00eb,200,1,112.876,3640c0d7-4106-4789-9fec-44b278abb0aa
2026-07-22T16:16:48.873Z,GET,/users/?page=1&pageSize=10,200,1,260.553,fb584360-4ec8-4386-935f-03329dfa321b
2026-07-22T16:16:48.915Z,GET,/users/0929f53a-5cc3-4c75-9e03-7aaeac2fc1ab,200,1,223.871,ea235204-8416-4caf-9c1e-c6ed2c19b752
2026-07-22T16:16:49.005Z,GET,/orders/?page=1&pageSize=10,200,1,146.898,a9b35a17-018b-475a-a62b-d6fd795fc3ed
2026-07-22T16:16:48.964Z,GET,/orders/4f43acc8-5efd-4413-9dae-735f1865aee2,200,1,224.077,7fbe0724-3f76-4f8a-b4ec-f3a72a80b3da
2026-07-22T16:16:49.078Z,GET,/cars/?page=1&pageSize=10,200,1,157.524,d7cf02a9-c04e-4fdf-b982-51267a152243
2026-07-22T16:16:49.008Z,GET,/work/?page=1&pageSize=10,200,1,230.680,22f312ca-fb6c-46bc-8b28-668305f2e49c
2026-07-22T16:16:49.020Z,GET,/workers/?page=1&pageSize=10,200,1,267.406,3c24163c-5e2a-40ef-a957-040944ac2d94
2026-07-22T16:16:49.040Z,GET,/work/0cdfd373-8dfe-4775-a0df-5610acb3e5e8,200,1,248.831,a7b04a06-47bf-46a6-b0c1-61b5283ebd2e
2026-07-22T16:16:49.165Z,GET,/users/?page=1&pageSize=10,200,1,151.499,8072b6b6-8876-4e92-b660-e1caa237f6fc
2026-07-22T16:16:48.914Z,GET,/cars/1caf72c2-83ad-442b-be55-0b9fc2af1fb0,200,1,433.282,220bf906-8be7-4dcb-9c4f-a9f3c822d0b0
2026-07-22T16:16:49.290Z,PATCH,/cars/record-mileage,200,1,128.471,c5095e3f-4edc-42c9-b42b-c0a6d306a680
2026-07-22T16:16:49.241Z,GET,/users/4418690c-833a-402a-a1d3-dbc94e9a2e4c,200,1,183.916,93df2b2a-ecf0-40fa-a0a2-0cb66112b28d
2026-07-22T16:16:49.023Z,GET,/users/4418690c-833a-402a-a1d3-dbc94e9a2e4c,200,1,416.086,8689660e-7c2e-4923-acb4-e1c0537e3522
2026-07-22T16:16:48.994Z,GET,/users/4418690c-833a-402a-a1d3-dbc94e9a2e4c,200,1,455.460,7f579a06-9b61-4923-9036-5345d60a94ce
2026-07-22T16:16:49.273Z,GET,/cars/?page=1&pageSize=10,200,1,217.733,152f3618-4bb7-4000-a578-b607aa46672b
2026-07-22T16:16:49.226Z,GET,/orders/?page=1&pageSize=10,200,1,265.556,94b2254f-1754-4283-b606-5cf6ec35f70b
2026-07-22T16:16:49.278Z,GET,/orders/?page=1&pageSize=10,200,1,228.490,6a8773e0-5fd6-4781-beba-b845ad89a846
2026-07-22T16:16:49.250Z,GET,/orders/?page=1&pageSize=10,200,1,268.868,798eb9aa-3cf5-402c-821a-9fd4e8f191dd
2026-07-22T16:16:49.357Z,GET,/customers/?page=1&pageSize=10,200,1,175.374,0539e0c3-2588-4b9c-b50a-cebdbf7f2fd8
2026-07-22T16:16:49.296Z,GET,/orders/?page=1&pageSize=10,200,1,301.165,2da4f5b7-dadf-4199-a667-5ec82fe78cfc
2026-07-22T16:16:49.508Z,PATCH,/customers/rename,200,1,105.796,3edef125-cdc4-43e2-8021-8da67a5011de
2026-07-22T16:16:49.458Z,GET,/orders/?page=1&pageSize=10,200,1,187.004,c2050bb8-f2f8-4352-9a4f-83b7d8f43a85
2026-07-22T16:16:49.532Z,PATCH,/orders/set-priority,200,1,114.331,bf02ebba-da3b-48ff-bdfd-392f343c92b6
2026-07-22T16:16:49.462Z,GET,/workers/0daf3a67-ed52-4149-8648-ab3a7f622990,200,1,197.062,5eb71965-3dbc-4c31-a37f-cf8bc1789bf5
2026-07-22T16:16:49.506Z,GET,/users/?page=1&pageSize=10,200,1,208.783,6fd4794b-20d0-430a-b261-9d2eec8d5c3c
2026-07-22T16:16:49.593Z,GET,/customers/a9d7fb78-ed1b-4234-966f-4af67efd3f84/with-cars,200,1,231.811,5e2620c5-4988-4341-9fe6-3bd2480495e5
2026-07-22T16:16:49.114Z,GET,/workers/?page=1&pageSize=10,200,1,713.920,9a74d339-c6eb-464b-9c1b-1da026d2df1e
2026-07-22T16:16:49.527Z,GET,/users/?page=1&pageSize=10,200,1,344.261,991233d8-cf81-4748-8b38-942b4a6a742a
2026-07-22T16:16:49.043Z,GET,/work/?page=1&pageSize=10,200,1,829.112,64fda9fc-1c56-4b8e-aa75-ca74740baa89
2026-07-22T16:16:49.634Z,GET,/work/04dbc71a-9d4e-4f8b-b0c8-acd1a89a00eb,200,1,246.408,6da41991-df7f-45ef-805b-fea057b280ce
2026-07-22T16:16:49.497Z,GET,/customers/a9d7fb78-ed1b-4234-966f-4af67efd3f84,200,1,412.702,4c154b64-084a-4638-bbcb-101537828116
2026-07-22T16:16:49.676Z,GET,/users/?page=1&pageSize=10,200,1,240.447,564e6bb1-1834-4531-b64b-a9c73c47da92
2026-07-22T16:16:49.727Z,GET,/orders/4f43acc8-5efd-4413-9dae-735f1865aee2,200,1,207.270,a0e890ad-46f7-46f9-ba39-f641be86180c
2026-07-22T16:16:49.725Z,GET,/cars/?page=1&pageSize=10,200,1,241.516,390738af-f99d-4841-bf98-7b1b2466ee4f
2026-07-22T16:16:49.365Z,GET,/work/0cdfd373-8dfe-4775-a0df-5610acb3e5e8,200,1,612.061,f15eb508-af37-4fc2-8cdd-25654cbe2875
2026-07-22T16:16:49.475Z,GET,/work/04dbc71a-9d4e-4f8b-b0c8-acd1a89a00eb,200,1,510.969,d386dc10-a942-4301-8782-46b02bc7943c
2026-07-22T16:16:49.515Z,GET,/work/0cdfd373-8dfe-4775-a0df-5610acb3e5e8,200,1,496.371,5f0959f0-18d3-44a2-b739-9fe02dbb2472
2026-07-22T16:16:49.613Z,GET,/workers/0daf3a67-ed52-4149-8648-ab3a7f622990,200,1,406.447,4f937f59-0381-4c63-af3f-895ae02dbe5b
2026-07-22T16:16:49.853Z,GET,/orders/?page=1&pageSize=10,200,1,197.549,0594a2a3-34c3-4730-8c72-88f175c5b09c
2026-07-22T16:16:49.367Z,GET,/cars/?page=1&pageSize=10,200,1,712.578,57d007f1-743e-4c3c-bb19-5a3fff0bec8c
2026-07-22T16:16:49.530Z,GET,/customers/a9d7fb78-ed1b-4234-966f-4af67efd3f84,200,1,550.063,878bfe8a-a24a-4f88-a732-66b18c5bd367
2026-07-22T16:16:49.942Z,GET,/cars/1caf72c2-83ad-442b-be55-0b9fc2af1fb0,200,1,169.762,053864e8-dc9e-43f9-9d04-4790c7f37090
2026-07-22T16:16:49.286Z,GET,/customers/?page=1&pageSize=10,200,1,853.897,22e95778-83b8-45a0-ae17-3c9404d42073
2026-07-22T16:16:49.907Z,GET,/orders/?page=1&pageSize=10,200,1,243.445,9eb06a1a-1fe2-4542-9ab3-b5ca5afc5ee7
2026-07-22T16:16:49.728Z,GET,/orders/?page=1&pageSize=10,200,1,440.988,a5abfcf4-8a1a-4c70-93a1-b6805ed9110d
2026-07-22T16:16:49.751Z,GET,/users/0929f53a-5cc3-4c75-9e03-7aaeac2fc1ab,200,1,427.740,e6f2da2e-24e6-47d6-8af6-c4b90bf25f36
2026-07-22T16:16:49.968Z,GET,/work/04dbc71a-9d4e-4f8b-b0c8-acd1a89a00eb,200,1,288.933,0508db4f-f76d-4ed9-a609-91482719413f
2026-07-22T16:16:50.136Z,GET,/orders/?page=1&pageSize=10,200,1,144.308,01d0b69b-6f9c-4aa3-ae7e-fad547aba835
2026-07-22T16:16:50.227Z,POST,/workers/,200,1,59.020,b67b23ef-6250-494e-8850-0e65d60e4950
2026-07-22T16:16:50.139Z,GET,/customers/?page=1&pageSize=10,200,1,149.845,a718584e-6ded-4e85-bd2e-89c40bd98ec9
2026-07-22T16:16:49.778Z,GET,/users/?page=1&pageSize=10,200,1,586.363,44f07948-1d95-47ba-b607-abb01a6debd8
2026-07-22T16:16:49.773Z,GET,/customers/a9d7fb78-ed1b-4234-966f-4af67efd3f84,200,1,592.874,29c193f9-d182-4f21-890d-34eb06af3192
2026-07-22T16:16:50.235Z,GET,/workers/0daf3a67-ed52-4149-8648-ab3a7f622990,200,1,210.509,ea7465d9-9343-40ee-b1cb-ffcac122c310
2026-07-22T16:16:50.297Z,GET,/customers/a9d7fb78-ed1b-4234-966f-4af67efd3f84/with-cars,200,1,183.368,16e211d9-4dac-4ace-83b2-c62de17ae1cc
2026-07-22T16:16:50.268Z,GET,/users/?page=1&pageSize=10,200,1,230.880,8d135bab-da9c-43f1-bdd4-d64eeaee5425
2026-07-22T16:16:50.279Z,GET,/workers/0daf3a67-ed52-4149-8648-ab3a7f622990,200,1,227.702,d350a077-a7b5-42d9-a951-63e5f1a51e9e
2026-07-22T16:16:50.337Z,GET,/workers/9972a935-15fe-42f7-ae95-abefb225c693,200,1,174.499,8a6ea9d2-dea0-4f34-82bf-ade69fc4bbeb
2026-07-22T16:16:49.401Z,GET,/orders/4f43acc8-5efd-4413-9dae-735f1865aee2,200,1,1134.062,1488c7cf-45a7-423c-852a-2011a24c427b
2026-07-22T16:16:50.165Z,GET,/orders/4f43acc8-5efd-4413-9dae-735f1865aee2,200,1,372.860,af420c04-66b8-4d0d-bc15-85c14958d903
2026-07-22T16:16:50.258Z,GET,/customers/a9d7fb78-ed1b-4234-966f-4af67efd3f84,200,1,281.414,839f6547-fca8-4b17-a5bb-efc63afb9c7f
2026-07-22T16:16:50.451Z,PATCH,/workers/change-hourly-rate,200,1,104.317,e6a72e3e-37be-4306-a268-29532694d67a
2026-07-22T16:16:50.340Z,GET,/orders/?page=1&pageSize=10,200,1,264.359,9a2c8ab4-62f1-470b-b768-3a221a5d4722
2026-07-22T16:16:49.780Z,GET,/work/?page=1&pageSize=10,200,1,847.633,9babab12-39b2-4584-9dd0-2b4e86cc5e29
2026-07-22T16:16:50.488Z,GET,/orders/?page=1&pageSize=10,200,1,202.430,ab997ca0-79c9-43de-a6e3-3efd4283f581
2026-07-22T16:16:50.509Z,GET,/orders/?page=1&pageSize=10,200,1,198.305,b7ba4d56-89f7-4b7a-b8b6-c5e78ae9fa61
2026-07-22T16:16:50.520Z,GET,/cars/?page=1&pageSize=10,200,1,204.791,2a28bbb7-0bc4-4ed5-9131-d25563c9e78a
2026-07-22T16:16:50.527Z,GET,/workers/0daf3a67-ed52-4149-8648-ab3a7f622990,200,1,222.847,ddbed800-3a6d-49d1-af12-9137b92e8770
2026-07-22T16:16:50.643Z,PATCH,/work/change-title,200,1,113.817,4833e63c-6697-4797-a00a-90127cfca508
2026-07-22T16:16:50.376Z,GET,/orders/4f43acc8-5efd-4413-9dae-735f1865aee2,200,1,381.568,f7613ebd-3b81-44e3-9bcc-304d7ffe230b
2026-07-22T16:16:50.490Z,GET,/customers/a9d7fb78-ed1b-4234-966f-4af67efd3f84/with-cars,200,1,294.575,2625e813-39ba-489f-9646-04a67bfcf53f
2026-07-22T16:16:50.696Z,PATCH,/work/change-title,200,1,98.256,197fb318-030f-4b1e-b9b2-c1432e091e18
2026-07-22T16:16:50.750Z,PATCH,/work/change-description,200,1,110.870,e3be071b-0dea-404f-86e3-bda14a3dc218
2026-07-22T16:16:49.746Z,GET,/work/0cdfd373-8dfe-4775-a0df-5610acb3e5e8,200,1,1120.583,67ca6e5a-fa42-460e-a9cd-a28fcdc12c75
2026-07-22T16:16:50.379Z,GET,/users/0929f53a-5cc3-4c75-9e03-7aaeac2fc1ab,200,1,490.113,b2b01ad9-97c4-41d3-9e7f-a82c5f343ec3
2026-07-22T16:16:50.708Z,GET,/work/04dbc71a-9d4e-4f8b-b0c8-acd1a89a00eb,200,1,192.163,3341af2e-4326-426e-8470-967aa005a84a
2026-07-22T16:16:50.612Z,GET,/cars/?page=1&pageSize=10,200,1,299.886,3090560e-4d38-42d3-a671-95472839c265
2026-07-22T16:16:50.741Z,GET,/cars/1caf72c2-83ad-442b-be55-0b9fc2af1fb0,200,1,193.088,5fbeab30-afe4-4413-9094-f69d2f133acb
2026-07-22T16:16:50.588Z,GET,/workers/0daf3a67-ed52-4149-8648-ab3a7f622990,200,1,370.050,6d200b6d-c17f-4ec1-b3fc-ddaac0a0d9e6
2026-07-22T16:16:50.827Z,GET,/work/?page=1&pageSize=10,200,1,160.809,50b8a221-367b-42bd-bb81-5dc745e7370f
2026-07-22T16:16:50.349Z,GET,/workers/9972a935-15fe-42f7-ae95-abefb225c693,200,1,652.064,02f31d69-b46b-4f25-8630-b7298f1ec599
2026-07-22T16:16:50.556Z,GET,/customers/?page=1&pageSize=10,200,1,451.509,29b5ecc0-6d79-42df-8eed-8760c8967575
2026-07-22T16:16:50.489Z,GET,/customers/?page=1&pageSize=10,200,1,522.242,9781e00f-5220-4bb0-a7ae-02a1c0eefda3
2026-07-22T16:16:50.904Z,GET,/workers/0daf3a67-ed52-4149-8648-ab3a7f622990,200,1,155.769,0bbb1272-f801-436f-94a3-58139958a18b
2026-07-22T16:16:50.413Z,GET,/cars/1caf72c2-83ad-442b-be55-0b9fc2af1fb0,200,1,701.125,77085175-117b-4230-8cc6-e732d2ad3025
2026-07-22T16:16:50.952Z,GET,/cars/1caf72c2-83ad-442b-be55-0b9fc2af1fb0,200,1,170.555,00c3ef68-e9cc-4315-87d2-182b2fa5d3e6
2026-07-22T16:16:51.056Z,PATCH,/customers/change-contacts,200,1,111.371,f5bd99b2-83f7-42f9-84d6-708e21cccfad
2026-07-22T16:16:50.968Z,GET,/workers/?page=1&pageSize=10,200,1,215.282,c29c15af-4a8a-43ee-b62f-cbaa87876b22
2026-07-22T16:16:50.975Z,GET,/customers/?page=1&pageSize=10,200,1,219.183,f44c2423-c2ce-44e8-8412-2c5aa1d6ea30
2026-07-22T16:16:50.921Z,GET,/work/?page=1&pageSize=10,200,1,274.830,ba769edd-f05d-4ef0-a732-5da6336b1fa5
2026-07-22T16:16:50.407Z,GET,/orders/?page=1&pageSize=10,200,1,810.208,36bbab0a-4526-46d4-b8bb-9aed967845a9
2026-07-22T16:16:50.418Z,GET,/customers/a9d7fb78-ed1b-4234-966f-4af67efd3f84,200,1,800.880,601bd426-f591-4fd9-b985-692ede3d8ded
2026-07-22T16:16:51.017Z,GET,/cars/?page=1&pageSize=10,200,1,217.644,5cbfc1cd-48fc-4e09-8d49-1f90f0b14875
2026-07-22T16:16:50.959Z,GET,/customers/a9d7fb78-ed1b-4234-966f-4af67efd3f84,200,1,313.790,904ab072-a730-4e4a-a875-b70aaee6bc49
2026-07-22T16:16:51.158Z,PATCH,/workers/change-hourly-rate,200,1,124.658,e82e2ff9-81aa-473b-af7f-4d7c8ed328d8
2026-07-22T16:16:51.061Z,GET,/orders/4f43acc8-5efd-4413-9dae-735f1865aee2,200,1,230.208,34cbd245-d6c4-41e8-8c7c-9e9f9f313674
2026-07-22T16:16:51.126Z,GET,/orders/?page=1&pageSize=10,200,1,208.848,8515e073-20c6-4693-a860-2f25eef68a36
2026-07-22T16:16:50.986Z,GET,/orders/4f43acc8-5efd-4413-9dae-735f1865aee2,200,1,420.621,e8d4eda0-08b3-4f21-af94-1f46ef594388
2026-07-22T16:16:51.090Z,GET,/cars/?page=1&pageSize=10,200,1,326.368,91669ab6-4579-4de9-a60f-3327901de821
2026-07-22T16:16:51.255Z,GET,/workers/?page=1&pageSize=10,200,1,225.391,2bc0fcc2-a4dd-49ce-9be1-04a24ae17186
2026-07-22T16:16:51.031Z,GET,/cars/1caf72c2-83ad-442b-be55-0b9fc2af1fb0,200,1,515.226,16bfa0ad-d6ef-4e83-a15f-06057634cc84
2026-07-22T16:16:51.337Z,GET,/cars/1caf72c2-83ad-442b-be55-0b9fc2af1fb0,200,1,215.397,de73f2ae-a2e5-4079-974e-843e29886148
2026-07-22T16:16:51.340Z,GET,/users/4418690c-833a-402a-a1d3-dbc94e9a2e4c,200,1,251.300,381be5be-f000-4545-977e-e9f496f43079
2026-07-22T16:16:51.274Z,GET,/users/?page=1&pageSize=10,200,1,323.675,846dbd71-117f-4c8f-b328-32afa73db8e4
2026-07-22T16:16:51.494Z,PATCH,/work/change-title,200,1,110.758,fd9098e6-ace3-479f-9fde-c860beb93fbe
2026-07-22T16:16:51.073Z,GET,/users/0929f53a-5cc3-4c75-9e03-7aaeac2fc1ab,200,1,544.744,fdcc625f-68fb-4bf7-8f15-a873e56ac1e3
2026-07-22T16:16:51.181Z,GET,/customers/?page=1&pageSize=10,200,1,438.844,b0df44c5-4bbc-4b51-9091-6b5586dba581
2026-07-22T16:16:51.296Z,GET,/users/4418690c-833a-402a-a1d3-dbc94e9a2e4c,200,1,329.721,72f0dfea-552f-4ba0-903e-9ac41a89b9f8
2026-07-22T16:16:51.104Z,GET,/customers/?page=1&pageSize=10,200,1,535.283,d2b4b4a6-1b9b-4180-9999-d92c9d6b0bbb
2026-07-22T16:16:50.714Z,GET,/workers/?page=1&pageSize=10,200,1,940.305,03d6929c-a618-4648-a07c-ef06873bb20e
2026-07-22T16:16:51.048Z,GET,/customers/a9d7fb78-ed1b-4234-966f-4af67efd3f84/with-cars,200,1,650.093,f04bfd76-ce8d-480a-8f1b-122c223f8e94
2026-07-22T16:16:51.615Z,PATCH,/orders/set-priority,200,1,94.651,4ba1ccf1-19c6-481c-9e64-d213b172a6c4
2026-07-22T16:16:51.127Z,GET,/workers/?page=1&pageSize=10,200,1,586.472,ba28db35-53e2-4034-b60a-b360335ac9a9
2026-07-22T16:16:51.437Z,GET,/users/0929f53a-5cc3-4c75-9e03-7aaeac2fc1ab,200,1,289.197,ae9e23a9-158c-4811-a6a1-6064b38a6ba1
2026-07-22T16:16:51.441Z,GET,/work/0cdfd373-8dfe-4775-a0df-5610acb3e5e8,200,1,315.766,38a96506-f588-436e-bc2e-184bc4b9387f
2026-07-22T16:16:51.460Z,GET,/customers/a9d7fb78-ed1b-4234-966f-4af67efd3f84/with-cars,200,1,309.385,fc77deb1-280e-4080-83c7-3a2a50eba2db
2026-07-22T16:16:51.532Z,GET,/workers/?page=1&pageSize=10,200,1,273.157,5d7f4097-473f-4d86-a647-934da6a832cd
2026-07-22T16:16:51.644Z,GET,/customers/a9d7fb78-ed1b-4234-966f-4af67efd3f84/with-cars,200,1,175.310,6c3971e1-52ce-4713-acfe-257b6a8bad9b
2026-07-22T16:16:51.161Z,GET,/orders/?page=1&pageSize=10,200,1,719.036,7b5c0419-acfb-4f4b-8e98-f017d1a2fb04
2026-07-22T16:16:51.689Z,GET,/cars/1caf72c2-83ad-442b-be55-0b9fc2af1fb0,200,1,248.997,fda50ef3-a5d7-4d69-8a9b-42dec491a45d
2026-07-22T16:16:51.765Z,GET,/orders/4f43acc8-5efd-4413-9dae-735f1865aee2,200,1,225.834,d1efacff-936e-4ec9-93c5-ce81ba68099e
2026-07-22T16:16:51.164Z,GET,/workers/0daf3a67-ed52-4149-8648-ab3a7f622990,200,1,830.428,1843db9a-9830-4440-9052-4de61c643aa6
2026-07-22T16:16:51.536Z,GET,/cars/1caf72c2-83ad-442b-be55-0b9fc2af1fb0,200,1,465.980,8775f7ba-c739-4972-b2ac-bbae7f6a2973
2026-07-22T16:16:51.792Z,GET,/work/?page=1&pageSize=10,200,1,242.715,cda030a5-57a2-471b-9a25-2bd330a12b99
2026-07-22T16:16:51.910Z,PATCH,/customers/change-contacts,200,1,131.424,3fe7052b-f75d-4258-88af-3e8742060410
2026-07-22T16:16:51.840Z,GET,/cars/1caf72c2-83ad-442b-be55-0b9fc2af1fb0,200,1,227.061,01c255bf-2a70-45e0-81a0-0cc162b6eb95
2026-07-22T16:16:51.848Z,GET,/workers/?page=1&pageSize=10,200,1,368.447,05c0f750-b34c-4d33-80f1-1979152879d4
2026-07-22T16:16:52.070Z,GET,/cars/?page=1&pageSize=10,200,1,220.257,2e5d644e-7e1a-4c24-92ef-843d4b5a423a
2026-07-22T16:16:51.943Z,GET,/customers/a9d7fb78-ed1b-4234-966f-4af67efd3f84,200,1,350.304,0c8c5b10-c3e9-491a-b481-3bd4786e52b0
2026-07-22T16:16:52.100Z,GET,/work/?page=1&pageSize=10,200,1,216.206,14d81b97-21ac-493c-9a67-b33c2c2fb54f
2026-07-22T16:16:51.148Z,GET,/work/04dbc71a-9d4e-4f8b-b0c8-acd1a89a00eb,200,1,1186.314,83366084-b41b-49b9-93af-8ead16079385
2026-07-22T16:16:52.033Z,GET,/orders/?page=1&pageSize=10,200,1,315.807,319f9bfb-0a97-450e-85dd-ba12e5e73812
2026-07-22T16:16:52.045Z,GET,/customers/a9d7fb78-ed1b-4234-966f-4af67efd3f84,200,1,311.673,24308f44-c58c-4bf5-9279-182ee393e269
2026-07-22T16:16:51.934Z,GET,/work/?page=1&pageSize=10,200,1,426.438,d597a57c-5cd1-47a8-a061-56ca38bdcda9
2026-07-22T16:16:51.472Z,GET,/cars/?page=1&pageSize=10,200,1,890.047,e252ceaa-7ab3-464f-a975-46bf8d67e8ad
2026-07-22T16:16:52.294Z,PATCH,/work/change-title,200,1,79.183,b7865b19-8487-40d9-a6e3-dc8357093dd5
2026-07-22T16:16:51.854Z,GET,/orders/?page=1&pageSize=10,200,1,548.825,756b788c-6d81-4033-ab2f-565148c6b05f
2026-07-22T16:16:51.944Z,GET,/cars/1caf72c2-83ad-442b-be55-0b9fc2af1fb0,200,1,491.842,93f6e7c8-d835-41ed-a45d-67ba6f4817fc
2026-07-22T16:16:51.463Z,GET,/orders/?page=1&pageSize=10,200,1,974.185,a55c7141-551a-488f-a3fb-3d3a1729d4c1
2026-07-22T16:16:52.260Z,PATCH,/work/set-estimate,200,1,209.681,7cf305dd-8b65-4f54-8364-3e8b2e1bf3c8
2026-07-22T16:16:52.229Z,GET,/users/4418690c-833a-402a-a1d3-dbc94e9a2e4c,200,1,287.625,d70ca385-40ea-446c-a98f-b5885b975f3f
2026-07-22T16:16:51.890Z,GET,/users/?page=1&pageSize=10,200,1,641.006,7841e2b1-c6fe-43d3-80b9-f9b05b8fab3c
2026-07-22T16:16:51.846Z,GET,/customers/a9d7fb78-ed1b-4234-966f-4af67efd3f84,200,1,709.345,b73b46fd-c647-49c7-a308-391a2d24eec2
2026-07-22T16:16:52.520Z,PATCH,/workers/change-hourly-rate,200,1,129.575,2be1c917-7483-42a1-bb46-eac791fe66e1
2026-07-22T16:16:51.762Z,GET,/cars/1caf72c2-83ad-442b-be55-0b9fc2af1fb0,200,1,912.902,6eb23cb8-d7c3-459e-ae1b-932c0234a5f0
2026-07-22T16:16:52.361Z,GET,/users/?page=1&pageSize=10,200,1,326.846,df55a36b-cb96-4f34-9158-a716c5ba55bf
2026-07-22T16:16:51.668Z,GET,/customers/a9d7fb78-ed1b-4234-966f-4af67efd3f84,200,1,1028.632,e870c4fc-e1b6-4236-83ec-d2c568e03cbc
2026-07-22T16:16:52.297Z,GET,/orders/4f43acc8-5efd-4413-9dae-735f1865aee2,200,1,400.837,11e0f1ec-7770-4537-ae72-efe885e28fb5
2026-07-22T16:16:52.376Z,GET,/customers/a9d7fb78-ed1b-4234-966f-4af67efd3f84,200,1,329.475,f5c14e3a-5255-4d04-9602-c7b44e7aab33
2026-07-22T16:16:52.389Z,GET,/workers/?page=1&pageSize=10,200,1,339.445,b0135ca2-014b-4951-b306-be83d27e329a
2026-07-22T16:16:51.785Z,GET,/customers/a9d7fb78-ed1b-4234-966f-4af67efd3f84,200,1,985.855,dd601d88-2a95-4df4-863e-1a39ec400b0c
2026-07-22T16:16:52.128Z,GET,/customers/?page=1&pageSize=10,200,1,653.338,c015f65d-7637-49bf-8e9d-9a15e7dd4b20
2026-07-22T16:16:52.213Z,GET,/cars/1caf72c2-83ad-442b-be55-0b9fc2af1fb0,200,1,661.199,304128a3-ed85-4b0f-8d96-04b14f337825
2026-07-22T16:16:51.727Z,GET,/workers/?page=1&pageSize=10,200,1,1154.828,c141013f-7730-4335-9f1c-7ae6df7b4721
2026-07-22T16:16:52.410Z,GET,/work/04dbc71a-9d4e-4f8b-b0c8-acd1a89a00eb,200,1,473.939,1d472d61-0814-45d6-8cd2-93e20809a5ad
2026-07-22T16:16:52.518Z,GET,/users/?page=1&pageSize=10,200,1,383.250,977af866-235f-4768-a8d0-69042062b3d0
2026-07-22T16:16:52.491Z,GET,/work/?page=1&pageSize=10,200,1,444.475,fa082aab-b249-4213-8e7c-8a71fbd90177
2026-07-22T16:16:52.202Z,GET,/work/04dbc71a-9d4e-4f8b-b0c8-acd1a89a00eb,200,1,734.285,a4083b22-18b3-4601-97e0-52d377f9b7c7
2026-07-22T16:16:52.305Z,GET,/customers/a9d7fb78-ed1b-4234-966f-4af67efd3f84/with-cars,200,1,676.397,df8600da-5659-40a6-8156-30e3cef2927e
2026-07-22T16:16:51.985Z,GET,/work/?page=1&pageSize=10,200,1,1021.958,7be6455e-af4f-4e2e-813c-db467826b6b1
2026-07-22T16:16:52.485Z,GET,/customers/a9d7fb78-ed1b-4234-966f-4af67efd3f84,200,1,560.125,4cec44b1-aa05-4c19-860c-832c87d191ba
2026-07-22T16:16:52.712Z,GET,/customers/?page=1&pageSize=10,200,1,340.457,c3576877-7d79-4933-9d9d-3cf1c15db38c
2026-07-22T16:16:51.951Z,GET,/workers/0daf3a67-ed52-4149-8648-ab3a7f622990,200,1,1129.302,916ae311-9368-40aa-9e9f-babd7e1b9ee6
2026-07-22T16:16:52.134Z,GET,/work/?page=1&pageSize=10,200,1,979.681,4e325b9d-97fa-4734-9e50-024db7e1096a
2026-07-22T16:16:53.121Z,PATCH,/work/change-title,200,1,118.696,557e51c1-b34a-45f8-b701-71eced184577
2026-07-22T16:16:52.205Z,GET,/workers/0daf3a67-ed52-4149-8648-ab3a7f622990,200,1,1070.206,1cff3bd8-73b3-43d2-b84c-0c1dc460d12b
2026-07-22T16:16:52.602Z,GET,/orders/?page=1&pageSize=10,200,1,717.685,528d2ee2-72b7-42e7-8dc3-84c94a4b5f13
2026-07-22T16:16:52.631Z,GET,/customers/a9d7fb78-ed1b-4234-966f-4af67efd3f84,200,1,695.473,6e8f4d1e-3c09-40a6-879b-89482ec033ee
2026-07-22T16:16:52.266Z,GET,/workers/0daf3a67-ed52-4149-8648-ab3a7f622990,200,1,1077.816,3409fae4-8180-4914-b458-4c5609269438
2026-07-22T16:16:52.905Z,GET,/workers/9972a935-15fe-42f7-ae95-abefb225c693,200,1,465.646,3cf90f0b-bcc0-472b-b0a4-a7e1bf1ef0e4
2026-07-22T16:16:53.133Z,GET,/orders/?page=1&pageSize=10,200,1,247.602,a6d4e814-230a-4d73-aa0e-177ea601cb62
2026-07-22T16:16:52.817Z,GET,/orders/?page=1&pageSize=10,200,1,565.374,3633c374-6f81-4a25-b227-5697a256b0b3
2026-07-22T16:16:52.153Z,GET,/cars/1caf72c2-83ad-442b-be55-0b9fc2af1fb0,200,1,1237.243,e5356393-bc26-40ae-8a1e-5bf78c9c5023
2026-07-22T16:16:53.154Z,POST,/workers/,200,1,237.866,135cb68c-b2b3-4b64-be4f-cc791ad359e7
2026-07-22T16:16:53.160Z,PATCH,/orders/apply-discount,200,1,237.438,8a1cf26e-b514-490e-8934-7bc6ee281825
2026-07-22T16:16:52.842Z,GET,/orders/?page=1&pageSize=10,200,1,556.221,93ae9a87-3417-40c7-82af-eb0095215b82
2026-07-22T16:16:52.999Z,GET,/customers/a9d7fb78-ed1b-4234-966f-4af67efd3f84,200,1,433.457,54ea3623-bd02-427b-b979-d98773f2a81c
2026-07-22T16:16:52.754Z,GET,/orders/?page=1&pageSize=10,200,1,680.138,b345987c-9cec-44db-8112-1f58d791bbd8
2026-07-22T16:16:52.900Z,GET,/users/4418690c-833a-402a-a1d3-dbc94e9a2e4c,200,1,555.637,88c912b4-c407-4214-b780-407d72ebeaa4
2026-07-22T16:16:53.355Z,POST,/customers/,200,1,104.273,52ad7a4d-3e95-4217-b6ff-595a82bd07e7
2026-07-22T16:16:53.063Z,GET,/work/04dbc71a-9d4e-4f8b-b0c8-acd1a89a00eb,200,1,417.527,e9a35f3b-53de-4a1c-9cf3-ccf84e7f8472
2026-07-22T16:16:53.068Z,GET,/users/0929f53a-5cc3-4c75-9e03-7aaeac2fc1ab,200,1,426.885,7fddb4aa-5dfb-4f10-b563-31288e4132c7
2026-07-22T16:16:53.005Z,GET,/customers/a9d7fb78-ed1b-4234-966f-4af67efd3f84/with-cars,200,1,509.217,76c36f53-d431-41d3-ad27-3091a7626b20
2026-07-22T16:16:52.568Z,GET,/customers/a9d7fb78-ed1b-4234-966f-4af67efd3f84/with-cars,200,1,964.399,0f5846d9-1af4-4cc1-83bf-42cd65f2d52b
2026-07-22T16:16:53.033Z,GET,/work/04dbc71a-9d4e-4f8b-b0c8-acd1a89a00eb,200,1,508.840,c18829ae-d915-448f-b958-8673b6bc8258
2026-07-22T16:16:52.844Z,GET,/cars/1caf72c2-83ad-442b-be55-0b9fc2af1fb0,200,1,702.047,bcd91e36-426c-4ecf-9e26-a126da52dced
2026-07-22T16:16:52.275Z,GET,/orders/?page=1&pageSize=10,200,1,1359.669,8887ae80-a27c-4a50-b2cf-afdae3567693
2026-07-22T16:16:52.498Z,GET,/orders/4f43acc8-5efd-4413-9dae-735f1865aee2,200,1,1138.222,f808f300-fe51-41a3-8267-d8abc27a7b59
2026-07-22T16:16:52.946Z,GET,/customers/a9d7fb78-ed1b-4234-966f-4af67efd3f84/with-cars,200,1,690.723,8b20dba9-0440-4857-9d72-44436e32cf32
2026-07-22T16:16:52.081Z,GET,/workers/9972a935-15fe-42f7-ae95-abefb225c693,200,1,1606.080,ba40d5ff-14c6-4385-8c73-2259571d83bb
2026-07-22T16:16:52.444Z,GET,/customers/a9d7fb78-ed1b-4234-966f-4af67efd3f84/with-cars,200,1,1257.161,df518f87-7e97-46ed-a8a5-b874d55a20d6
2026-07-22T16:16:53.164Z,GET,/workers/9972a935-15fe-42f7-ae95-abefb225c693,200,1,613.046,f6774c2c-d04a-42f9-8ad0-1c4cb6817b28
2026-07-22T16:16:53.177Z,GET,/orders/4f43acc8-5efd-4413-9dae-735f1865aee2,200,1,604.533,6e70bcc6-fb69-4e07-8448-e0568067d133
2026-07-22T16:16:53.639Z,PATCH,/customers/change-contacts,200,1,154.055,d71060cb-7203-4ec9-9222-01ebcec8ec32
2026-07-22T16:16:52.850Z,GET,/orders/4f43acc8-5efd-4413-9dae-735f1865aee2,200,1,945.281,40d161cb-05d5-4012-b29c-d9b20795b6b9
2026-07-22T16:16:53.309Z,GET,/cars/1caf72c2-83ad-442b-be55-0b9fc2af1fb0,200,1,500.071,123cdf46-bc4c-43b6-bb6f-d597003b5f60
2026-07-22T16:16:53.115Z,GET,/orders/?page=1&pageSize=10,200,1,701.813,fb901291-9390-461b-a1c8-26ba673107e8
2026-07-22T16:16:52.802Z,GET,/workers/?page=1&pageSize=10,200,1,1041.625,99e7d381-79a0-44ac-9b2e-6713ee170c93
2026-07-22T16:16:53.726Z,PATCH,/workers/change-hourly-rate,200,1,122.572,d080a723-09e6-4b5b-befb-cfa3c7fd8dfb
2026-07-22T16:16:53.236Z,GET,/cars/?page=1&pageSize=10,200,1,644.899,de35717b-8fe3-4aa5-b9d1-cb0756b5dc77
2026-07-22T16:16:53.392Z,GET,/workers/?page=1&pageSize=10,200,1,514.585,3d51a45d-8fe5-4a4b-be80-d49abb2003b6
2026-07-22T16:16:53.066Z,GET,/orders/4f43acc8-5efd-4413-9dae-735f1865aee2,200,1,841.369,7f736fcf-5752-4c2b-8da0-cba0dbc7b737
2026-07-22T16:16:53.828Z,POST,/customers/,200,1,122.092,11efa3db-49d2-45a3-aa70-0edc68760fd7
2026-07-22T16:16:53.522Z,GET,/cars/?page=1&pageSize=10,200,1,430.885,b822f837-eb6c-4ad2-ba93-85c7029b16a8
2026-07-22T16:16:53.524Z,GET,/customers/e496b5e2-cccc-43e6-8d1e-bf2c497e6457,200,1,434.027,43ab6036-6c58-40c7-b926-5cb3cfd88066
2026-07-22T16:16:53.620Z,GET,/customers/?page=1&pageSize=10,200,1,353.190,6676c371-466b-48da-a466-367ccab33451
2026-07-22T16:16:53.488Z,GET,/customers/a9d7fb78-ed1b-4234-966f-4af67efd3f84/with-cars,200,1,514.284,592a9ba1-0603-46ee-be57-89a93256ff37
2026-07-22T16:16:52.436Z,GET,/users/4418690c-833a-402a-a1d3-dbc94e9a2e4c,200,1,1574.084,b7a18d6e-9c61-43ac-a2a8-17e8fcac70e7
2026-07-22T16:16:53.427Z,GET,/cars/?page=1&pageSize=10,200,1,601.617,234ca5db-2b53-401e-8c71-311069243581
2026-07-22T16:16:53.605Z,GET,/work/04dbc71a-9d4e-4f8b-b0c8-acd1a89a00eb,200,1,438.495,525a756f-b851-422d-a4b0-5837769b0e74
2026-07-22T16:16:53.553Z,GET,/customers/e496b5e2-cccc-43e6-8d1e-bf2c497e6457,200,1,522.592,64faecf1-ceef-4541-a934-ee537832886e
2026-07-22T16:16:52.591Z,GET,/customers/?page=1&pageSize=10,200,1,1485.327,59e93fb1-dc39-40dd-8cd4-a74349540017
2026-07-22T16:16:52.232Z,GET,/users/4418690c-833a-402a-a1d3-dbc94e9a2e4c,200,1,1845.424,71eb99c4-c3ec-4d84-8a8a-35bd56b40e2d
2026-07-22T16:16:54.020Z,PATCH,/work/set-estimate,200,1,101.122,8a568213-5e0e-4628-b478-1ceec48ad5a0
2026-07-22T16:16:53.711Z,GET,/cars/1caf72c2-83ad-442b-be55-0b9fc2af1fb0,200,1,421.784,37fc39a9-5bc4-449b-8a6f-7a596e6d68dc
2026-07-22T16:16:53.632Z,GET,/cars/1caf72c2-83ad-442b-be55-0b9fc2af1fb0,200,1,521.429,846a7534-c83d-4e1c-90d7-a785551e1273
2026-07-22T16:16:54.118Z,PATCH,/work/set-estimate,200,1,99.646,30ada29f-6a1d-435e-ac8d-3c80d068938f
2026-07-22T16:16:53.031Z,GET,/work/04dbc71a-9d4e-4f8b-b0c8-acd1a89a00eb,200,1,1197.413,3ecb9e88-d991-4970-a67b-54ffa6686438
2026-07-22T16:16:53.858Z,GET,/customers/?page=1&pageSize=10,200,1,381.076,530edc0e-448f-4298-9f25-75ce19d39e54
2026-07-22T16:16:53.882Z,GET,/work/04dbc71a-9d4e-4f8b-b0c8-acd1a89a00eb,200,1,372.253,f4b95db5-bf6f-429e-a715-229f1b191eb3
2026-07-22T16:16:53.800Z,GET,/users/4418690c-833a-402a-a1d3-dbc94e9a2e4c,200,1,479.308,f7191de9-a9e7-4e3e-8848-7b22b07ba5de
2026-07-22T16:16:51.923Z,GET,/orders/4f43acc8-5efd-4413-9dae-735f1865aee2,200,1,2367.874,31a5677e-11c3-41f4-9b32-c2767ef503fb
2026-07-22T16:16:53.435Z,GET,/work/?page=1&pageSize=10,200,1,855.828,5206b9b0-cf1b-4d6c-987b-749062f4e880
2026-07-22T16:16:53.011Z,GET,/cars/1caf72c2-83ad-442b-be55-0b9fc2af1fb0,200,1,1296.541,c7a569e0-963f-4e48-baf6-398b65ba7842
2026-07-22T16:16:53.542Z,GET,/workers/8fd57c23-e21f-42b6-a79a-b06fe2bfb7eb,200,1,807.392,f049b355-7ac5-4e11-a986-9493e048e3bf
2026-07-22T16:16:53.994Z,GET,/customers/a9d7fb78-ed1b-4234-966f-4af67efd3f84,200,1,366.669,e7c36c6c-cf0d-4afe-a570-255db50bfbaa
2026-07-22T16:16:54.009Z,GET,/customers/?page=1&pageSize=10,200,1,462.854,17a13c5c-dce7-40d2-b37d-a0889152391c
2026-07-22T16:16:53.691Z,GET,/cars/?page=1&pageSize=10,200,1,785.783,13bf65c9-48c0-4440-92ba-50aa188c13eb
2026-07-22T16:16:54.018Z,GET,/workers/?page=1&pageSize=10,200,1,488.167,4796cb83-3689-4638-aff7-4bdc741473fd
2026-07-22T16:16:53.807Z,GET,/customers/?page=1&pageSize=10,200,1,699.814,ff1a5c72-c5ac-4bfa-b49a-db65ca7787e2
2026-07-22T16:16:54.138Z,GET,/customers/a9d7fb78-ed1b-4234-966f-4af67efd3f84/with-cars,200,1,395.848,f14cfb04-0075-4ade-b398-8ca03f3fd26d
2026-07-22T16:16:54.165Z,GET,/work/0cdfd373-8dfe-4775-a0df-5610acb3e5e8,200,1,386.458,268ebf20-81d1-47cb-9f2a-580ce101d4a8
2026-07-22T16:16:53.665Z,GET,/cars/?page=1&pageSize=10,200,1,901.979,b1d77bf4-872c-47a1-9089-be3da8c85753
2026-07-22T16:16:54.201Z,GET,/workers/8fd57c23-e21f-42b6-a79a-b06fe2bfb7eb,200,1,389.386,240a93ef-3720-48d3-9243-c9057f2e3a60
2026-07-22T16:16:54.040Z,GET,/customers/3fceb699-2f5a-4960-ae0b-32ba2c717856,200,1,580.169,49b88a99-f06e-4ed2-b395-0aa89348f09b
2026-07-22T16:16:54.229Z,GET,/orders/?page=1&pageSize=10,200,1,392.195,025989be-63ce-408e-9f33-9235fb497df5
2026-07-22T16:16:54.255Z,GET,/customers/?page=1&pageSize=10,200,1,406.286,1b15798a-e380-4a5d-93f7-8866e2f5b812
2026-07-22T16:16:53.703Z,GET,/work/0cdfd373-8dfe-4775-a0df-5610acb3e5e8,200,1,972.060,7412052d-d46f-4d43-bf14-e0f20720e19f
2026-07-22T16:16:54.372Z,GET,/cars/1caf72c2-83ad-442b-be55-0b9fc2af1fb0,200,1,324.673,8c46378f-533c-492d-b7e6-fdf00d95c78f
2026-07-22T16:16:53.823Z,GET,/users/?page=1&pageSize=10,200,1,892.281,f63124b0-3eea-4354-b0ba-f161692a2d56
2026-07-22T16:16:53.879Z,GET,/customers/?page=1&pageSize=10,200,1,878.148,0076ecfe-7791-46b1-a1ba-9fcbcb34d250
2026-07-22T16:16:54.335Z,GET,/workers/8fd57c23-e21f-42b6-a79a-b06fe2bfb7eb,200,1,431.573,3c1ce7cf-eb9e-4fd3-b746-8b7245a7b6a1
2026-07-22T16:16:54.161Z,GET,/users/?page=1&pageSize=10,200,1,610.802,14638353-7712-481f-a783-76dfc9cb089d
2026-07-22T16:16:54.662Z,PATCH,/orders/apply-discount,200,1,116.078,9e5c18eb-0f3e-4e38-9070-58c3c5d4921b
2026-07-22T16:16:54.669Z,PATCH,/work/change-title,200,1,112.261,3c6da9b7-f432-4f67-8150-a3203fc90951
2026-07-22T16:16:54.148Z,GET,/users/4418690c-833a-402a-a1d3-dbc94e9a2e4c,200,1,723.899,fe8e0481-2853-492e-bb24-f1225238d57c
2026-07-22T16:16:54.473Z,GET,/customers/e496b5e2-cccc-43e6-8d1e-bf2c497e6457,200,1,417.430,30989671-f36c-44e5-8394-023624ca0944
2026-07-22T16:16:54.592Z,GET,/cars/1caf72c2-83ad-442b-be55-0b9fc2af1fb0,200,1,340.038,60cc00be-ec34-457c-8aa5-c28cb78a5db2
2026-07-22T16:16:54.214Z,GET,/cars/?page=1&pageSize=10,200,1,740.336,73506dd0-d4ea-49e6-8295-394cf97e7d52
2026-07-22T16:16:54.536Z,GET,/work/04dbc71a-9d4e-4f8b-b0c8-acd1a89a00eb,200,1,448.972,6253c755-20a4-4fc6-b1bb-749dc4a33fe5
2026-07-22T16:16:54.580Z,GET,/customers/a9d7fb78-ed1b-4234-966f-4af67efd3f84,200,1,462.189,34db207a-badd-45ef-8a57-23f2fbceefee
2026-07-22T16:16:54.497Z,GET,/orders/4f43acc8-5efd-4413-9dae-735f1865aee2,200,1,555.834,c9175d97-1a9f-402a-aaec-fd667e9d2916
2026-07-22T16:16:54.615Z,GET,/customers/3fceb699-2f5a-4960-ae0b-32ba2c717856,200,1,488.807,fa1f5626-d09c-467a-a117-d3c45a335800
2026-07-22T16:16:54.524Z,GET,/workers/?page=1&pageSize=10,200,1,582.794,0cb70be7-e0d0-492d-893e-de414d835060
2026-07-22T16:16:54.260Z,GET,/customers/a9d7fb78-ed1b-4234-966f-4af67efd3f84/with-cars,200,1,861.075,56af4ba3-f63e-4a31-8a22-32146e04f183
2026-07-22T16:16:54.374Z,GET,/customers/?page=1&pageSize=10,200,1,794.397,45d331da-839a-42a3-9a1a-901f883b0911
2026-07-22T16:16:54.594Z,GET,/orders/?page=1&pageSize=10,200,1,595.312,9582defb-08c2-4211-8822-e7310e6a76df
2026-07-22T16:16:54.596Z,GET,/work/?page=1&pageSize=10,200,1,604.371,a4512997-3aad-4013-8bd8-e0cc712c13c1
2026-07-22T16:16:54.723Z,GET,/workers/?page=1&pageSize=10,200,1,481.414,649f186a-07bb-40d0-b819-e3775365975c
2026-07-22T16:16:54.792Z,GET,/cars/1caf72c2-83ad-442b-be55-0b9fc2af1fb0,200,1,461.734,c3dfc5bf-b800-4007-9a62-876bc12e8e69
2026-07-22T16:16:54.306Z,GET,/cars/?page=1&pageSize=10,200,1,983.507,e70a66d0-0598-498b-b9c5-468f641aea96
2026-07-22T16:16:54.933Z,GET,/orders/?page=1&pageSize=10,200,1,361.229,924a7262-d75f-494e-a30a-903ad180e8bc
2026-07-22T16:16:54.066Z,GET,/orders/4f43acc8-5efd-4413-9dae-735f1865aee2,200,1,1256.091,8c9e3bdc-248b-49ee-a68b-9637d5d2c926
2026-07-22T16:16:54.677Z,GET,/customers/?page=1&pageSize=10,200,1,646.672,7994f07c-36a5-440c-9113-e89714565567
2026-07-22T16:16:54.577Z,GET,/workers/?page=1&pageSize=10,200,1,750.258,13b51319-0f68-4c2f-8fa5-dced4424638b
2026-07-22T16:16:54.909Z,GET,/customers/e496b5e2-cccc-43e6-8d1e-bf2c497e6457,200,1,459.009,493489b0-3995-4e74-aff6-de3f1532a5da
2026-07-22T16:16:55.034Z,GET,/customers/a9d7fb78-ed1b-4234-966f-4af67efd3f84/with-cars,200,1,437.115,d9a267ef-ac82-4fe9-b0e6-cd020be7e4d8
2026-07-22T16:16:54.584Z,GET,/cars/1caf72c2-83ad-442b-be55-0b9fc2af1fb0,200,1,897.900,58ff88f4-aca1-49e3-b253-db7aaf21c83f
2026-07-22T16:16:54.822Z,GET,/cars/1caf72c2-83ad-442b-be55-0b9fc2af1fb0,200,1,686.666,02c3206b-370c-4251-b090-76821a7c7fcb
2026-07-22T16:16:54.874Z,GET,/customers/3fceb699-2f5a-4960-ae0b-32ba2c717856,200,1,655.286,4d4290f3-f4cd-4269-a116-947db01ec0ad
2026-07-22T16:16:55.088Z,GET,/workers/?page=1&pageSize=10,200,1,443.361,8e0e1dac-5b35-484a-842e-902667283f09
2026-07-22T16:16:55.436Z,PATCH,/work/change-title,200,1,113.588,aed39c2b-994b-4580-a4c1-221830cb3b2a
2026-07-22T16:16:54.681Z,GET,/customers/a9d7fb78-ed1b-4234-966f-4af67efd3f84/with-cars,200,1,883.890,43f0d05f-5ee5-4901-b210-f8e10d25e7a7
2026-07-22T16:16:54.862Z,GET,/customers/a9d7fb78-ed1b-4234-966f-4af67efd3f84/with-cars,200,1,782.535,72c8d513-6196-41c4-a26f-fd0444ccb38e
2026-07-22T16:16:54.859Z,GET,/workers/?page=1&pageSize=10,200,1,798.498,265886ee-7418-4a7c-9c7d-5977ced51003
2026-07-22T16:16:55.122Z,GET,/work/0cdfd373-8dfe-4775-a0df-5610acb3e5e8,200,1,543.953,d5310b0e-3a99-4128-b5bf-0131f64d8e89
2026-07-22T16:16:55.128Z,GET,/cars/1caf72c2-83ad-442b-be55-0b9fc2af1fb0,200,1,565.606,d04b8a0c-29cf-4e23-ab9b-023b7e368f86
2026-07-22T16:16:55.245Z,GET,/cars/?page=1&pageSize=10,200,1,455.074,2d7099bc-8af5-4386-b124-0c49c6a8fadd
2026-07-22T16:16:55.039Z,GET,/orders/?page=1&pageSize=10,200,1,685.681,81f5371b-03f7-4f26-ac26-b464b2a2a82f
2026-07-22T16:16:55.282Z,GET,/cars/?page=1&pageSize=10,200,1,449.943,799f2d10-60c6-4044-87b1-955db324893d
2026-07-22T16:16:54.405Z,GET,/orders/?page=1&pageSize=10,200,1,1331.005,8021a431-32dd-473b-9229-b29223943d0a
2026-07-22T16:16:55.222Z,GET,/customers/a9d7fb78-ed1b-4234-966f-4af67efd3f84/with-cars,200,1,555.291,675d3740-3930-4d17-a822-6469da14a0c0
2026-07-22T16:16:55.440Z,GET,/customers/?page=1&pageSize=10,200,1,361.333,5f99b5be-ab02-445f-b808-6506a2f36e2c
2026-07-22T16:16:55.373Z,GET,/cars/1caf72c2-83ad-442b-be55-0b9fc2af1fb0,200,1,463.062,987aa2b1-9c10-41d4-92da-6baa58ec9080
2026-07-22T16:16:54.589Z,GET,/orders/4f43acc8-5efd-4413-9dae-735f1865aee2,200,1,1251.301,20a5c7cb-2dbc-458f-bb3a-46a9535c2551
2026-07-22T16:16:55.819Z,PATCH,/users/change-password,200,1,137.979,8e5e3491-ed32-403f-a913-2c2ce7801917
2026-07-22T16:16:55.394Z,GET,/cars/1caf72c2-83ad-442b-be55-0b9fc2af1fb0,200,1,572.276,b700c64c-7c36-46cd-9bc8-120c7bd78c30
2026-07-22T16:16:55.502Z,GET,/work/?page=1&pageSize=10,200,1,468.653,e25cdb8e-3798-4ff8-b207-0707d736da34
2026-07-22T16:16:55.548Z,GET,/workers/0daf3a67-ed52-4149-8648-ab3a7f622990,200,1,484.786,7ef16b53-d8bb-4198-9e85-db3384614cc3
2026-07-22T16:16:55.139Z,GET,/work/?page=1&pageSize=10,200,1,919.648,e160f586-0688-4c97-8ea9-c733a20e793e
2026-07-22T16:16:55.460Z,GET,/users/?page=1&pageSize=10,200,1,602.130,292f9eea-8c6b-42ac-a38f-197c4a6c5fbf
2026-07-22T16:16:54.934Z,GET,/cars/?page=1&pageSize=10,200,1,1130.764,ff5ebfb4-0aa8-4299-83f3-05b1f9d89043
2026-07-22T16:16:55.187Z,GET,/users/0929f53a-5cc3-4c75-9e03-7aaeac2fc1ab,200,1,881.324,6824f60d-9bfd-477f-b9c0-a64fe47678f1
2026-07-22T16:16:54.882Z,GET,/cars/1caf72c2-83ad-442b-be55-0b9fc2af1fb0,200,1,1208.509,119119b0-8ab0-4879-b29b-06131a54908e
2026-07-22T16:16:55.523Z,GET,/cars/1caf72c2-83ad-442b-be55-0b9fc2af1fb0,200,1,647.379,339aa275-7e91-4b76-a241-9fdcf766e18d
2026-07-22T16:16:55.411Z,GET,/cars/?page=1&pageSize=10,200,1,761.908,e4384afa-e83e-48a7-9781-6e2b95881420
2026-07-22T16:16:55.302Z,GET,/work/?page=1&pageSize=10,200,1,871.977,b04f32d9-1d56-4749-85e0-6df1ea234270
2026-07-22T16:16:56.070Z,PATCH,/cars/record-mileage,200,1,105.235,a32fedfe-5d93-4410-a4b7-0f2d505ed7dd
2026-07-22T16:16:55.521Z,GET,/users/?page=1&pageSize=10,200,1,662.326,944c19d9-74c3-4870-9457-9d55003d8745
2026-07-22T16:16:55.532Z,GET,/customers/?page=1&pageSize=10,200,1,663.297,4211db2d-85e1-4d08-99aa-7e77eb088b3c
2026-07-22T16:16:55.659Z,GET,/users/4418690c-833a-402a-a1d3-dbc94e9a2e4c,200,1,579.224,8f1b087c-74fa-46f7-97d0-6d32b02c3ebb
2026-07-22T16:16:55.558Z,GET,/users/?page=1&pageSize=10,200,1,683.932,39332e81-9b8f-485f-9889-1f8a8d360610
2026-07-22T16:16:55.683Z,GET,/customers/a9d7fb78-ed1b-4234-966f-4af67efd3f84/with-cars,200,1,562.523,b81c1b0e-8236-43c2-87b0-835a0428b7cc
2026-07-22T16:16:55.697Z,GET,/cars/1caf72c2-83ad-442b-be55-0b9fc2af1fb0,200,1,552.201,fdb67b47-b8ea-40f7-bbe0-040d477fd190
2026-07-22T16:16:55.791Z,GET,/customers/a9d7fb78-ed1b-4234-966f-4af67efd3f84/with-cars,200,1,458.599,6b708566-c197-4316-97a2-57dd9732d655
2026-07-22T16:16:55.505Z,GET,/customers/a9d7fb78-ed1b-4234-966f-4af67efd3f84/with-cars,200,1,758.968,b088d4cd-7fcb-4775-bdfb-3f211d566be7
2026-07-22T16:16:55.756Z,GET,/workers/9972a935-15fe-42f7-ae95-abefb225c693,200,1,517.051,bf453a55-f238-4ba0-9ef8-0e2eced31577
2026-07-22T16:16:55.893Z,GET,/users/4418690c-833a-402a-a1d3-dbc94e9a2e4c,200,1,439.567,9cb4bce2-4ee1-4956-9b97-4c74aff2bbef
2026-07-22T16:16:56.218Z,PATCH,/workers/change-hourly-rate,200,1,115.935,6ed17727-84cb-4a83-b349-4c01ce048459
2026-07-22T16:16:55.586Z,GET,/work/0cdfd373-8dfe-4775-a0df-5610acb3e5e8,200,1,765.558,9fb2f6bf-60b6-46ae-9a84-8ca8fed192a0
2026-07-22T16:16:56.084Z,GET,/customers/?page=1&pageSize=10,200,1,310.143,4a56775b-411f-487e-b7ae-5e9ec5ef5f98
2026-07-22T16:16:55.664Z,GET,/users/4418690c-833a-402a-a1d3-dbc94e9a2e4c,200,1,782.935,7df1825b-9812-4c0f-9b97-30a3bdbe879b
2026-07-22T16:16:55.643Z,GET,/customers/a9d7fb78-ed1b-4234-966f-4af67efd3f84/with-cars,200,1,861.657,d631788a-fe99-4a9d-b943-b4c48d8076ec
2026-07-22T16:16:56.077Z,GET,/work/?page=1&pageSize=10,200,1,532.910,321ef1b9-ec4c-46cb-aa93-e102a9211dea
2026-07-22T16:16:56.003Z,GET,/users/4418690c-833a-402a-a1d3-dbc94e9a2e4c,200,1,668.408,1ba98732-6175-4f82-9db2-7b2b4aaa6e9c
2026-07-22T16:16:56.171Z,GET,/customers/a9d7fb78-ed1b-4234-966f-4af67efd3f84/with-cars,200,1,505.288,cf61b20a-ce89-4c44-b5b4-bd182e4a5aba
2026-07-22T16:16:55.557Z,GET,/orders/4f43acc8-5efd-4413-9dae-735f1865aee2,200,1,1135.438,092de75d-508c-4f6d-8fbc-7e77621efb23
2026-07-22T16:16:56.169Z,GET,/cars/?page=1&pageSize=10,200,1,548.476,efd5d9f6-566e-4e80-8d65-202ddb2c6664
2026-07-22T16:16:56.271Z,GET,/workers/?page=1&pageSize=10,200,1,470.926,a262e34c-5153-4b84-8b1b-6a9165e9e3d1
2026-07-22T16:16:56.404Z,GET,/work/04dbc71a-9d4e-4f8b-b0c8-acd1a89a00eb,200,1,356.647,2c1dba7b-683d-421a-a7bc-66de54936b9a
2026-07-22T16:16:56.107Z,GET,/customers/e496b5e2-cccc-43e6-8d1e-bf2c497e6457,200,1,655.599,c7033a62-4297-40fe-8ddf-ce30980f03e5
2026-07-22T16:16:56.295Z,GET,/work/?page=1&pageSize=10,200,1,468.865,fa52b506-cc20-4427-bb63-cd4255b5e811
2026-07-22T16:16:56.319Z,GET,/customers/a9d7fb78-ed1b-4234-966f-4af67efd3f84/with-cars,200,1,478.024,24d242c1-56e2-4b4f-ba46-5de6631e0099
2026-07-22T16:16:56.275Z,GET,/customers/a9d7fb78-ed1b-4234-966f-4af67efd3f84,200,1,565.039,0f1995a6-1643-44ef-be12-894c5ae5ba53
2026-07-22T16:16:56.335Z,GET,/customers/e496b5e2-cccc-43e6-8d1e-bf2c497e6457,200,1,575.908,6418e16d-2688-491a-85bc-1037de7da434
2026-07-22T16:16:55.770Z,GET,/workers/?page=1&pageSize=10,200,1,1192.924,fd468eeb-2cc3-4afe-bf7a-81e0da226002
2026-07-22T16:16:56.846Z,PATCH,/users/change-password,200,1,118.699,df0c6521-1b3b-4e05-9e11-541af8f8e14e
2026-07-22T16:16:56.859Z,PATCH,/workers/change-role,200,1,111.494,730e5a4a-2e37-4eda-bb18-7ebf0aba0448
2026-07-22T16:16:56.203Z,GET,/work/0cdfd373-8dfe-4775-a0df-5610acb3e5e8,200,1,815.338,2cab07dc-9ffe-4dcc-ae60-b1a31ec1b222
2026-07-22T16:16:55.665Z,GET,/customers/a9d7fb78-ed1b-4234-966f-4af67efd3f84/with-cars,200,1,1457.369,b368fc74-01c6-4dde-9fb6-7c6db4bb6aa9
2026-07-22T16:16:56.557Z,GET,/users/0929f53a-5cc3-4c75-9e03-7aaeac2fc1ab,200,1,576.320,8627d157-d7cf-4f31-89a2-782cd920d053
2026-07-22T16:16:56.242Z,GET,/cars/1caf72c2-83ad-442b-be55-0b9fc2af1fb0,200,1,909.280,b21ef6b5-2285-47e1-8ae4-b3b53d917be0
2026-07-22T16:16:56.509Z,GET,/users/4418690c-833a-402a-a1d3-dbc94e9a2e4c,200,1,698.330,9a1462a1-3eed-4b6f-8a04-9fe5d0591e56
2026-07-22T16:16:56.305Z,GET,/customers/a9d7fb78-ed1b-4234-966f-4af67efd3f84,200,1,909.707,e901d83a-2e1e-4798-8c0d-8b94a4e23c53
2026-07-22T16:16:56.544Z,GET,/work/04dbc71a-9d4e-4f8b-b0c8-acd1a89a00eb,200,1,676.560,fbec906d-8a87-4133-9775-42e998e46e76
2026-07-22T16:16:56.301Z,GET,/workers/0daf3a67-ed52-4149-8648-ab3a7f622990,200,1,928.598,fb9a82c8-442e-4b08-9cce-e69c3dbde49f
2026-07-22T16:16:57.149Z,POST,/workers/,200,1,105.305,0d7efba0-2274-4a26-ac90-378e9619868b
2026-07-22T16:16:56.589Z,GET,/customers/?page=1&pageSize=10,200,1,687.227,f4c0adf1-c22f-458c-8928-1fbf035dcb8b
2026-07-22T16:16:56.377Z,GET,/work/04dbc71a-9d4e-4f8b-b0c8-acd1a89a00eb,200,1,912.332,0c1e44c5-6926-45df-b5da-7c8589ab0a9d
2026-07-22T16:16:56.732Z,GET,/cars/?page=1&pageSize=10,200,1,570.457,008a0fbd-5bda-4c5b-b75b-8407ae2ded93
2026-07-22T16:16:56.865Z,GET,/work/?page=1&pageSize=10,200,1,446.314,0ea24e79-279d-4bd3-bf24-b137be9eb8bc
2026-07-22T16:16:56.161Z,GET,/work/?page=1&pageSize=10,200,1,1185.054,41f794cc-ed62-403d-8811-5d98d1ffabb8
2026-07-22T16:16:56.827Z,GET,/customers/a9d7fb78-ed1b-4234-966f-4af67efd3f84/with-cars,200,1,558.905,72401234-101c-4a83-a7ec-fc8731d30d00
2026-07-22T16:16:56.410Z,GET,/work/0cdfd373-8dfe-4775-a0df-5610acb3e5e8,200,1,1009.979,dd62316c-aba4-40ea-a7df-932808a7a0c1
2026-07-22T16:16:56.415Z,GET,/customers/a9d7fb78-ed1b-4234-966f-4af67efd3f84/with-cars,200,1,1009.722,a8a70726-9acd-4b42-83b6-08caea6c2475
2026-07-22T16:16:57.280Z,PATCH,/work/change-description,200,1,173.318,f0ef50ff-7973-4552-bee8-8ca544857bb0
2026-07-22T16:16:57.014Z,GET,/users/?page=1&pageSize=10,200,1,462.841,53e64bfa-e598-4ad7-963a-15dec74ebed9
2026-07-22T16:16:56.352Z,GET,/work/?page=1&pageSize=10,200,1,1126.071,72e6b982-b407-4695-a6f3-58ac1266c7bd
2026-07-22T16:16:56.929Z,GET,/cars/?page=1&pageSize=10,200,1,746.891,2eae5359-d05b-4d91-9d5e-2308d2d1d0a8
2026-07-22T16:16:56.820Z,GET,/orders/?page=1&pageSize=10,200,1,868.720,0a18386f-3f04-471c-9d23-a4ab19440bfa
2026-07-22T16:16:56.693Z,GET,/users/?page=1&pageSize=10,200,1,1021.604,1cc304e6-f853-40eb-95c1-af0f6741d6b2
2026-07-22T16:16:56.450Z,GET,/customers/a9d7fb78-ed1b-4234-966f-4af67efd3f84,200,1,1275.115,be21a716-ed86-4f44-b817-12ca66d44203
2026-07-22T16:16:57.252Z,GET,/customers/?page=1&pageSize=10,200,1,473.946,817ad34a-fd12-40f5-8ced-4f0e14d8e158
2026-07-22T16:16:57.536Z,GET,/users/?page=1&pageSize=10,200,1,244.693,9bed79da-cfb1-4aa8-b283-66dbddd14ae1
2026-07-22T16:16:56.374Z,GET,/users/?page=1&pageSize=10,200,1,1407.454,02a3f798-2a2f-4bff-bc31-4888d759304b
2026-07-22T16:16:56.341Z,GET,/work/?page=1&pageSize=10,200,1,1450.918,aa036975-c147-488e-9279-eae0c4fd54d2
2026-07-22T16:16:56.893Z,GET,/workers/?page=1&pageSize=10,200,1,1052.747,c6309c12-518d-48a1-9eb8-c962f895d7ce
2026-07-22T16:16:57.333Z,GET,/orders/?page=1&pageSize=10,200,1,615.774,81c3e3bc-8c7b-4de9-8547-63042c6495e6
2026-07-22T16:16:57.344Z,GET,/workers/0daf3a67-ed52-4149-8648-ab3a7f622990,200,1,623.193,47c2c72c-f329-4a0e-b37f-08db52d509c2
2026-07-22T16:16:57.456Z,GET,/customers/a9d7fb78-ed1b-4234-966f-4af67efd3f84,200,1,528.502,f085efd9-fe30-497a-9cf2-dcd1ad934f82
2026-07-22T16:16:56.365Z,GET,/cars/1caf72c2-83ad-442b-be55-0b9fc2af1fb0,200,1,1633.561,099c05f7-c981-4416-87ea-74164e29c6e9
2026-07-22T16:16:57.060Z,GET,/customers/a9d7fb78-ed1b-4234-966f-4af67efd3f84/with-cars,200,1,970.016,012372da-284e-4b45-a2c9-2c9e30bfcd5d
2026-07-22T16:16:56.167Z,GET,/orders/?page=1&pageSize=10,200,1,1863.084,9599f0c3-8a81-4895-9b7d-15e0088f242e
2026-07-22T16:16:57.484Z,GET,/users/0929f53a-5cc3-4c75-9e03-7aaeac2fc1ab,200,1,612.154,f66f130c-0601-44a2-8cb2-ae7657074a75
2026-07-22T16:16:57.938Z,GET,/workers/0daf3a67-ed52-4149-8648-ab3a7f622990,200,1,251.262,1dd13e6d-46cc-4696-8648-b56ba6bd068a
2026-07-22T16:16:54.688Z,GET,/users/?page=1&pageSize=10,200,1,3552.392,3bf1424a-9b79-44d6-943d-ccef326da1f4
2026-07-22T16:16:56.413Z,GET,/customers/a9d7fb78-ed1b-4234-966f-4af67efd3f84/with-cars,200,1,1841.702,30583bd2-7906-4cb2-8dd9-261fd337154c
2026-07-22T16:16:58.105Z,PATCH,/users/change-password,200,1,153.356,39ae63e4-d917-46bf-868e-5805f85e84d6
2026-07-22T16:16:57.529Z,GET,/users/4418690c-833a-402a-a1d3-dbc94e9a2e4c,200,1,814.887,22f5c240-c617-40ea-b2b7-310a9b530c82
2026-07-22T16:16:58.204Z,PATCH,/workers/change-hourly-rate,200,1,142.312,06498312-04a8-4631-842e-5d49a4c6c78b
2026-07-22T16:16:56.299Z,GET,/customers/a9d7fb78-ed1b-4234-966f-4af67efd3f84,200,1,2094.519,2b03a2da-0091-4832-9e40-971fe9b79aff
2026-07-22T16:16:57.128Z,GET,/cars/?page=1&pageSize=10,200,1,1266.422,9cde6298-336b-49d6-80a3-1cbcfc305b33
2026-07-22T16:16:57.699Z,GET,/customers/e496b5e2-cccc-43e6-8d1e-bf2c497e6457,200,1,697.907,65cb6ed9-b48a-45b8-accc-d4beb07cb036
2026-07-22T16:16:57.702Z,GET,/users/?page=1&pageSize=10,200,1,710.904,42d1af34-bdfc-45ce-a35e-91d15c187d91
2026-07-22T16:16:57.700Z,GET,/customers/e496b5e2-cccc-43e6-8d1e-bf2c497e6457,200,1,716.060,b8beeb48-b057-4fa5-b12d-218eec6038a3
2026-07-22T16:16:58.207Z,GET,/orders/?page=1&pageSize=10,200,1,250.292,0a59e0d3-569e-4f96-a203-7829e47bc5df
2026-07-22T16:16:57.160Z,GET,/users/?page=1&pageSize=10,200,1,1298.745,eaae0856-7800-45c5-a893-f125b6d8bb6c
2026-07-22T16:16:56.984Z,GET,/workers/?page=1&pageSize=10,200,1,1476.158,e5aaaf15-2570-4200-8ada-7ec04cbb3b2c
2026-07-22T16:16:57.281Z,GET,/cars/1caf72c2-83ad-442b-be55-0b9fc2af1fb0,200,1,1201.929,92bbfcea-5d28-4f02-90c3-e08e37c18609
2026-07-22T16:16:56.489Z,GET,/orders/?page=1&pageSize=10,200,1,2008.266,704608e3-8be5-475c-af9d-14ada99a20dd
2026-07-22T16:16:57.681Z,GET,/users/4418690c-833a-402a-a1d3-dbc94e9a2e4c,200,1,827.003,6c2516aa-1666-4f50-8439-b45367ad627b
2026-07-22T16:16:57.684Z,GET,/workers/?page=1&pageSize=10,200,1,825.488,941758ea-0f1d-4765-9d07-e1926c72dd70
2026-07-22T16:16:56.133Z,GET,/workers/?page=1&pageSize=10,200,1,2413.913,4aedf68a-b547-40de-bbf9-3b3e93be7c31
2026-07-22T16:16:57.539Z,GET,/users/0929f53a-5cc3-4c75-9e03-7aaeac2fc1ab,200,1,1051.048,fc1795b9-f37e-4631-90ba-69fed0c2e604
2026-07-22T16:16:56.761Z,GET,/cars/?page=1&pageSize=10,200,1,1861.062,6e254196-f7fb-4afb-9274-8c4bb89738cb
2026-07-22T16:16:58.503Z,PATCH,/customers/change-contacts,200,1,121.038,48b620cc-7a26-4df9-92d7-08266bd63611
2026-07-22T16:16:57.231Z,GET,/orders/?page=1&pageSize=10,200,1,1402.715,d4580332-f979-4aad-b60e-c840aedea4df
2026-07-22T16:16:57.086Z,GET,/cars/?page=1&pageSize=10,200,1,1564.958,1d21fffd-d5a1-4f25-8b10-94d06b2a8f58
2026-07-22T16:16:56.136Z,GET,/users/4418690c-833a-402a-a1d3-dbc94e9a2e4c,200,1,2522.040,492b529b-ea04-463b-b1bc-032e09e878a6
2026-07-22T16:16:57.944Z,GET,/customers/a9d7fb78-ed1b-4234-966f-4af67efd3f84/with-cars,200,1,718.705,2bda4c2c-a5ad-47c8-9db5-40889a779e0a
2026-07-22T16:16:57.538Z,GET,/customers/a9d7fb78-ed1b-4234-966f-4af67efd3f84/with-cars,200,1,1187.679,ad652111-6bf8-48c5-8460-6fb2c8797817
2026-07-22T16:16:57.905Z,GET,/orders/?page=1&pageSize=10,200,1,821.993,ec629b86-0227-4dbc-a2f0-5236153b1e96
2026-07-22T16:16:56.612Z,GET,/orders/4f43acc8-5efd-4413-9dae-735f1865aee2,200,1,2121.708,daf28ddd-9642-487e-a972-1484ea13aa28
2026-07-22T16:16:57.460Z,GET,/customers/a9d7fb78-ed1b-4234-966f-4af67efd3f84/with-cars,200,1,1281.481,732151c8-958b-4450-a218-f2dd86cbb0c3
2026-07-22T16:16:57.240Z,GET,/users/4418690c-833a-402a-a1d3-dbc94e9a2e4c,200,1,1514.318,631800ec-c29c-48e7-9154-a7ef384e3b4a
2026-07-22T16:16:56.989Z,GET,/work/0cdfd373-8dfe-4775-a0df-5610acb3e5e8,200,1,1766.982,45cbbf20-198c-49bd-9d32-e12a1e1311f0
2026-07-22T16:16:58.203Z,GET,/orders/?page=1&pageSize=10,200,1,563.147,6787b59b-e854-40ed-8fa8-6eab4ac55ec3
2026-07-22T16:16:58.322Z,GET,/users/?page=1&pageSize=10,200,1,463.095,b76a211c-c2bd-4099-89f1-fa5e4132685d
2026-07-22T16:16:57.493Z,GET,/cars/1caf72c2-83ad-442b-be55-0b9fc2af1fb0,200,1,1297.756,a4bbfa1d-bcff-4984-9fe7-6a764897b52b
2026-07-22T16:16:56.727Z,GET,/customers/a9d7fb78-ed1b-4234-966f-4af67efd3f84/with-cars,200,1,2089.255,bcec295b-670c-49ec-a765-14ef3cf67c55
2026-07-22T16:16:57.232Z,GET,/cars/1caf72c2-83ad-442b-be55-0b9fc2af1fb0,200,1,1593.220,947b08b5-a826-4540-b5ba-569651d03c69
2026-07-22T16:16:57.599Z,GET,/work/?page=1&pageSize=10,200,1,1285.932,ff46f603-c0e9-449c-92ff-0912a98a591b
2026-07-22T16:16:57.081Z,GET,/work/?page=1&pageSize=10,200,1,1899.196,5d364673-d2cd-4d19-badc-c8264774ee7c
2026-07-22T16:16:58.061Z,GET,/cars/1caf72c2-83ad-442b-be55-0b9fc2af1fb0,200,1,927.985,8efdabae-743f-486a-b30e-8d5c5491520c
2026-07-22T16:16:58.329Z,GET,/users/0929f53a-5cc3-4c75-9e03-7aaeac2fc1ab,200,1,718.783,64e3b4d3-dc4b-4e8f-8efa-dc3dddd591e0
2026-07-22T16:16:58.326Z,GET,/users/?page=1&pageSize=10,200,1,730.054,05289063-3812-483f-a0c0-7fbcda714a52
2026-07-22T16:16:56.598Z,GET,/customers/?page=1&pageSize=10,200,1,2478.216,fd251fcd-404b-4e21-8a42-6f90bde90d74
2026-07-22T16:16:58.948Z,PATCH,/work/change-description,200,1,134.650,5fd9ed51-b5a0-4c97-895e-b26b0bd3c7ee
2026-07-22T16:16:58.009Z,GET,/work/?page=1&pageSize=10,200,1,1079.559,025fcd78-c6be-44df-9dd5-be93c1bee230
2026-07-22T16:16:57.126Z,GET,/users/?page=1&pageSize=10,200,1,1971.197,907f72e2-5893-4f21-8667-414749579c83
2026-07-22T16:16:58.391Z,GET,/users/4418690c-833a-402a-a1d3-dbc94e9a2e4c,200,1,707.082,ecc15ad6-da02-483a-bd18-9b70ea4e6c61
2026-07-22T16:16:58.302Z,GET,/orders/4f43acc8-5efd-4413-9dae-735f1865aee2,200,1,802.511,05ffe286-e73c-41ce-845f-9344a8ea29ce
2026-07-22T16:16:58.427Z,GET,/users/4418690c-833a-402a-a1d3-dbc94e9a2e4c,200,1,707.267,4f25e0d1-56f4-4747-ba9c-ab004425179b
2026-07-22T16:16:57.641Z,GET,/users/0929f53a-5cc3-4c75-9e03-7aaeac2fc1ab,200,1,1633.764,90075e28-288d-4ac3-bc5c-e5947c9ace04
2026-07-22T16:16:59.230Z,PATCH,/orders/set-priority,200,1,118.845,57aa8c82-819f-4157-bf02-2e17d38a0fcf
2026-07-22T16:16:58.888Z,GET,/customers/a9d7fb78-ed1b-4234-966f-4af67efd3f84/with-cars,200,1,461.892,d46b7a50-998b-446b-bc04-258e8d92ed02
2026-07-22T16:16:59.264Z,GET,/users/0929f53a-5cc3-4c75-9e03-7aaeac2fc1ab,200,1,164.142,364a3fb8-0b9d-476a-99a7-07d6fdc6ae08
2026-07-22T16:16:57.178Z,GET,/orders/4f43acc8-5efd-4413-9dae-735f1865aee2,200,1,2267.251,375234cb-c9a1-49bd-a168-cab377fd32f2
2026-07-22T16:16:58.960Z,GET,/orders/4f43acc8-5efd-4413-9dae-735f1865aee2,200,1,495.223,e99cbec3-d6e9-44b2-85d8-5db23b04b636
2026-07-22T16:16:59.380Z,PATCH,/users/change-password,200,1,138.526,640b9430-fb31-47bc-bce0-8eb2e66ff68c
2026-07-22T16:16:58.355Z,GET,/workers/?page=1&pageSize=10,200,1,1166.074,a0c1ad25-4104-4eac-8f00-117cf7d55c30
2026-07-22T16:16:59.248Z,GET,/work/?page=1&pageSize=10,200,1,357.028,f8455e65-f425-4bea-a8fc-fe6ae9780689
2026-07-22T16:16:57.846Z,GET,/orders/?page=1&pageSize=10,200,1,1785.643,857eca68-d4f8-4a1d-b5f9-d686310ced96
2026-07-22T16:16:59.574Z,GET,/customers/?page=1&pageSize=10,200,1,131.251,958cbad1-3d19-4d8e-adba-d1d4075cf658
2026-07-22T16:16:58.002Z,GET,/customers/a9d7fb78-ed1b-4234-966f-4af67efd3f84,200,1,1713.985,c537fd93-adcb-40fb-ad90-431c2330f249
2026-07-22T16:16:59.373Z,GET,/customers/e496b5e2-cccc-43e6-8d1e-bf2c497e6457,200,1,357.749,79d8e72f-5f8e-41a1-af45-38dbc54cc8a3
2026-07-22T16:16:59.256Z,GET,/customers/a9d7fb78-ed1b-4234-966f-4af67efd3f84/with-cars,200,1,490.635,a73e131c-c90e-4382-88df-27abd2d5cb1a
2026-07-22T16:16:58.348Z,GET,/orders/?page=1&pageSize=10,200,1,1403.817,a38aeffe-3f82-4a52-b6c3-7a9037439b87
2026-07-22T16:16:58.788Z,GET,/work/?page=1&pageSize=10,200,1,986.240,a6ad8c0c-6dba-4e69-b0cc-82d436c74b85
2026-07-22T16:16:59.045Z,GET,/orders/?page=1&pageSize=10,200,1,779.283,0040aedf-0646-4ab9-9a25-7d9b5dc98fab
2026-07-22T16:16:57.570Z,GET,/work/0cdfd373-8dfe-4775-a0df-5610acb3e5e8,200,1,2258.704,fff2ecaf-a871-4c44-8fc2-65e760d4f44f
2026-07-22T16:16:57.657Z,GET,/workers/?page=1&pageSize=10,200,1,2187.025,a5d2e634-ad2f-4ba0-bafc-9ed8494f2321
2026-07-22T16:16:58.947Z,GET,/customers/a9d7fb78-ed1b-4234-966f-4af67efd3f84/with-cars,200,1,899.496,e880f0d0-dca7-4a28-ac0d-7e32ffd51d38
2026-07-22T16:16:58.144Z,GET,/customers/?page=1&pageSize=10,200,1,1703.396,96107134-99a9-4f8c-8ca5-e70db20911cf
2026-07-22T16:16:57.084Z,GET,/work/?page=1&pageSize=10,200,1,2791.994,28814a97-58f9-4785-9911-f32def7671bc
2026-07-22T16:16:59.458Z,GET,/orders/4f43acc8-5efd-4413-9dae-735f1865aee2,200,1,424.656,6762fb25-9503-453e-887c-1ae1ed88e8f4
2026-07-22T16:16:58.870Z,GET,/customers/?page=1&pageSize=10,200,1,1018.880,b1700c38-1a57-4fbb-a48d-7c5ca22ca952
2026-07-22T16:16:59.559Z,GET,/orders/?page=1&pageSize=10,200,1,339.785,d1a206d0-0cf8-426c-869b-3af9080fb8b4
2026-07-22T16:16:59.606Z,GET,/work/?page=1&pageSize=10,200,1,344.852,9c4a34e6-09dd-4bd7-a07d-087e9c07b4ca
2026-07-22T16:16:59.329Z,GET,/orders/?page=1&pageSize=10,200,1,658.496,8a8b41e6-8fb2-498f-b0ab-4021c8422625
2026-07-22T16:16:59.531Z,PATCH,/workers/change-role,200,1,460.356,198b08ad-579c-4d1e-9cbf-9c289d8cd062
2026-07-22T16:16:59.345Z,GET,/customers/3fceb699-2f5a-4960-ae0b-32ba2c717856,200,1,685.065,20fdaea1-590e-49d0-806e-f8b2808fc44b
2026-07-22T16:16:58.742Z,GET,/customers/a9d7fb78-ed1b-4234-966f-4af67efd3f84,200,1,1318.121,5018843b-aa9f-4f5f-96b2-3c90d7dc3151
2026-07-22T16:16:58.941Z,GET,/customers/a9d7fb78-ed1b-4234-966f-4af67efd3f84/with-cars,200,1,1128.270,5c569e9f-130b-4204-a4ff-46b049fee250
2026-07-22T16:16:57.589Z,GET,/cars/?page=1&pageSize=10,200,1,2500.640,71621155-0f73-4b44-aa2e-001c0c1d0427
2026-07-22T16:16:56.518Z,GET,/cars/1caf72c2-83ad-442b-be55-0b9fc2af1fb0,200,1,3575.893,db72fe0f-c713-46c8-aff6-a618ea8c6dfd
2026-07-22T16:17:00.015Z,PATCH,/workers/change-hourly-rate,200,1,129.779,b9ef6b57-94cf-4be5-ae56-61d3e6c8b2fc
2026-07-22T16:16:58.801Z,GET,/workers/0daf3a67-ed52-4149-8648-ab3a7f622990,200,1,1348.945,082eccf8-d6dc-411c-9694-2566b52c2dad
2026-07-22T16:16:58.691Z,GET,/orders/4f43acc8-5efd-4413-9dae-735f1865aee2,200,1,1495.325,1db08d57-e85b-4130-b5c4-c3d74eee34bc
2026-07-22T16:16:59.122Z,GET,/work/0cdfd373-8dfe-4775-a0df-5610acb3e5e8,200,1,1101.616,a326df00-73ce-4b20-89ff-ae057a88c9eb
2026-07-22T16:16:57.617Z,GET,/users/4418690c-833a-402a-a1d3-dbc94e9a2e4c,200,1,2634.516,20ddb8bf-3678-4b6b-85ec-5a70a470f19e
2026-07-22T16:16:59.608Z,GET,/users/?page=1&pageSize=10,200,1,692.719,411fa267-d648-438f-9329-7e6b226d7b73
2026-07-22T16:17:00.178Z,PATCH,/cars/record-mileage,200,1,129.689,481bf9ce-1d43-4cd7-be93-e077d1d2cd83
2026-07-22T16:16:58.592Z,GET,/customers/3fceb699-2f5a-4960-ae0b-32ba2c717856,200,1,1728.528,31f33d66-b839-45b4-b994-43e1bc1bd7d8
2026-07-22T16:16:58.679Z,GET,/cars/?page=1&pageSize=10,200,1,1666.392,1a495a2b-0cc6-49f6-a2d0-b38548482b06
2026-07-22T16:17:00.238Z,PATCH,/customers/rename,200,1,129.186,8baa1f95-1cdc-4c90-bfc3-aec70d5711eb
2026-07-22T16:16:56.659Z,GET,/workers/?page=1&pageSize=10,200,1,3717.540,d49bb744-997b-4361-8d56-1369ce5dbf8c
2026-07-22T16:17:00.257Z,PATCH,/work/set-estimate,200,1,132.698,b381f936-ed4f-4b3b-9432-0a8f81c88aff
2026-07-22T16:16:58.924Z,GET,/cars/1caf72c2-83ad-442b-be55-0b9fc2af1fb0,200,1,1467.470,11593dec-9552-4fd0-b96a-a59741b38627
2026-07-22T16:16:59.592Z,GET,/work/04dbc71a-9d4e-4f8b-b0c8-acd1a89a00eb,200,1,805.168,47ec6f62-bc13-4ae9-b356-e6b27180b2a1
2026-07-22T16:16:57.358Z,GET,/cars/?page=1&pageSize=10,200,1,3043.127,851191f4-e177-4d04-9c40-3e9172bdaacf
2026-07-22T16:16:57.639Z,GET,/work/?page=1&pageSize=10,200,1,2778.529,c7395444-9e4f-4742-8990-8ea48ec73401
2026-07-22T16:16:57.739Z,GET,/orders/?page=1&pageSize=10,200,1,2692.450,b61ef564-6d9e-4715-a063-fc37b19820b7
2026-07-22T16:16:59.958Z,GET,/customers/a9d7fb78-ed1b-4234-966f-4af67efd3f84/with-cars,200,1,474.431,68698203-9346-4638-91d7-e33020dd072f
2026-07-22T16:16:59.677Z,GET,/work/?page=1&pageSize=10,200,1,795.417,d2d04ef9-88c8-4e9d-8c4f-f683be398c78
2026-07-22T16:16:59.682Z,GET,/workers/28513493-8f32-4a24-a13e-ab288bff0e67,200,1,792.500,cba0cc80-d4d6-4da2-8aa1-0540aba6abdb
2026-07-22T16:16:59.136Z,GET,/work/?page=1&pageSize=10,200,1,1347.495,c4938b62-e693-4cd2-adef-31c43b1e0e79
2026-07-22T16:16:59.214Z,GET,/orders/4f43acc8-5efd-4413-9dae-735f1865aee2,200,1,1309.393,1bf1bc8e-661f-4090-8631-5d2eb03cbfc7
2026-07-22T16:16:58.567Z,GET,/customers/3fceb699-2f5a-4960-ae0b-32ba2c717856,200,1,1960.532,3bbf52ac-bc3a-426e-ad86-4c85cfcab2e4
2026-07-22T16:16:58.761Z,GET,/users/?page=1&pageSize=10,200,1,1778.169,acc4b189-1a30-4795-afd1-44bc02bf9023
2026-07-22T16:16:59.129Z,GET,/cars/1caf72c2-83ad-442b-be55-0b9fc2af1fb0,200,1,1419.646,f2b03fee-f4c4-40a5-9a19-715f24df86c2
2026-07-22T16:17:00.442Z,PATCH,/orders/apply-discount,200,1,108.977,622972bb-1207-490d-b501-9a5f7d0a55de
2026-07-22T16:16:58.529Z,GET,/users/0929f53a-5cc3-4c75-9e03-7aaeac2fc1ab,200,1,2028.800,9147ffcc-51a8-4ad6-9be1-469aeb782642
2026-07-22T16:16:57.854Z,GET,/users/?page=1&pageSize=10,200,1,2720.187,bb2b43e5-2fc0-4d78-8fdb-1b16299cd4bf
2026-07-22T16:17:00.500Z,PATCH,/work/change-title,200,1,130.867,b186fc77-0b3f-44ed-b92e-76e326a09afb
2026-07-22T16:16:59.241Z,GET,/users/0929f53a-5cc3-4c75-9e03-7aaeac2fc1ab,200,1,1391.203,40539d9f-3c58-4ce0-810d-4ffe6c109d2a
2026-07-22T16:16:58.792Z,GET,/cars/1caf72c2-83ad-442b-be55-0b9fc2af1fb0,200,1,1865.214,a175143e-8518-46be-8541-b71594113517
2026-07-22T16:16:58.829Z,GET,/work/0cdfd373-8dfe-4775-a0df-5610acb3e5e8,200,1,1849.977,c240725a-3b50-4e75-8046-46f53fc9e5d8
2026-07-22T16:16:57.760Z,GET,/cars/1caf72c2-83ad-442b-be55-0b9fc2af1fb0,200,1,2950.493,c7d46400-767c-46d0-83b6-fab6771d07ff
2026-07-22T16:16:57.652Z,GET,/orders/4f43acc8-5efd-4413-9dae-735f1865aee2,200,1,3060.850,1d455fc2-4427-40a7-b37b-8ef8962ccf21
2026-07-22T16:17:00.666Z,PATCH,/orders/set-priority,200,1,110.802,208c074c-6130-4076-9d08-82904e0ea5f0
2026-07-22T16:16:58.834Z,GET,/customers/a9d7fb78-ed1b-4234-966f-4af67efd3f84/with-cars,200,1,1960.273,c858a713-7d04-4707-af20-0169a8d30801
2026-07-22T16:16:58.582Z,GET,/users/?page=1&pageSize=10,200,1,2230.258,c6a72d3b-5a69-4d72-b1f3-6d878db8176c
2026-07-22T16:17:00.443Z,GET,/work/?page=1&pageSize=10,200,1,393.800,a650ea33-7511-46a2-8386-816704f31b9b
2026-07-22T16:16:59.785Z,GET,/customers/e496b5e2-cccc-43e6-8d1e-bf2c497e6457,200,1,1059.377,4b172b76-0581-4d86-98a1-6f3bb835d725
2026-07-22T16:17:00.137Z,GET,/users/?page=1&pageSize=10,200,1,739.678,ad11aa77-7757-4aa8-b378-bbe444b2d892
2026-07-22T16:16:59.822Z,GET,/orders/?page=1&pageSize=10,200,1,1092.098,c0dd64ca-8142-457f-86c2-77140126bef1
2026-07-22T16:16:58.711Z,GET,/work/?page=1&pageSize=10,200,1,2207.392,fa6dd19e-c5d0-4fbf-a639-0bc757ce5ad4
2026-07-22T16:16:59.633Z,GET,/work/0cdfd373-8dfe-4775-a0df-5610acb3e5e8,200,1,1286.757,09aac3e3-c86a-484c-b6a1-5830c058ba7c
2026-07-22T16:16:59.983Z,GET,/customers/3fceb699-2f5a-4960-ae0b-32ba2c717856,200,1,944.409,2d43cbe8-ccc8-440e-b3c8-ae2dfa28b1b2
2026-07-22T16:16:57.380Z,GET,/workers/?page=1&pageSize=10,200,1,3582.942,f39d4736-cd5b-4578-95e1-f82132250cf1
2026-07-22T16:16:59.924Z,GET,/orders/4f43acc8-5efd-4413-9dae-735f1865aee2,200,1,1067.593,de7484b3-73c5-46fc-93ff-ddc58b9484de
2026-07-22T16:16:58.913Z,GET,/orders/?page=1&pageSize=10,200,1,2102.961,8e70fcc0-d0f6-47df-be65-e8a017e8c464
2026-07-22T16:16:58.452Z,GET,/customers/e496b5e2-cccc-43e6-8d1e-bf2c497e6457,200,1,2567.652,bc21b232-5c9d-40de-a7ca-6b826f6bce84
2026-07-22T16:16:59.146Z,GET,/workers/0daf3a67-ed52-4149-8648-ab3a7f622990,200,1,1899.033,b419c776-ae59-4056-980c-4d9e0c329cf0
2026-07-22T16:17:00.955Z,PATCH,/work/set-estimate,200,1,103.607,a4778fae-f92d-444d-bdfe-9a9f6b6ddf65
2026-07-22T16:16:57.585Z,GET,/cars/?page=1&pageSize=10,200,1,3475.216,01d627bc-4fe7-4efe-9c51-6eb926937112
2026-07-22T16:16:59.018Z,GET,/work/?page=1&pageSize=10,200,1,2051.132,6d2f82bd-2317-4a94-89c4-afb6cd144d0a
2026-07-22T16:16:59.450Z,GET,/workers/?page=1&pageSize=10,200,1,1632.735,7e5a5bac-d420-49af-ad6b-abb3e8a417a5
2026-07-22T16:16:58.894Z,GET,/orders/4f43acc8-5efd-4413-9dae-735f1865aee2,200,1,2222.611,b7b090f0-4141-45d8-b5d3-eb5b85d621d5
2026-07-22T16:16:59.986Z,GET,/customers/?page=1&pageSize=10,200,1,1139.408,1a2aedfd-9346-43e8-89ec-a86bc2de07ea
2026-07-22T16:17:00.375Z,GET,/cars/1caf72c2-83ad-442b-be55-0b9fc2af1fb0,200,1,775.163,2f563f52-07e8-47f2-926f-9d9a2c240a3a
2026-07-22T16:16:58.831Z,GET,/customers/a9d7fb78-ed1b-4234-966f-4af67efd3f84/with-cars,200,1,2350.993,f75d8f8f-5839-4090-aaf4-6fe2c0d8653a
2026-07-22T16:17:00.492Z,GET,/users/0929f53a-5cc3-4c75-9e03-7aaeac2fc1ab,200,1,697.317,190d833e-9de1-47ea-b87d-d08408990cf0
2026-07-22T16:16:58.146Z,GET,/orders/?page=1&pageSize=10,200,1,3057.130,c59c1f59-13f9-49f9-9aed-4f7bc348fafa
2026-07-22T16:16:58.738Z,GET,/cars/1caf72c2-83ad-442b-be55-0b9fc2af1fb0,200,1,2518.255,3adc385b-4117-4988-81e4-f998475bf969
2026-07-22T16:17:01.181Z,PATCH,/users/change-password,200,1,112.039,a1c83775-b2e3-4613-89b3-f4d1f4313ed9
2026-07-22T16:17:00.453Z,GET,/cars/1caf72c2-83ad-442b-be55-0b9fc2af1fb0,200,1,879.245,eb5cbbf9-dbcb-4c94-bf19-6dd9734c5749
2026-07-22T16:16:59.294Z,GET,/customers/a9d7fb78-ed1b-4234-966f-4af67efd3f84/with-cars,200,1,2160.076,ca432047-70bc-491f-a5d0-51d95eff37c8
2026-07-22T16:17:01.033Z,GET,/users/4418690c-833a-402a-a1d3-dbc94e9a2e4c,200,1,430.610,d452cae9-739b-4113-8158-b6b4da42d2c5
2026-07-22T16:16:59.730Z,GET,/work/?page=1&pageSize=10,200,1,1741.209,cbc3f7b5-455d-429b-a4b9-b62475f282b0
2026-07-22T16:17:00.401Z,GET,/orders/?page=1&pageSize=10,200,1,1111.124,08b41ad3-fc4d-4cee-8141-d42e26e000c8
2026-07-22T16:16:59.022Z,GET,/customers/a9d7fb78-ed1b-4234-966f-4af67efd3f84,200,1,2506.143,c3d10fd0-2f89-4823-9e2d-e3ef82a053e4
2026-07-22T16:17:00.332Z,GET,/customers/a9d7fb78-ed1b-4234-966f-4af67efd3f84/with-cars,200,1,1203.078,cf1e0deb-88fa-4c38-95e7-6dd7cfb5066a
2026-07-22T16:16:59.998Z,GET,/customers/a9d7fb78-ed1b-4234-966f-4af67efd3f84/with-cars,200,1,1542.680,8ceeadee-5b9d-489c-a2f8-d6a5af219571
2026-07-22T16:17:00.206Z,GET,/cars/?page=1&pageSize=10,200,1,1341.343,bdaa429a-87e2-4165-b9f8-9ee32af157e7
2026-07-22T16:16:58.321Z,GET,/customers/e496b5e2-cccc-43e6-8d1e-bf2c497e6457,200,1,3228.373,22066c5d-b450-4411-92fd-7fcf67c79eac
2026-07-22T16:17:00.359Z,GET,/orders/4f43acc8-5efd-4413-9dae-735f1865aee2,200,1,1232.478,8a0e221c-5e7b-4a28-9dc7-6010a709d8c1
2026-07-22T16:17:00.792Z,GET,/work/?page=1&pageSize=10,200,1,848.824,06c0d903-3719-4649-b078-f45fc0f47652
2026-07-22T16:16:59.923Z,GET,/workers/?page=1&pageSize=10,200,1,1727.921,381ccc0c-101d-4ef2-a372-a6840266ad69
2026-07-22T16:17:00.912Z,GET,/customers/?page=1&pageSize=10,200,1,739.683,da432b90-935b-41fe-b7ca-12678f3a268f
2026-07-22T16:17:01.680Z,PATCH,/customers/rename,200,1,136.627,4e89c155-dc8e-4207-98ff-180fa91d5884
2026-07-22T16:16:58.740Z,GET,/work/?page=1&pageSize=10,200,1,3089.941,ad282194-6d55-47a1-ac4e-cda87371bd9a
2026-07-22T16:17:00.774Z,GET,/orders/4f43acc8-5efd-4413-9dae-735f1865aee2,200,1,1063.035,97b74ff4-eef0-4132-bde7-4572dde2442c
2026-07-22T16:17:00.284Z,GET,/users/0929f53a-5cc3-4c75-9e03-7aaeac2fc1ab,200,1,1557.651,ad437fb8-deab-42db-9b55-12e746f2a2e0
2026-07-22T16:17:00.968Z,GET,/customers/e496b5e2-cccc-43e6-8d1e-bf2c497e6457,200,1,882.997,86d367e0-5a6b-4f1a-933d-8fbad330d1f1
2026-07-22T16:17:00.147Z,GET,/workers/?page=1&pageSize=10,200,1,1717.219,99b7dc14-2a7f-4199-b249-fb5a5776ccf4
2026-07-22T16:17:00.902Z,GET,/orders/4f43acc8-5efd-4413-9dae-735f1865aee2,200,1,999.697,c2f1df09-8a58-44f9-88b2-d0cb42a20d90
2026-07-22T16:16:59.964Z,GET,/customers/?page=1&pageSize=10,200,1,1939.010,d5701695-8e5c-4343-985e-1086fbe95a47
2026-07-22T16:17:00.566Z,GET,/work/0cdfd373-8dfe-4775-a0df-5610acb3e5e8,200,1,1346.354,7066701b-eb49-4005-af4f-d49167f08b10
2026-07-22T16:17:00.646Z,GET,/work/?page=1&pageSize=10,200,1,1286.324,326fa810-7bab-4086-9ee3-b81fac6396ea
2026-07-22T16:17:00.670Z,GET,/customers/a9d7fb78-ed1b-4234-966f-4af67efd3f84/with-cars,200,1,1263.583,7d9ba4aa-54c7-4b59-bada-0e4516ccc43c
2026-07-22T16:17:00.668Z,GET,/cars/?page=1&pageSize=10,200,1,1269.724,b4c4c4ac-03c0-4512-bfe3-20c5d0e8fc91
2026-07-22T16:16:59.144Z,GET,/orders/?page=1&pageSize=10,200,1,2809.248,6f62f887-3661-4fca-8c6f-7840d68bc011
2026-07-22T16:17:00.288Z,GET,/customers/?page=1&pageSize=10,200,1,1671.706,ca99ce36-32e8-43e3-b6e6-5b8946aae882
2026-07-22T16:17:00.383Z,GET,/orders/?page=1&pageSize=10,200,1,1595.843,9c739302-78ec-40b9-b006-3c9aaf17c679
2026-07-22T16:17:01.003Z,GET,/work/?page=1&pageSize=10,200,1,1014.414,75de01d4-9e23-4798-889b-be8a27ddd333
2026-07-22T16:17:00.621Z,GET,/work/?page=1&pageSize=10,200,1,1397.582,21af5e34-92d6-4d22-af3a-9731652b3839
2026-07-22T16:17:01.211Z,GET,/cars/1caf72c2-83ad-442b-be55-0b9fc2af1fb0,200,1,811.788,465bb8a8-d606-48e8-81eb-3be26d0b0ed7
2026-07-22T16:17:01.930Z,PATCH,/orders/apply-discount,200,1,113.400,03e35d8d-b8d0-4c99-8176-8238dc4ff0b5
2026-07-22T16:17:00.948Z,GET,/work/0cdfd373-8dfe-4775-a0df-5610acb3e5e8,200,1,1136.417,694584df-4eeb-4cf5-86f2-1060be61d73c
2026-07-22T16:17:01.503Z,GET,/users/?page=1&pageSize=10,200,1,599.536,11fad7f6-da39-4909-bf5a-4a030f2bfe51
2026-07-22T16:17:00.704Z,GET,/customers/3fceb699-2f5a-4960-ae0b-32ba2c717856,200,1,1404.648,f15a5934-dfe1-46d5-8c61-dc88b5f92d91
2026-07-22T16:17:01.077Z,GET,/workers/?page=1&pageSize=10,200,1,1041.970,6200d03c-7f7d-45aa-bc12-afd991157f7c
2026-07-22T16:17:01.420Z,GET,/customers/e496b5e2-cccc-43e6-8d1e-bf2c497e6457,200,1,727.772,e0b54386-a929-497f-9f4b-4696d082d01e
2026-07-22T16:17:02.067Z,PATCH,/customers/change-contacts,200,1,135.553,c1684e8e-305f-4b16-84c2-899b93585561
2026-07-22T16:17:02.123Z,PATCH,/work/change-title,200,1,127.458,56fb2820-fb80-4a0b-beff-e5ad060c3068
2026-07-22T16:17:02.209Z,PATCH,/work/change-title,200,1,136.193,8c87b115-199f-42b3-9bf1-9bcba2999309
2026-07-22T16:17:01.057Z,GET,/orders/4f43acc8-5efd-4413-9dae-735f1865aee2,200,1,1291.921,cd296839-9ba7-4066-a102-7957ac27ed62
2026-07-22T16:17:01.377Z,GET,/cars/?page=1&pageSize=10,200,1,979.716,ab0b15f8-2b42-4e33-b1fc-82b6b55f7491
2026-07-22T16:17:02.234Z,PATCH,/work/change-title,200,1,135.242,a98dae2a-2b73-4117-85a0-f31e8cd9c3b1
2026-07-22T16:17:01.723Z,GET,/customers/a9d7fb78-ed1b-4234-966f-4af67efd3f84/with-cars,200,1,735.466,21ccf953-660f-4731-8fe6-7c2f6afc2538
2026-07-22T16:17:00.980Z,GET,/workers/0daf3a67-ed52-4149-8648-ab3a7f622990,200,1,1491.773,29507ef6-e689-4f44-b9b3-54a8a760fe39
2026-07-22T16:17:00.754Z,GET,/customers/a9d7fb78-ed1b-4234-966f-4af67efd3f84/with-cars,200,1,1764.090,0c9972f8-6ebc-4475-920e-1677ef5573fd
2026-07-22T16:17:01.431Z,GET,/workers/?page=1&pageSize=10,200,1,1102.164,95d1e402-406f-44dd-b7ab-b30ce50e64dc
2026-07-22T16:17:00.970Z,GET,/cars/?page=1&pageSize=10,200,1,1703.794,1c14161f-0b40-471d-964d-0ad969e0f07b
2026-07-22T16:17:00.849Z,GET,/users/4418690c-833a-402a-a1d3-dbc94e9a2e4c,200,1,1829.602,aee08cdd-9ff7-4d15-912c-9a92657f4d62
2026-07-22T16:17:02.188Z,GET,/work/04dbc71a-9d4e-4f8b-b0c8-acd1a89a00eb,200,1,611.217,09134916-b330-44af-b806-1ef53fff3570
2026-07-22T16:17:01.476Z,GET,/cars/1caf72c2-83ad-442b-be55-0b9fc2af1fb0,200,1,1337.354,b6263f7e-e3c0-4ba9-b55c-bbf38e819042
2026-07-22T16:17:01.959Z,GET,/work/?page=1&pageSize=10,200,1,864.479,a6412919-e8d9-4713-b6eb-fd11afab0805
2026-07-22T16:17:01.320Z,GET,/orders/?page=1&pageSize=10,200,1,1504.004,b2667d7a-d85a-4952-930e-4904b5e538ea
2026-07-22T16:17:02.706Z,PATCH,/work/change-description,200,1,130.743,945550d7-7000-4f6b-957a-99e68fde8443
2026-07-22T16:17:01.689Z,GET,/customers/?page=1&pageSize=10,200,1,1179.529,a545be0b-ca87-47a1-a073-9238b9fb2670
2026-07-22T16:17:00.581Z,GET,/orders/4f43acc8-5efd-4413-9dae-735f1865aee2,200,1,2314.439,e8bf15ea-22bb-4ff9-87bb-9c05bcdcc868
2026-07-22T16:17:01.575Z,GET,/work/0cdfd373-8dfe-4775-a0df-5610acb3e5e8,200,1,1337.293,bd281ef2-a766-439d-9471-2f22ab7c3254
2026-07-22T16:17:00.413Z,GET,/users/4418690c-833a-402a-a1d3-dbc94e9a2e4c,200,1,2513.490,b669878c-0dce-4776-a0e0-5e9080e7a7f4
2026-07-22T16:17:01.403Z,GET,/workers/8fd57c23-e21f-42b6-a79a-b06fe2bfb7eb,200,1,1586.180,0b20e57a-3a7c-4050-be3e-d7be6b14ac89
2026-07-22T16:17:02.289Z,GET,/customers/?page=1&pageSize=10,200,1,725.168,51fafb5b-6a81-4e1d-9230-e2ad235ac6ca
2026-07-22T16:17:02.301Z,GET,/workers/?page=1&pageSize=10,200,1,731.880,8da7f894-5fc8-47a8-875b-60068a278b41
2026-07-22T16:17:02.323Z,GET,/users/0929f53a-5cc3-4c75-9e03-7aaeac2fc1ab,200,1,729.227,e3f58807-915a-4d48-b400-9c59be11a322
2026-07-22T16:17:01.020Z,GET,/users/?page=1&pageSize=10,200,1,2099.339,9baa134e-ac48-4940-9188-9f732234d649
2026-07-22T16:17:01.418Z,GET,/cars/?page=1&pageSize=10,200,1,1703.970,37fa8ba1-2fa6-4cfb-915e-723448d75723
2026-07-22T16:17:02.994Z,PATCH,/orders/set-priority,200,1,130.324,b922c59e-8b5a-443d-9e3a-a1f5b22b0886
2026-07-22T16:17:01.458Z,GET,/orders/4f43acc8-5efd-4413-9dae-735f1865aee2,200,1,1670.451,72c2bdd5-1567-43ea-aa40-b8dd5003957f
2026-07-22T16:17:01.938Z,GET,/customers/a9d7fb78-ed1b-4234-966f-4af67efd3f84/with-cars,200,1,1201.387,818d3cac-4a96-4551-9c00-a034fa489e3e
2026-07-22T16:17:01.950Z,GET,/cars/?page=1&pageSize=10,200,1,1193.412,60d84b86-81c0-42d8-bec6-913f8ca647d3
2026-07-22T16:17:02.451Z,GET,/workers/?page=1&pageSize=10,200,1,727.265,bb17c58e-2451-4079-986e-b4278b13ebde
2026-07-22T16:17:02.171Z,GET,/workers/9972a935-15fe-42f7-ae95-abefb225c693,200,1,1072.490,78635db3-1a95-4a77-94e0-f5b4306367b2
2026-07-22T16:17:01.411Z,GET,/work/04dbc71a-9d4e-4f8b-b0c8-acd1a89a00eb,200,1,1835.972,ddf85e23-5a6f-4577-b4fe-2b8ee371ca63
2026-07-22T16:17:01.079Z,GET,/customers/3fceb699-2f5a-4960-ae0b-32ba2c717856,200,1,2227.651,64abe019-be0e-4751-9f06-e4778b085e89
2026-07-22T16:17:03.197Z,PATCH,/work/set-estimate,200,1,151.980,04861661-e42e-4f44-90fe-86671eff7f7e
2026-07-22T16:17:01.333Z,GET,/customers/a9d7fb78-ed1b-4234-966f-4af67efd3f84/with-cars,200,1,2106.187,c6316548-47fd-4c69-acd9-eb90200e712c
2026-07-22T16:17:02.266Z,GET,/cars/1caf72c2-83ad-442b-be55-0b9fc2af1fb0,200,1,1203.334,a7936de9-69aa-40e6-8a0d-f6dfa682cb12
2026-07-22T16:17:02.753Z,GET,/orders/?page=1&pageSize=10,200,1,747.116,7124d102-cc49-428c-92e2-c876ad8d0f78
2026-07-22T16:17:03.302Z,PATCH,/workers/change-role,200,1,227.171,edc2e9c3-a8c8-41be-b736-602c7449339f
2026-07-22T16:17:01.290Z,GET,/workers/?page=1&pageSize=10,200,1,2255.926,c205a9b1-373c-45cf-b3fe-be345cbcbc48
2026-07-22T16:17:03.170Z,PATCH,/customers/change-contacts,200,1,449.309,0f3552f1-e03d-4c14-a6fd-d3fbfecacd01
2026-07-22T16:17:03.517Z,PATCH,/orders/apply-discount,200,1,135.992,20a2ba1f-1343-40bd-82df-cd634614bcd7
2026-07-22T16:17:01.552Z,GET,/work/?page=1&pageSize=10,200,1,2123.572,7e106049-4033-4f0e-8514-799180b11c7c
2026-07-22T16:17:03.201Z,GET,/work/0cdfd373-8dfe-4775-a0df-5610acb3e5e8,200,1,476.508,86493e2e-f28f-41c5-8a8b-89ac87dc5d70
2026-07-22T16:17:02.979Z,GET,/orders/?page=1&pageSize=10,200,1,708.690,88a0d219-e27a-4182-a9a0-44b049fbe472
2026-07-22T16:17:01.085Z,GET,/customers/a9d7fb78-ed1b-4234-966f-4af67efd3f84/with-cars,200,1,2648.148,256756d5-1ba1-474a-8aa2-1b43b50a5d4c
2026-07-22T16:17:02.568Z,GET,/customers/a9d7fb78-ed1b-4234-966f-4af67efd3f84/with-cars,200,1,1171.652,01884855-feb8-473f-9625-201cdb6df45e
2026-07-22T16:17:01.140Z,GET,/customers/a9d7fb78-ed1b-4234-966f-4af67efd3f84,200,1,2646.408,be471508-bb4e-42ee-ac8a-1bdf0fd9158a
2026-07-22T16:17:01.819Z,GET,/customers/?page=1&pageSize=10,200,1,1988.376,d0827a1a-bc8e-43ba-b175-97f180e030c4
2026-07-22T16:17:01.694Z,GET,/workers/28513493-8f32-4a24-a13e-ab288bff0e67,200,1,2138.496,cf947eb0-a336-42af-b668-4194639d6306
2026-07-22T16:17:02.880Z,GET,/customers/a9d7fb78-ed1b-4234-966f-4af67efd3f84/with-cars,200,1,968.439,7409907d-d1b6-496d-8bd3-a7dbb2edd794
2026-07-22T16:17:02.770Z,GET,/cars/?page=1&pageSize=10,200,1,1081.163,5b4922e9-3246-4ce8-877a-d21f85fe263e
2026-07-22T16:17:03.742Z,PATCH,/orders/set-priority,200,1,120.895,b6a85d83-3e05-4b22-ad46-6e1b41342073
2026-07-22T16:17:02.370Z,GET,/cars/1caf72c2-83ad-442b-be55-0b9fc2af1fb0,200,1,1543.066,23ef6334-e498-4c58-9f0f-2a205f1bab3e
2026-07-22T16:17:01.908Z,GET,/users/0929f53a-5cc3-4c75-9e03-7aaeac2fc1ab,200,1,2005.565,a399c998-2fea-4330-b9af-47333211fbb2
2026-07-22T16:17:01.571Z,GET,/customers/?page=1&pageSize=10,200,1,2390.000,38b23d03-2c9a-4e12-89dc-8b29aece1bf8
2026-07-22T16:17:01.828Z,GET,/orders/?page=1&pageSize=10,200,1,2139.587,fbf431b1-a8dc-4f32-b661-792c73b2397f
2026-07-22T16:17:01.279Z,GET,/cars/1caf72c2-83ad-442b-be55-0b9fc2af1fb0,200,1,2729.788,62fb7bd1-c36c-4449-ac9b-e574461da501
2026-07-22T16:17:01.974Z,GET,/orders/?page=1&pageSize=10,200,1,2036.415,87f4faec-3b60-4f9e-97e8-683681802a6b
2026-07-22T16:17:01.755Z,GET,/customers/?page=1&pageSize=10,200,1,2263.721,a518c378-b6a2-42ac-a48b-7b34a89d96a8
2026-07-22T16:17:03.211Z,GET,/orders/4f43acc8-5efd-4413-9dae-735f1865aee2,200,1,809.492,31a2f2f5-2ee2-4eee-9483-088726843d5c
2026-07-22T16:17:03.891Z,PATCH,/customers/change-contacts,200,1,138.319,52c71fc7-525c-45bc-aa16-ca22f4ade2c4
2026-07-22T16:17:03.855Z,GET,/work/?page=1&pageSize=10,200,1,247.416,8932286a-9fdd-4fd3-a987-3bf54b5097a5
2026-07-22T16:17:03.748Z,GET,/workers/9972a935-15fe-42f7-ae95-abefb225c693,200,1,373.586,60513cce-83be-48ee-8990-6e52251624f5
2026-07-22T16:17:02.493Z,GET,/orders/?page=1&pageSize=10,200,1,1644.096,bfd0b0aa-6b76-4986-9fdf-9c5bba1e8810
2026-07-22T16:17:04.031Z,PATCH,/orders/set-priority,200,1,129.218,98ffef31-b88f-4e99-bef5-5f9be3dfead5
2026-07-22T16:17:03.111Z,GET,/cars/1caf72c2-83ad-442b-be55-0b9fc2af1fb0,200,1,1050.905,0229064e-9b88-44a6-b0e2-244294bb43a1
2026-07-22T16:17:04.056Z,PATCH,/orders/set-priority,200,1,132.668,bfafe195-eef9-44fb-b9e3-ecd53e44dcd5
2026-07-22T16:17:03.084Z,GET,/workers/9972a935-15fe-42f7-ae95-abefb225c693,200,1,1108.770,5ee1823b-e01f-454f-b06c-ca697be1822c
2026-07-22T16:17:02.567Z,GET,/orders/4f43acc8-5efd-4413-9dae-735f1865aee2,200,1,1637.443,cfdf6bd6-2b2a-4348-8e24-f21cdbfa7507
2026-07-22T16:17:03.402Z,GET,/workers/8fd57c23-e21f-42b6-a79a-b06fe2bfb7eb,200,1,819.870,99acbbdd-71f8-4de1-a307-8ff7d00cb023
2026-07-22T16:17:03.019Z,GET,/customers/a9d7fb78-ed1b-4234-966f-4af67efd3f84/with-cars,200,1,1205.063,303bc7ee-13ac-4016-8b5f-75ee6abd18da
2026-07-22T16:17:01.419Z,GET,/orders/?page=1&pageSize=10,200,1,2856.313,9029144b-3262-4402-85c1-fd7c2e66315c
2026-07-22T16:17:03.640Z,PATCH,/workers/change-hourly-rate,200,1,651.564,f84d6dad-364e-4a07-8bd1-ed907c44311f
2026-07-22T16:17:04.119Z,GET,/orders/?page=1&pageSize=10,200,1,244.823,62d5150c-be3c-46f9-bfc1-05f8822d6bca
2026-07-22T16:17:03.434Z,GET,/users/4418690c-833a-402a-a1d3-dbc94e9a2e4c,200,1,940.762,4d379b80-964b-4877-b556-1733e4d4dcb3
2026-07-22T16:17:02.255Z,GET,/orders/?page=1&pageSize=10,200,1,2133.920,f677d440-4f47-4a5e-bde2-fe0662d2cc30
2026-07-22T16:17:03.117Z,GET,/cars/1caf72c2-83ad-442b-be55-0b9fc2af1fb0,200,1,1274.516,c19be15e-a963-4285-8e2a-2ed20e6ad790
2026-07-22T16:17:02.998Z,GET,/customers/a9d7fb78-ed1b-4234-966f-4af67efd3f84/with-cars,200,1,1406.252,3f6e612e-2c55-415e-ba21-94af3efa0b59
2026-07-22T16:17:03.635Z,GET,/cars/?page=1&pageSize=10,200,1,814.422,27ca88fe-9448-4456-94b8-f76a553be289
2026-07-22T16:17:03.423Z,GET,/customers/a9d7fb78-ed1b-4234-966f-4af67efd3f84,200,1,1057.148,f702cbee-3a2a-4dba-930d-45b27309ef9f
2026-07-22T16:17:03.643Z,GET,/orders/4f43acc8-5efd-4413-9dae-735f1865aee2,200,1,839.143,25600ae7-9db6-4a26-a2a3-5c49fe2ea3fa
2026-07-22T16:17:02.014Z,GET,/users/0929f53a-5cc3-4c75-9e03-7aaeac2fc1ab,200,1,2469.231,51fd367a-0773-4cee-ba61-b5708dd88de6
2026-07-22T16:17:02.159Z,GET,/work/?page=1&pageSize=10,200,1,2346.010,a1dc53df-7cff-439c-a64b-3e6ac02db770
2026-07-22T16:17:03.098Z,GET,/work/?page=1&pageSize=10,200,1,1411.506,00396b3d-3167-416d-a835-efdee5244213
2026-07-22T16:17:03.603Z,GET,/users/4418690c-833a-402a-a1d3-dbc94e9a2e4c,200,1,907.578,828eefba-ca5f-4c08-b7a6-3bc381d9d4db
2026-07-22T16:17:02.985Z,GET,/work/?page=1&pageSize=10,200,1,1689.997,959688b9-151b-4d5d-b71e-e6ef493e7ce1
2026-07-22T16:17:04.191Z,GET,/workers/?page=1&pageSize=10,200,1,487.845,780b9aab-767e-4f69-8c11-1a000cedca8f
2026-07-22T16:17:04.557Z,PATCH,/work/change-description,200,1,128.899,b7180ca4-b0bc-4deb-a054-ba2d79aa1f21
2026-07-22T16:17:01.941Z,GET,/work/04dbc71a-9d4e-4f8b-b0c8-acd1a89a00eb,200,1,2770.099,07fee5b1-c5b7-4f6f-a707-1890458f7eb9
2026-07-22T16:17:04.362Z,GET,/cars/?page=1&pageSize=10,200,1,350.193,2599c5d7-5280-4155-8347-c1a80f771ac8
2026-07-22T16:17:04.370Z,GET,/users/?page=1&pageSize=10,200,1,353.840,665d7048-638a-4d14-a971-429426cb13fd
2026-07-22T16:17:02.354Z,GET,/work/04dbc71a-9d4e-4f8b-b0c8-acd1a89a00eb,200,1,2374.025,b25f27a0-d5e4-4686-8a38-2de65ff21754
2026-07-22T16:17:02.460Z,GET,/users/?page=1&pageSize=10,200,1,2286.842,c7e948a9-93ef-4e10-9489-889e53c794b6
2026-07-22T16:17:02.800Z,GET,/customers/?page=1&pageSize=10,200,1,1972.813,9820632e-289f-459e-a4c3-b0d5cce4fba7
2026-07-22T16:17:03.851Z,GET,/workers/?page=1&pageSize=10,200,1,926.642,ad95dae4-db3c-4220-a132-6f69de8c059f
2026-07-22T16:17:02.144Z,GET,/cars/?page=1&pageSize=10,200,1,2647.983,5d99cd03-f65e-48b7-9431-9121afed6beb
2026-07-22T16:17:03.633Z,GET,/work/?page=1&pageSize=10,200,1,1188.164,d48d2c1f-003b-42ce-bd6e-081fc39adb80
2026-07-22T16:17:02.383Z,GET,/workers/?page=1&pageSize=10,200,1,2475.552,b8256bf6-401b-4cee-b0b9-552ac41aed0a
2026-07-22T16:17:03.474Z,GET,/work/0cdfd373-8dfe-4775-a0df-5610acb3e5e8,200,1,1392.889,2fc5bc97-0178-4f94-b606-c027f41793fd
2026-07-22T16:17:04.725Z,PATCH,/customers/change-contacts,200,1,145.094,22db0ae9-0547-475b-9490-f1b3721bc87e
2026-07-22T16:17:02.802Z,GET,/workers/8fd57c23-e21f-42b6-a79a-b06fe2bfb7eb,200,1,2068.528,b13122e3-78d7-467c-a77f-541bd15cb4ea
2026-07-22T16:17:01.260Z,GET,/customers/?page=1&pageSize=10,200,1,3720.544,99092ee4-dd91-412e-ae88-588cb55a3fac
2026-07-22T16:17:03.672Z,GET,/work/0cdfd373-8dfe-4775-a0df-5610acb3e5e8,200,1,1309.287,780d795d-fcf0-441f-baa3-16ec6aedd0b2
2026-07-22T16:17:03.245Z,GET,/workers/?page=1&pageSize=10,200,1,1754.621,c3475889-8cfa-44d4-9210-29312a07ed42
2026-07-22T16:17:04.564Z,GET,/users/0929f53a-5cc3-4c75-9e03-7aaeac2fc1ab,200,1,455.488,30ee5099-6f16-41bd-87f6-afc35a1a84c1
2026-07-22T16:17:02.001Z,GET,/customers/?page=1&pageSize=10,200,1,3074.579,5bad1f9a-49f2-4029-a8b9-59eff39951cf
2026-07-22T16:17:04.838Z,GET,/workers/8fd57c23-e21f-42b6-a79a-b06fe2bfb7eb,200,1,245.410,cb449ec1-0daf-4383-a966-f92c472f7ec9
2026-07-22T16:17:04.455Z,GET,/users/0929f53a-5cc3-4c75-9e03-7aaeac2fc1ab,200,1,633.019,e9459e8e-2ad5-49f3-b022-4e35063ea3d1
2026-07-22T16:17:02.573Z,GET,/workers/28513493-8f32-4a24-a13e-ab288bff0e67,200,1,2549.646,59051b6b-2a87-4c4e-bfa5-8be598fdb03b
2026-07-22T16:17:04.688Z,GET,/orders/4f43acc8-5efd-4413-9dae-735f1865aee2,200,1,455.311,4bd4c353-fc4b-41bf-817a-a21e8834a428
2026-07-22T16:17:04.834Z,GET,/cars/1caf72c2-83ad-442b-be55-0b9fc2af1fb0,200,1,345.355,61faf460-2bc5-4b75-a94d-ed69e57fbeed
2026-07-22T16:17:01.999Z,GET,/work/0cdfd373-8dfe-4775-a0df-5610acb3e5e8,200,1,3189.371,bd5241d5-7432-4426-9c9d-33dcdefbbe8f
2026-07-22T16:17:05.134Z,PATCH,/cars/record-mileage,200,1,133.422,af44b11d-865d-4f89-a469-ef731647cb91
2026-07-22T16:17:01.983Z,GET,/cars/?page=1&pageSize=10,200,1,3347.149,d47fff4d-0592-445b-9f21-beb14acde9e6
2026-07-22T16:17:05.117Z,GET,/users/0929f53a-5cc3-4c75-9e03-7aaeac2fc1ab,200,1,243.913,3612acc2-610b-46cf-a169-c14ae7867bbe
2026-07-22T16:17:04.698Z,GET,/work/04dbc71a-9d4e-4f8b-b0c8-acd1a89a00eb,200,1,667.694,0eee6bb2-b346-4c3a-9c34-6a021b19ca21
2026-07-22T16:17:02.064Z,GET,/customers/a9d7fb78-ed1b-4234-966f-4af67efd3f84/with-cars,200,1,3308.215,5c754424-ba34-4e58-be22-8a45f682d2a4
2026-07-22T16:17:02.120Z,GET,/orders/4f43acc8-5efd-4413-9dae-735f1865aee2,200,1,3311.048,963aad9c-8a69-4aa5-a301-3acb99c177f4
2026-07-22T16:17:03.009Z,GET,/work/04dbc71a-9d4e-4f8b-b0c8-acd1a89a00eb,200,1,2431.384,3f9c254d-1849-4791-96c2-d1d67578a630
2026-07-22T16:17:05.104Z,GET,/users/4418690c-833a-402a-a1d3-dbc94e9a2e4c,200,1,344.159,b0adb976-12e9-40ac-9b27-60c6bfd1f527
2026-07-22T16:17:05.180Z,GET,/work/?page=1&pageSize=10,200,1,335.288,f2367eb4-bb76-43d6-8f34-33d8b7adc80e
2026-07-22T16:17:03.472Z,GET,/work/0cdfd373-8dfe-4775-a0df-5610acb3e5e8,200,1,2056.809,d37ad12c-ee28-41ae-8348-47684d5c303a
2026-07-22T16:17:05.181Z,GET,/orders/?page=1&pageSize=10,200,1,350.654,d0c1da4b-bb23-429f-acdd-0f729297ac53
2026-07-22T16:17:01.818Z,GET,/orders/4f43acc8-5efd-4413-9dae-735f1865aee2,200,1,3808.153,8241149c-da4b-4054-b97b-d3a25c9c7256
2026-07-22T16:17:05.364Z,GET,/workers/?page=1&pageSize=10,200,1,319.552,44cb2761-635e-42bb-84a0-0e2e50d38c60
2026-07-22T16:17:05.478Z,GET,/cars/1caf72c2-83ad-442b-be55-0b9fc2af1fb0,200,1,252.284,d1662f62-0272-4276-ae06-5005fd28bfaa
2026-07-22T16:17:01.395Z,GET,/work/?page=1&pageSize=10,200,1,4337.420,b0cef3ed-33f4-4781-b0fc-20c979afa688
2026-07-22T16:17:04.552Z,GET,/work/?page=1&pageSize=10,200,1,1235.108,020e7d17-34f1-42ce-9a52-8c21e18789a9
2026-07-22T16:17:04.096Z,GET,/customers/?page=1&pageSize=10,200,1,1710.838,520cea11-3ca6-474c-94b5-2fb9a64a9d75
2026-07-22T16:17:05.592Z,PATCH,/workers/change-role,200,1,236.018,6c85abf3-b7bf-4b3d-8b32-7d5a335bfb13
2026-07-22T16:17:04.979Z,GET,/cars/1caf72c2-83ad-442b-be55-0b9fc2af1fb0,200,1,894.998,364dd043-e53f-423e-afff-54abef5f0331
2026-07-22T16:17:05.525Z,GET,/users/?page=1&pageSize=10,200,1,358.449,a54be4f9-babf-4a88-a422-d7f37d1032a5
2026-07-22T16:17:04.346Z,GET,/users/0929f53a-5cc3-4c75-9e03-7aaeac2fc1ab,200,1,1560.498,fc602a48-53e7-4a20-b134-c70e1d3fa54c
2026-07-22T16:17:03.055Z,GET,/users/0929f53a-5cc3-4c75-9e03-7aaeac2fc1ab,200,1,2861.165,81aaa1f9-c05c-46e4-88a9-9c1f71c00a91
2026-07-22T16:17:03.391Z,GET,/orders/4f43acc8-5efd-4413-9dae-735f1865aee2,200,1,2530.148,aa094246-39c8-4bfd-b544-59525a3d0702
2026-07-22T16:17:02.816Z,GET,/customers/3fceb699-2f5a-4960-ae0b-32ba2c717856,200,1,3132.510,48698ab3-d6a5-4332-8953-087c22cb026c
2026-07-22T16:17:04.571Z,GET,/work/04dbc71a-9d4e-4f8b-b0c8-acd1a89a00eb,200,1,1458.686,5d812bed-1b94-4661-8bf9-c99d3ac70ca7
2026-07-22T16:17:04.617Z,GET,/work/04dbc71a-9d4e-4f8b-b0c8-acd1a89a00eb,200,1,1418.205,19a9018f-abce-49fc-b50a-cddbf96aae38
2026-07-22T16:17:05.555Z,GET,/orders/?page=1&pageSize=10,200,1,495.258,bb50d178-a2c5-4aad-b332-1e7006c53abf
2026-07-22T16:17:04.220Z,GET,/work/04dbc71a-9d4e-4f8b-b0c8-acd1a89a00eb,200,1,1837.629,52650597-3093-4776-8366-f9dda4587840
2026-07-22T16:17:04.599Z,GET,/users/?page=1&pageSize=10,200,1,1473.818,daf4b1dd-20d7-45e4-bba8-b8760866859f
2026-07-22T16:17:04.217Z,GET,/workers/28513493-8f32-4a24-a13e-ab288bff0e67,200,1,1865.084,047a441e-556c-447e-a857-95117a44e1f0
2026-07-22T16:17:05.737Z,GET,/work/0cdfd373-8dfe-4775-a0df-5610acb3e5e8,200,1,365.265,d5dc7a6e-31a6-47b7-ba7b-f7a059245a49
2026-07-22T16:17:05.292Z,GET,/customers/a9d7fb78-ed1b-4234-966f-4af67efd3f84/with-cars,200,1,816.785,3e38ca80-b897-459e-9c56-758a5596d689
2026-07-22T16:17:01.742Z,GET,/work/04dbc71a-9d4e-4f8b-b0c8-acd1a89a00eb,200,1,4432.491,46d6487f-bac6-4184-b3d2-85175456d02f
2026-07-22T16:17:04.823Z,GET,/customers/a9d7fb78-ed1b-4234-966f-4af67efd3f84/with-cars,200,1,1351.771,4cbafe99-0e69-4a69-b6ac-ce739078027e
2026-07-22T16:17:05.378Z,GET,/work/0cdfd373-8dfe-4775-a0df-5610acb3e5e8,200,1,797.662,1c541850-33f4-423c-99f0-461e492f3979
2026-07-22T16:17:04.534Z,GET,/workers/?page=1&pageSize=10,200,1,1699.419,0d0841b0-ae65-4805-8cc9-bddabe10b192
2026-07-22T16:17:02.173Z,GET,/users/?page=1&pageSize=10,200,1,4060.693,914cefcc-3ea2-4797-a5c0-97d7afd6a190
2026-07-22T16:17:06.120Z,PATCH,/work/change-description,200,1,117.018,9f81ea82-408b-4eb7-b9cd-20a7fbf85a20
2026-07-22T16:17:05.427Z,GET,/users/?page=1&pageSize=10,200,1,830.130,99f98f08-abae-4f8a-a4ae-e23952517b89
2026-07-22T16:17:06.134Z,PATCH,/users/change-password,200,1,125.293,ae0b7de3-1f20-4b8c-b253-d845fc4f76b0
2026-07-22T16:17:05.689Z,GET,/users/4418690c-833a-402a-a1d3-dbc94e9a2e4c,200,1,603.328,2626c673-b8bc-45b6-a7a5-525d806fcc14
2026-07-22T16:17:03.288Z,GET,/cars/?page=1&pageSize=10,200,1,3010.574,6f2c1e3e-b0bc-4cb5-9982-a8ddea45978a
2026-07-22T16:17:05.618Z,GET,/cars/?page=1&pageSize=10,200,1,732.106,53e0dde5-8e8a-41d9-a0e9-b8c44b16541a
2026-07-22T16:17:05.418Z,GET,/orders/?page=1&pageSize=10,200,1,937.328,4f1765ea-91a0-45a1-8e3c-bc59826ff392
2026-07-22T16:17:05.151Z,GET,/cars/?page=1&pageSize=10,200,1,1209.434,39d3487c-1ee8-4e16-af98-a64099be414e
2026-07-22T16:17:05.945Z,GET,/cars/1caf72c2-83ad-442b-be55-0b9fc2af1fb0,200,1,477.656,7aefb47a-c931-48b4-b54d-74ff037cdcd4
2026-07-22T16:17:03.376Z,GET,/work/0cdfd373-8dfe-4775-a0df-5610acb3e5e8,200,1,3046.692,e262d4df-a24d-4abb-ad7a-ebe132571936
2026-07-22T16:17:04.933Z,GET,/customers/a9d7fb78-ed1b-4234-966f-4af67efd3f84/with-cars,200,1,1490.737,36dd59d4-1014-4efa-869a-143405426cc7
2026-07-22T16:17:06.312Z,PATCH,/orders/set-priority,200,1,121.081,88894d66-e29a-4ddb-af13-d851ddff46ba
2026-07-22T16:17:03.467Z,GET,/orders/?page=1&pageSize=10,200,1,2968.298,633db655-17c4-467e-9ca0-17d847bf96af
2026-07-22T16:17:04.803Z,GET,/work/0cdfd373-8dfe-4775-a0df-5610acb3e5e8,200,1,1699.328,5eed65b2-8581-4105-ad08-6a16f6c298f6
2026-07-22T16:17:04.664Z,GET,/workers/?page=1&pageSize=10,200,1,1857.287,7d3cb5e8-cee9-4443-8513-769e7278fdb3
2026-07-22T16:17:02.446Z,GET,/workers/?page=1&pageSize=10,200,1,4088.630,ec5055cd-ff44-4fb6-be3e-af4649d6ebb2
2026-07-22T16:17:05.277Z,GET,/customers/?page=1&pageSize=10,200,1,1277.668,8aa498a5-c169-4700-8848-005abf0f2e73
2026-07-22T16:17:05.615Z,GET,/work/0cdfd373-8dfe-4775-a0df-5610acb3e5e8,200,1,944.245,300c979c-a971-45eb-839a-c6f8e82b359b
2026-07-22T16:17:05.681Z,GET,/customers/a9d7fb78-ed1b-4234-966f-4af67efd3f84/with-cars,200,1,924.375,c872d88d-7584-434a-8857-3b4a1ac7f8ff
2026-07-22T16:17:04.417Z,GET,/work/0cdfd373-8dfe-4775-a0df-5610acb3e5e8,200,1,2189.874,50469b5d-309a-4372-b4c2-30be5cf8c65f
2026-07-22T16:17:05.678Z,GET,/orders/4f43acc8-5efd-4413-9dae-735f1865aee2,200,1,930.334,569b577e-4dc9-4307-9613-ea8815987dd2
2026-07-22T16:17:01.753Z,GET,/customers/?page=1&pageSize=10,200,1,4876.260,efe0e74e-2e4a-4fb1-8941-cfb3e78331e2
2026-07-22T16:17:06.143Z,GET,/customers/?page=1&pageSize=10,200,1,498.375,aa3375f3-35f9-44ef-bfc2-4483ef94195f
2026-07-22T16:17:05.139Z,GET,/orders/?page=1&pageSize=10,200,1,1506.834,4cca5897-2779-4026-a485-6ae24da4a5c9
2026-07-22T16:17:06.325Z,GET,/customers/?page=1&pageSize=10,200,1,371.457,79e2861a-98d7-42ba-8619-b6a55662f801
2026-07-22T16:17:06.611Z,PATCH,/customers/change-contacts,200,1,119.727,61ec0c04-deb5-4205-b86c-2d1379481cca
2026-07-22T16:17:01.413Z,GET,/users/?page=1&pageSize=10,200,1,5326.734,ab0e8db2-1830-4ef2-b396-97cc7b15a33d
2026-07-22T16:17:00.398Z,GET,/customers/?page=1&pageSize=10,200,1,6343.045,004af8a9-022e-4f96-9579-f00f66c01e23
2026-07-22T16:17:04.107Z,GET,/orders/?page=1&pageSize=10,200,1,2683.409,224fbc56-4a54-46a7-93b9-b429c27f7287
2026-07-22T16:17:03.387Z,GET,/workers/0daf3a67-ed52-4149-8648-ab3a7f622990,200,1,3417.542,23fc86bb-cc83-41fc-8aa3-138de8affbc1
2026-07-22T16:17:05.358Z,GET,/customers/?page=1&pageSize=10,200,1,1525.202,944f7a1d-1942-4606-9d0b-a722f8bc12ce
2026-07-22T16:17:02.946Z,GET,/customers/?page=1&pageSize=10,200,1,3955.414,b9ddee07-b85c-4d93-8768-c4706bb42d2b
2026-07-22T16:17:02.187Z,GET,/workers/0daf3a67-ed52-4149-8648-ab3a7f622990,200,1,4760.330,58bd8f71-daca-414c-813f-8e765a019080
2026-07-22T16:17:06.488Z,GET,/cars/?page=1&pageSize=10,200,1,476.174,eb0d5708-64b6-4607-8728-2c739d184bb9
2026-07-22T16:17:04.819Z,GET,/customers/a9d7fb78-ed1b-4234-966f-4af67efd3f84/with-cars,200,1,2181.148,d4567eb7-0fa1-4e7a-b7fa-15caa88d6f06
2026-07-22T16:17:05.340Z,GET,/cars/1caf72c2-83ad-442b-be55-0b9fc2af1fb0,200,1,1661.672,968b9ba1-15ea-4cd3-9789-53bda133761b
2026-07-22T16:17:05.294Z,GET,/customers/a9d7fb78-ed1b-4234-966f-4af67efd3f84/with-cars,200,1,1738.426,efe767ae-33cc-4e87-9f05-20efd57b5229
2026-07-22T16:17:05.251Z,GET,/orders/?page=1&pageSize=10,200,1,1785.789,6fd1ec17-63e1-413b-b549-d175a461105a
2026-07-22T16:17:02.715Z,GET,/customers/a9d7fb78-ed1b-4234-966f-4af67efd3f84/with-cars,200,1,4369.405,88a7fc26-7e64-4cc7-89ab-b64f78313b1d
2026-07-22T16:17:06.734Z,GET,/orders/4f43acc8-5efd-4413-9dae-735f1865aee2,200,1,363.036,bc0197f9-7f52-4136-8fec-2bd3c19abee1
2026-07-22T16:17:03.132Z,GET,/work/04dbc71a-9d4e-4f8b-b0c8-acd1a89a00eb,200,1,3972.378,023c6557-a183-41bb-91f2-763d87c22442
2026-07-22T16:17:05.610Z,GET,/orders/4f43acc8-5efd-4413-9dae-735f1865aee2,200,1,1569.118,bfe1c618-f798-4889-88f9-32f87bac0af0
2026-07-22T16:17:05.313Z,GET,/workers/0daf3a67-ed52-4149-8648-ab3a7f622990,200,1,1867.821,f85d2b12-3e21-4471-9967-7c4fdcb1b61a
2026-07-22T16:17:05.855Z,GET,/workers/?page=1&pageSize=10,200,1,1330.329,12f04da6-ab61-402c-b416-3740d119f259
2026-07-22T16:17:03.365Z,GET,/workers/?page=1&pageSize=10,200,1,3845.281,8c52b9bd-392f-4c55-aff0-7c6a24312b02
2026-07-22T16:17:02.087Z,GET,/work/0cdfd373-8dfe-4775-a0df-5610acb3e5e8,200,1,5126.309,acb110d6-c297-49b5-8049-40ca94a6a8ec
2026-07-22T16:17:03.157Z,GET,/work/?page=1&pageSize=10,200,1,4064.374,0815adb9-fddb-4634-8a97-50adba34d3f0
2026-07-22T16:17:02.563Z,GET,/work/?page=1&pageSize=10,200,1,4708.442,ff016b9e-e8d3-4d8a-90cd-5c27dcccf266
2026-07-22T16:17:07.162Z,POST,/customers/,200,1,128.959,c89935f9-f58e-479b-a5ce-fd6918c6fdca
2026-07-22T16:17:01.980Z,GET,/customers/a9d7fb78-ed1b-4234-966f-4af67efd3f84/with-cars,200,1,5313.711,d04c0fa0-d696-4c7f-ac96-4574f16803f5
2026-07-22T16:17:06.385Z,GET,/customers/a9d7fb78-ed1b-4234-966f-4af67efd3f84/with-cars,200,1,948.100,73ae1336-2caf-4fb9-b44d-84764c5c1720
2026-07-22T16:17:02.912Z,GET,/cars/?page=1&pageSize=10,200,1,4449.682,6cb30bbc-e681-41e9-b991-de7adff50470
2026-07-22T16:17:03.875Z,GET,/customers/a9d7fb78-ed1b-4234-966f-4af67efd3f84/with-cars,200,1,3503.472,5abf2bc7-1e9a-4ff7-90cf-5022ea394d66
2026-07-22T16:17:06.553Z,GET,/orders/4f43acc8-5efd-4413-9dae-735f1865aee2,200,1,853.975,80f5a074-fb79-4269-b966-26503a37444f
2026-07-22T16:17:05.245Z,GET,/customers/a9d7fb78-ed1b-4234-966f-4af67efd3f84/with-cars,200,1,2195.057,3938bc71-d6a0-4bc9-a909-89ac0f7c1cd4
2026-07-22T16:17:05.849Z,GET,/workers/9972a935-15fe-42f7-ae95-abefb225c693,200,1,1594.541,8ec2f684-eb31-4d1b-ad9b-bc30addc7b61
2026-07-22T16:17:07.313Z,PATCH,/work/set-estimate,200,1,132.338,047d91eb-0b05-4dd5-996a-9397bf4bba22
2026-07-22T16:17:07.312Z,PATCH,/customers/change-contacts,200,1,134.232,0bd3c288-2430-433a-8fe2-3417e3c9ee0f
2026-07-22T16:17:04.416Z,GET,/customers/?page=1&pageSize=10,200,1,3035.490,58bec26e-7989-4681-a222-29cbe9dc04dd
2026-07-22T16:17:02.976Z,GET,/customers/?page=1&pageSize=10,200,1,4504.114,8aa89852-6eba-40f0-9924-bf4b06e8e749
2026-07-22T16:17:07.017Z,GET,/customers/?page=1&pageSize=10,200,1,483.515,af087829-5496-4cc8-98a7-f189c2e5cf18
2026-07-22T16:17:02.902Z,GET,/cars/1caf72c2-83ad-442b-be55-0b9fc2af1fb0,200,1,4613.421,b64e4f80-c6a0-4235-946b-175f1fc9dbe7
2026-07-22T16:17:04.190Z,GET,/orders/4f43acc8-5efd-4413-9dae-735f1865aee2,200,1,3336.828,b925482b-0526-46ae-80ba-be33726f81b7
2026-07-22T16:17:03.676Z,GET,/customers/?page=1&pageSize=10,200,1,3863.550,ce1055c3-f426-4883-9b3c-4420b0bd3091
2026-07-22T16:17:04.108Z,GET,/users/0929f53a-5cc3-4c75-9e03-7aaeac2fc1ab,200,1,3456.044,6eb381f4-ffba-46e2-88e5-8b227ec4579e
2026-07-22T16:17:02.838Z,GET,/orders/4f43acc8-5efd-4413-9dae-735f1865aee2,200,1,4762.582,c9bd77fb-1645-4355-bb96-5944308400df
2026-07-22T16:17:05.219Z,GET,/workers/8fd57c23-e21f-42b6-a79a-b06fe2bfb7eb,200,1,2391.891,752a6f7f-1c3c-404f-a8fa-2693b215b545
2026-07-22T16:17:07.185Z,PATCH,/users/change-password,200,1,462.421,df8f2473-6267-41ff-918b-f7dc9a91a1cc
2026-07-22T16:17:05.541Z,GET,/orders/4f43acc8-5efd-4413-9dae-735f1865aee2,200,1,2140.403,a410dfc9-d30c-4e6c-8a90-d3db91883130
2026-07-22T16:17:04.811Z,GET,/workers/?page=1&pageSize=10,200,1,2876.177,71dcf97f-c0e6-46e9-b050-45a284cc63a7
2026-07-22T16:17:03.181Z,GET,/users/0929f53a-5cc3-4c75-9e03-7aaeac2fc1ab,200,1,4637.889,42c66e6b-3198-4cc9-a4f3-030eec616f5b
2026-07-22T16:17:06.158Z,GET,/customers/a9d7fb78-ed1b-4234-966f-4af67efd3f84/with-cars,200,1,1682.470,c902ce9f-b407-48e7-a133-de6b88f0e62a
2026-07-22T16:17:07.444Z,GET,/users/0929f53a-5cc3-4c75-9e03-7aaeac2fc1ab,200,1,482.794,77e4c6f8-fa7f-4c84-9351-5c65c5d6e2b0
2026-07-22T16:17:06.063Z,GET,/customers/a9d7fb78-ed1b-4234-966f-4af67efd3f84,200,1,1910.370,6cc9f236-db5a-4651-addb-ef451800ad19
2026-07-22T16:17:06.536Z,GET,/orders/?page=1&pageSize=10,200,1,1468.998,470c77c2-1525-4b67-aead-e5874c0483fe
2026-07-22T16:17:06.592Z,GET,/work/?page=1&pageSize=10,200,1,1423.087,dfa6b582-8f04-4cb0-901b-6a446a3025e2
2026-07-22T16:17:05.095Z,GET,/workers/?page=1&pageSize=10,200,1,2933.249,5170ef71-d1ad-4850-9f70-8c4b85ecc111
2026-07-22T16:17:06.436Z,GET,/work/04dbc71a-9d4e-4f8b-b0c8-acd1a89a00eb,200,1,1622.651,f8cb254a-727a-4894-aff3-63cb4e3fcb4e
2026-07-22T16:17:06.104Z,GET,/cars/1caf72c2-83ad-442b-be55-0b9fc2af1fb0,200,1,2033.364,b92fb80a-4887-4e15-b928-4fcb3885649c
2026-07-22T16:17:07.065Z,GET,/customers/a9d7fb78-ed1b-4234-966f-4af67efd3f84/with-cars,200,1,1076.336,23cd9e80-ab18-4968-9635-ef7b619417f0
2026-07-22T16:17:04.518Z,GET,/customers/a9d7fb78-ed1b-4234-966f-4af67efd3f84/with-cars,200,1,3633.468,85fcd090-48f3-49a6-bf2c-94ec0ed592f5
2026-07-22T16:17:06.665Z,GET,/users/0929f53a-5cc3-4c75-9e03-7aaeac2fc1ab,200,1,1522.996,cdee3b8f-fea4-4a2d-86bd-04a4bc6630cf
2026-07-22T16:17:06.184Z,GET,/work/04dbc71a-9d4e-4f8b-b0c8-acd1a89a00eb,200,1,2028.876,7a4b0b5d-533c-4a7c-a8fa-6e6ea5b6068c
2026-07-22T16:17:04.318Z,GET,/cars/1caf72c2-83ad-442b-be55-0b9fc2af1fb0,200,1,4005.336,a07218ce-f96e-462a-b6f5-69e4a062963e
2026-07-22T16:17:02.782Z,GET,/cars/?page=1&pageSize=10,200,1,5589.513,1661e1da-0627-4b4a-9435-032f2fa8dc83
2026-07-22T16:17:06.602Z,GET,/users/4418690c-833a-402a-a1d3-dbc94e9a2e4c,200,1,1777.298,b509581f-1b0e-437f-9ad2-6f731c9f9eba
2026-07-22T16:17:08.415Z,PATCH,/customers/change-contacts,200,1,136.764,2953f1c9-f5ca-4630-8a1a-5eb889d2a385
2026-07-22T16:17:05.966Z,GET,/customers/a9d7fb78-ed1b-4234-966f-4af67efd3f84/with-cars,200,1,2626.684,63e20ab8-4856-47ed-9156-785842b94e51
2026-07-22T16:17:05.559Z,GET,/users/4418690c-833a-402a-a1d3-dbc94e9a2e4c,200,1,3036.553,b8a30728-302e-440f-bf32-16f54d3c5e29
2026-07-22T16:17:07.841Z,GET,/orders/4f43acc8-5efd-4413-9dae-735f1865aee2,200,1,817.537,60bb526b-d9da-4754-a7ec-431066b2cd86
2026-07-22T16:17:03.837Z,GET,/work/?page=1&pageSize=10,200,1,4880.010,e9243b49-ed9b-4e88-b7aa-36ae49e315c7
2026-07-22T16:17:03.762Z,GET,/workers/9972a935-15fe-42f7-ae95-abefb225c693,200,1,4958.951,12478cf9-c3be-4a29-a59a-fb72a45082d4
2026-07-22T16:17:04.392Z,GET,/users/4418690c-833a-402a-a1d3-dbc94e9a2e4c,200,1,4345.933,1627bffa-571c-426f-ba72-47667f8e8438
2026-07-22T16:17:08.625Z,PATCH,/orders/set-priority,200,1,128.404,7da463af-7593-4bf8-b570-3bd147b3006d
2026-07-22T16:17:05.911Z,GET,/cars/1caf72c2-83ad-442b-be55-0b9fc2af1fb0,200,1,2881.113,5b641ecc-5264-4e65-9f18-7165caecdb9b
2026-07-22T16:17:06.502Z,GET,/work/?page=1&pageSize=10,200,1,2328.987,3d6488fc-ab88-45c2-8ba7-3363b416563c
2026-07-22T16:17:08.719Z,PATCH,/users/change-password,200,1,119.215,b8240170-d38b-4027-b394-01af563ecca6
2026-07-22T16:17:07.855Z,GET,/orders/4f43acc8-5efd-4413-9dae-735f1865aee2,200,1,1061.327,0f75cbd2-3b0c-4ca5-bf32-7588490ea033
2026-07-22T16:17:05.933Z,GET,/cars/?page=1&pageSize=10,200,1,3029.850,4900cb2b-4531-4e33-81e6-5faa174fb443
2026-07-22T16:17:03.130Z,GET,/customers/?page=1&pageSize=10,200,1,5854.075,fb8e6cab-bef2-43a2-9b25-88e5fecc428a
2026-07-22T16:17:03.843Z,GET,/customers/a9d7fb78-ed1b-4234-966f-4af67efd3f84/with-cars,200,1,5181.452,f47a8ce8-3b81-4133-9bf6-4d63d792db52
2026-07-22T16:17:04.076Z,GET,/customers/?page=1&pageSize=10,200,1,5014.937,7866ce5f-7002-44c7-ab25-fef0116bc1dd
2026-07-22T16:17:03.799Z,GET,/users/4418690c-833a-402a-a1d3-dbc94e9a2e4c,200,1,5295.328,ba9c7388-9ebe-417b-84d1-d820fb98be77
2026-07-22T16:17:02.423Z,GET,/customers/?page=1&pageSize=10,200,1,6677.635,97e2e8bc-0252-4dab-94a8-62b8a09fedd2
2026-07-22T16:17:04.793Z,GET,/work/?page=1&pageSize=10,200,1,4364.327,740ba277-2707-4d0e-beb5-dc16c693c568
2026-07-22T16:17:07.999Z,GET,/work/04dbc71a-9d4e-4f8b-b0c8-acd1a89a00eb,200,1,1179.427,0864e082-0ae3-42f9-ba3b-6e03d44ffc52
2026-07-22T16:17:08.494Z,GET,/customers/?page=1&pageSize=10,200,1,705.361,7bcf9768-07f5-46aa-85d7-daf42c384a1e
2026-07-22T16:17:05.504Z,GET,/customers/?page=1&pageSize=10,200,1,3767.070,c06fd72f-fc78-46a5-89b2-0c1dc5f2a906
2026-07-22T16:17:07.765Z,GET,/orders/4f43acc8-5efd-4413-9dae-735f1865aee2,200,1,1538.855,d06eb4b8-dd47-403e-84c0-aeb4dfee4aba
2026-07-22T16:17:02.824Z,GET,/users/?page=1&pageSize=10,200,1,6516.272,b7b487dd-6e5f-4fa1-9157-22f7e2707e46
2026-07-22T16:17:05.484Z,GET,/users/?page=1&pageSize=10,200,1,3856.586,41ddc6e8-585d-4f75-983a-5b4415ffa600
2026-07-22T16:17:09.341Z,GET,/work/?page=1&pageSize=10,0,0,1.403,
2026-07-22T16:17:05.817Z,GET,/workers/?page=1&pageSize=10,200,1,3578.151,d2c04455-a677-4c63-a1e9-86898264c651
2026-07-22T16:17:05.586Z,GET,/work/?page=1&pageSize=10,200,1,3827.746,53d825cf-ee4a-4591-b8ed-6ccd223b1314
2026-07-22T16:17:06.074Z,GET,/work/?page=1&pageSize=10,200,1,3371.278,aa97043d-7c2e-4ffa-93ed-72b043cede12
2026-07-22T16:17:05.269Z,GET,/users/?page=1&pageSize=10,200,1,4177.246,f243b12b-ff20-4e8a-a262-c3d357155875
2026-07-22T16:17:09.360Z,PATCH,/work/change-description,200,1,242.614,3939882c-58ab-47a1-b352-b40a7d4c7030
2026-07-22T16:17:06.859Z,GET,/customers/?page=1&pageSize=10,200,1,2750.859,ca9792ee-d28e-431b-a7c5-c0b5adc44d11
2026-07-22T16:17:03.608Z,GET,/customers/a9d7fb78-ed1b-4234-966f-4af67efd3f84,200,1,6007.663,d18ffc6c-df94-4bd9-8196-537b2ae97576
2026-07-22T16:17:04.147Z,GET,/orders/4f43acc8-5efd-4413-9dae-735f1865aee2,200,1,5514.437,56ca8ff1-6cd1-4ffa-956e-aa0ad20cc297
2026-07-22T16:17:08.887Z,GET,/workers/9972a935-15fe-42f7-ae95-abefb225c693,200,1,836.792,0d3bbaf9-85cb-438a-a04a-7f613091de66
2026-07-22T16:17:07.591Z,GET,/orders/?page=1&pageSize=10,200,1,2134.187,018806bd-db68-4660-95b3-e4dbe62ff870
2026-07-22T16:17:08.651Z,GET,/users/0929f53a-5cc3-4c75-9e03-7aaeac2fc1ab,200,1,1104.193,90bd07bd-aee2-4f83-84e8-eb786b660290
2026-07-22T16:17:09.674Z,PATCH,/customers/change-contacts,200,1,133.038,39b59216-01a9-427e-bcb7-b10d0e59bf2b
2026-07-22T16:17:08.305Z,GET,/work/04dbc71a-9d4e-4f8b-b0c8-acd1a89a00eb,200,1,1504.147,a2bab1f0-1488-4cd3-bfe6-83412fc43c44
2026-07-22T16:17:06.544Z,GET,/users/?page=1&pageSize=10,200,1,3268.806,0fb349ab-101c-4545-b75c-1f2b17162797
2026-07-22T16:17:06.426Z,GET,/users/4418690c-833a-402a-a1d3-dbc94e9a2e4c,200,1,3439.615,d95c29ac-2e98-4233-8664-44c052820a66
2026-07-22T16:17:07.546Z,GET,/customers/?page=1&pageSize=10,200,1,2348.253,fed92ff8-87c2-4f0c-b4e0-c1f3473ce6f2
2026-07-22T16:17:09.235Z,GET,/orders/?page=1&pageSize=10,200,1,684.227,2b8881b9-11bd-4f84-9831-9bee255766a5
2026-07-22T16:17:04.188Z,GET,/customers/?page=1&pageSize=10,200,1,5738.173,e746a878-99d4-45ac-a1d6-aa9e8077f144
2026-07-22T16:17:09.837Z,PATCH,/customers/change-contacts,200,1,127.164,150ab3fc-41ff-49ac-b76a-909310bc5019
2026-07-22T16:17:09.896Z,PATCH,/work/change-title,200,1,121.207,287953e8-0ed7-44a9-97e5-abc81114a7e0
2026-07-22T16:17:08.505Z,GET,/orders/?page=1&pageSize=10,200,1,1515.402,cad55c18-4978-4462-8192-d3fd74398f93
2026-07-22T16:17:08.649Z,GET,/workers/28513493-8f32-4a24-a13e-ab288bff0e67,200,1,1458.487,e049b944-06c6-4cdd-bf2a-9f2ebab95cca
2026-07-22T16:17:07.913Z,GET,/orders/4f43acc8-5efd-4413-9dae-735f1865aee2,200,1,2229.004,5559231f-22c5-4e2c-b063-7323bc0946db
2026-07-22T16:17:08.185Z,GET,/users/0929f53a-5cc3-4c75-9e03-7aaeac2fc1ab,200,1,1990.362,c955311f-7dbc-445e-a754-2dcb9a0c28df
2026-07-22T16:17:08.444Z,GET,/orders/?page=1&pageSize=10,200,1,1734.981,6a46fce4-90aa-4072-bfd5-c5dc271ce301
2026-07-22T16:17:07.882Z,GET,/workers/?page=1&pageSize=10,200,1,2346.021,ba00ed9b-493a-4b45-8d1d-d1bd5996f525
2026-07-22T16:17:08.119Z,GET,/cars/1caf72c2-83ad-442b-be55-0b9fc2af1fb0,200,1,2110.422,71b5be27-7227-4759-bd1a-e9d85b8d1ad1
2026-07-22T16:17:04.729Z,GET,/orders/?page=1&pageSize=10,200,1,5517.975,5b45b1ab-ad37-4a7c-9155-1de4749fced3
2026-07-22T16:17:09.243Z,GET,/cars/1caf72c2-83ad-442b-be55-0b9fc2af1fb0,200,1,1053.356,48c000a5-1a4c-4d3f-80ba-61ebb6fd9d83
2026-07-22T16:17:09.248Z,GET,/cars/?page=1&pageSize=10,200,1,1050.238,4a1869ea-92ba-4cd2-a893-7aa9153a4a36
2026-07-22T16:17:06.290Z,GET,/cars/?page=1&pageSize=10,200,1,4010.530,88b99647-3d7b-4a50-af85-4915616e43c5
2026-07-22T16:17:07.494Z,GET,/users/?page=1&pageSize=10,200,1,2827.173,fed64d0e-0aee-42d0-a4af-625bd36541f3
2026-07-22T16:17:09.742Z,GET,/workers/?page=1&pageSize=10,200,1,582.331,d3e1ce8c-b99d-4ecd-a6da-b5ab83f0fcdc
2026-07-22T16:17:08.520Z,GET,/workers/0daf3a67-ed52-4149-8648-ab3a7f622990,200,1,1870.461,d7aadcdd-e738-47ef-9ee2-b3a7f4dab6cc
2026-07-22T16:17:04.621Z,GET,/orders/4f43acc8-5efd-4413-9dae-735f1865aee2,200,1,5786.708,aa2229f7-1128-4d63-896f-662e60b4b20a
2026-07-22T16:17:07.015Z,GET,/orders/4f43acc8-5efd-4413-9dae-735f1865aee2,200,1,3418.560,7d71bcdf-bb5f-491d-a8a4-e0218cdf9447
2026-07-22T16:17:07.922Z,GET,/orders/?page=1&pageSize=10,200,1,2541.639,13a916b7-37bb-477a-a19d-451a54122f11
2026-07-22T16:17:06.841Z,GET,/orders/?page=1&pageSize=10,200,1,3667.843,5624a804-878a-48b4-933d-a0b47989a903
2026-07-22T16:17:02.671Z,GET,/cars/1caf72c2-83ad-442b-be55-0b9fc2af1fb0,200,1,7953.771,c75496ca-de88-42bc-9385-f9199f371cc7
2026-07-22T16:17:05.375Z,GET,/work/0cdfd373-8dfe-4775-a0df-5610acb3e5e8,200,1,5254.223,2915f9df-6c60-45a6-a305-ed504b9875b6
2026-07-22T16:17:08.502Z,GET,/customers/3fceb699-2f5a-4960-ae0b-32ba2c717856,200,1,2136.361,83227d34-04d0-4e34-9ad0-7a101b9313d4
2026-07-22T16:17:09.288Z,GET,/customers/e496b5e2-cccc-43e6-8d1e-bf2c497e6457,200,1,1406.265,cf122bf8-d97a-4db0-ac71-529027fc1bb2
2026-07-22T16:17:08.859Z,GET,/customers/a9d7fb78-ed1b-4234-966f-4af67efd3f84/with-cars,200,1,1864.870,b6c18eb1-8446-4081-aaf8-9f289771c508
2026-07-22T16:17:03.942Z,GET,/work/?page=1&pageSize=10,200,1,6786.064,7607c6c8-8f8b-4f96-bb66-8d75a5753d21
2026-07-22T16:17:08.114Z,GET,/customers/a9d7fb78-ed1b-4234-966f-4af67efd3f84/with-cars,200,1,2620.145,872cfc65-22f3-462b-b8eb-3e6ce563f0e6
2026-07-22T16:17:05.660Z,GET,/work/?page=1&pageSize=10,200,1,5076.567,76f529e1-e582-4fd1-a802-87a29a9c47a3
2026-07-22T16:17:09.219Z,GET,/orders/?page=1&pageSize=10,200,1,1520.360,e0f306c5-6d25-48ce-a3c8-02c51dc6d2db
2026-07-22T16:17:04.907Z,GET,/workers/8fd57c23-e21f-42b6-a79a-b06fe2bfb7eb,200,1,5937.414,4e6219e3-cb58-4a6b-8dc6-42ece8a13441
2026-07-22T16:17:07.741Z,GET,/customers/b7313b6a-5a7a-4168-81c7-1b7b67f1db40,200,1,3134.716,8ced140f-4cd0-41f1-ac10-8a0b0b91b3c7
2026-07-22T16:17:09.293Z,GET,/cars/1caf72c2-83ad-442b-be55-0b9fc2af1fb0,200,1,1643.107,6fa35576-9a4c-4896-99d0-2ba28978f1cb
2026-07-22T16:17:08.285Z,GET,/customers/a9d7fb78-ed1b-4234-966f-4af67efd3f84/with-cars,200,1,2659.515,75b94141-b062-432d-aa5b-4a071930deb6
2026-07-22T16:17:07.128Z,GET,/cars/1caf72c2-83ad-442b-be55-0b9fc2af1fb0,200,1,3823.398,7fc95feb-735b-483c-a1c9-7878da5aa23a
2026-07-22T16:17:07.904Z,GET,/users/?page=1&pageSize=10,200,1,3118.184,5fa37f90-af1f-4ac5-aac4-259ec3ed4f6a
2026-07-22T16:17:10.887Z,PATCH,/orders/set-priority,200,1,178.060,4cd90d3e-fb08-4122-9f68-344e652e88de
2026-07-22T16:17:10.968Z,PATCH,/cars/record-mileage,200,1,133.460,22571b68-e412-4b3d-88e1-835f6444738d
2026-07-22T16:17:08.076Z,GET,/work/04dbc71a-9d4e-4f8b-b0c8-acd1a89a00eb,200,1,3033.015,0786e073-8afd-4500-981f-52cf13e4e0d8
2026-07-22T16:17:06.648Z,GET,/orders/4f43acc8-5efd-4413-9dae-735f1865aee2,200,1,4565.817,209c54fd-e524-49c8-ab28-701d0584df42
2026-07-22T16:17:09.589Z,GET,/cars/?page=1&pageSize=10,200,1,1694.906,b488b1f6-8f82-4c0f-8ffe-9ba28312c85d
2026-07-22T16:17:09.802Z,GET,/orders/4f43acc8-5efd-4413-9dae-735f1865aee2,200,1,1545.402,284ec7ae-b1a9-4f17-870d-fbfe57ce9749
2026-07-22T16:17:08.926Z,GET,/workers/8fd57c23-e21f-42b6-a79a-b06fe2bfb7eb,200,1,2454.637,694e0386-fa98-45f1-81c7-504664ea6267
2026-07-22T16:17:10.714Z,GET,/users/0929f53a-5cc3-4c75-9e03-7aaeac2fc1ab,200,1,729.453,85f06daf-da58-4467-8957-a48de3b7d3ee
2026-07-22T16:17:09.547Z,GET,/customers/?page=1&pageSize=10,200,1,1918.916,b52167bd-7bbf-429d-a9c1-a62f0867a3ca
2026-07-22T16:17:08.641Z,GET,/workers/?page=1&pageSize=10,200,1,2891.387,8889deed-a319-4cd0-9601-0ea2c2d80ee8
2026-07-22T16:17:07.881Z,GET,/customers/3fceb699-2f5a-4960-ae0b-32ba2c717856,200,1,3667.133,2a73d9bd-a7a5-467b-ac85-2ae7b7522efd
2026-07-22T16:17:08.913Z,GET,/workers/?page=1&pageSize=10,200,1,2667.818,5e85e2d6-92d3-441f-b3b9-5abae262b650
2026-07-22T16:17:11.132Z,PATCH,/workers/change-role,200,1,450.890,b029da10-e684-4d90-9e23-7c2744168bea
2026-07-22T16:17:06.945Z,GET,/work/?page=1&pageSize=10,200,1,4639.230,0fd75dc7-7e17-44f0-b7b6-22f8c78667e4
2026-07-22T16:17:07.907Z,GET,/customers/3fceb699-2f5a-4960-ae0b-32ba2c717856,200,1,3694.333,7615302c-5ae6-4954-8fc9-a5aec4d5ae58
2026-07-22T16:17:10.702Z,GET,/work/0cdfd373-8dfe-4775-a0df-5610acb3e5e8,200,1,946.648,c173f8e0-0847-48ca-b014-0f4a59de0b88
2026-07-22T16:17:08.054Z,GET,/workers/28513493-8f32-4a24-a13e-ab288bff0e67,200,1,3628.940,d94b01b0-5910-4254-bba1-7406d724aa5b
2026-07-22T16:17:11.462Z,GET,/cars/1caf72c2-83ad-442b-be55-0b9fc2af1fb0,200,1,231.147,6c556af0-c9a5-45e7-bcfa-e84bfcd1a4f5
2026-07-22T16:17:05.331Z,GET,/customers/e496b5e2-cccc-43e6-8d1e-bf2c497e6457,200,1,6367.371,1ff70ddf-f5e2-4c79-ab9b-5d24f931fdb1
2026-07-22T16:17:10.670Z,GET,/customers/a9d7fb78-ed1b-4234-966f-4af67efd3f84/with-cars,200,1,1057.716,d5b5e423-5ea7-48a6-9eb4-510abb0704cb
2026-07-22T16:17:11.017Z,GET,/work/0cdfd373-8dfe-4775-a0df-5610acb3e5e8,200,1,721.314,ec77ef61-0ad9-443e-982f-9ad0769e335a
2026-07-22T16:17:08.021Z,GET,/orders/4f43acc8-5efd-4413-9dae-735f1865aee2,200,1,3730.443,46a38d76-ae40-42b9-8810-8750300091f9
2026-07-22T16:17:07.736Z,GET,/cars/?page=1&pageSize=10,200,1,4026.278,8537da25-b296-4de8-9280-1547d2a22d26
2026-07-22T16:17:11.185Z,PATCH,/work/change-description,200,1,609.556,63a70701-f229-4354-8825-7c5c78da9188
2026-07-22T16:17:04.868Z,GET,/cars/1caf72c2-83ad-442b-be55-0b9fc2af1fb0,200,1,6930.326,ff47638c-8cec-4fb7-a8ab-b9a55929c1bd
2026-07-22T16:17:11.658Z,PATCH,/orders/set-priority,200,1,141.866,668d8a1c-2aea-49a7-9789-61b2bf0b9fb7
2026-07-22T16:17:07.744Z,GET,/customers/a9d7fb78-ed1b-4234-966f-4af67efd3f84/with-cars,200,1,4059.372,7d236e0f-cefc-45b3-9c12-8b1f3b9b6c39
2026-07-22T16:17:05.508Z,GET,/orders/4f43acc8-5efd-4413-9dae-735f1865aee2,200,1,6303.052,e4fadcac-fb68-44d4-8a7e-06c10487fe64
2026-07-22T16:17:05.197Z,GET,/work/?page=1&pageSize=10,200,1,6631.274,61b128d6-218a-470f-8103-97726ce33151
2026-07-22T16:17:11.199Z,GET,/users/4418690c-833a-402a-a1d3-dbc94e9a2e4c,200,1,711.640,82a95298-145c-483b-890a-5ddd898743c4
2026-07-22T16:17:07.057Z,GET,/customers/?page=1&pageSize=10,200,1,4855.902,bc244886-992d-4e10-b037-fa05abf21181
2026-07-22T16:17:11.256Z,GET,/work/?page=1&pageSize=10,200,1,711.812,27162985-0862-47e3-bcae-dd5216fd9106
2026-07-22T16:17:09.505Z,GET,/customers/a9d7fb78-ed1b-4234-966f-4af67efd3f84/with-cars,200,1,2471.440,afbefb85-268d-42fb-a173-7ad2a4e9890b
2026-07-22T16:17:05.433Z,GET,/users/0929f53a-5cc3-4c75-9e03-7aaeac2fc1ab,200,1,6600.459,08fcb735-774c-4ba8-8753-0301e1552422
2026-07-22T16:17:11.371Z,GET,/work/04dbc71a-9d4e-4f8b-b0c8-acd1a89a00eb,200,1,697.470,b5c482da-b5e1-48a0-9579-9762d8f57623
2026-07-22T16:17:07.825Z,GET,/work/?page=1&pageSize=10,200,1,4247.540,f3c3ea8e-e472-4149-8930-ab1f2349ad2d
2026-07-22T16:17:05.735Z,GET,/customers/?page=1&pageSize=10,200,1,6368.115,00a97450-7612-4241-9689-8455d53905af
2026-07-22T16:17:11.263Z,GET,/users/4418690c-833a-402a-a1d3-dbc94e9a2e4c,200,1,847.102,59b009c5-c0b7-4854-8945-aab10d1bffda
2026-07-22T16:17:11.724Z,GET,/work/?page=1&pageSize=10,200,1,392.869,5f13bd11-726d-402f-9c37-2c578060a0a3
2026-07-22T16:17:05.078Z,GET,/customers/?page=1&pageSize=10,200,1,7041.701,7f5bcca5-6485-4223-a3d2-d0d1e54ee9aa
2026-07-22T16:17:12.072Z,POST,/cars/,200,1,124.368,a6f8a49f-1552-4b3c-b5b3-655792b5fc2c
2026-07-22T16:17:11.322Z,GET,/orders/?page=1&pageSize=10,200,1,887.792,15e85f62-83a1-4f77-95d2-1ff77214b419
2026-07-22T16:17:11.735Z,PATCH,/orders/set-priority,200,1,480.392,fbf1557d-4712-4cd5-a738-0f944a4f7ee9
2026-07-22T16:17:10.699Z,GET,/work/0cdfd373-8dfe-4775-a0df-5610acb3e5e8,200,1,1634.281,b13fe304-d85a-4001-9383-e950d2b0ddbf
2026-07-22T16:17:09.409Z,GET,/orders/?page=1&pageSize=10,200,1,2974.050,0894b028-c580-4e82-9f71-b072624a8696
2026-07-22T16:17:12.183Z,GET,/orders/4f43acc8-5efd-4413-9dae-735f1865aee2,200,1,239.724,544bd45a-d115-46b9-aca9-61b159bd16df
2026-07-22T16:17:10.934Z,GET,/workers/?page=1&pageSize=10,200,1,1517.082,bf922248-d5d2-4847-abc4-7a6a10557579
2026-07-22T16:17:09.842Z,GET,/cars/?page=1&pageSize=10,200,1,2610.362,7c02dd96-9ef0-4ad6-8a74-ce2e6020a47d
2026-07-22T16:17:06.848Z,GET,/workers/28513493-8f32-4a24-a13e-ab288bff0e67,200,1,5629.127,00675ba9-035d-4ecf-843c-adeae5f7fb26
2026-07-22T16:17:06.212Z,GET,/cars/?page=1&pageSize=10,200,1,6270.078,099d6d47-78bf-49f2-aded-7b612da85592
2026-07-22T16:17:12.256Z,GET,/customers/?page=1&pageSize=10,200,1,243.004,0d86ee19-afe8-4386-84f5-fbc1f18ad6ae
2026-07-22T16:17:09.495Z,GET,/work/0cdfd373-8dfe-4775-a0df-5610acb3e5e8,200,1,3012.563,c064dabf-599f-4b6b-a748-60382da17261
2026-07-22T16:17:08.309Z,GET,/customers/e496b5e2-cccc-43e6-8d1e-bf2c497e6457,200,1,4229.324,974c9834-3869-458b-abee-19e86e87481b
2026-07-22T16:17:08.523Z,GET,/workers/28513493-8f32-4a24-a13e-ab288bff0e67,200,1,4015.607,82c11798-51d0-4629-9477-490a46ddf73b
2026-07-22T16:17:12.079Z,GET,/workers/28513493-8f32-4a24-a13e-ab288bff0e67,200,1,461.296,6241a0a2-1c98-45e7-a2c8-b813e1d3c6be
2026-07-22T16:17:07.884Z,GET,/customers/a9d7fb78-ed1b-4234-966f-4af67efd3f84/with-cars,200,1,4663.868,1878d084-e94f-48c7-9609-ae4cd2caaf3c
2026-07-22T16:17:05.589Z,GET,/orders/?page=1&pageSize=10,200,1,6976.203,f4dbbb5a-129b-4353-ac64-78998f9cc95b
2026-07-22T16:17:10.098Z,GET,/orders/?page=1&pageSize=10,200,1,2468.376,1d94c3ea-5c2c-420a-aa22-af7065adda19
2026-07-22T16:17:08.355Z,GET,/users/4418690c-833a-402a-a1d3-dbc94e9a2e4c,200,1,4286.203,6f9fb8c3-b285-471d-b171-a0b5955690d7
2026-07-22T16:17:12.309Z,GET,/orders/?page=1&pageSize=10,200,1,343.908,1229a2ac-13a9-4ca5-acdf-d591be167ca9
2026-07-22T16:17:12.436Z,GET,/customers/b7313b6a-5a7a-4168-81c7-1b7b67f1db40,200,1,268.885,a0d4a974-ae04-4cc4-9577-e3a83a5a0cae
2026-07-22T16:17:09.715Z,GET,/work/?page=1&pageSize=10,200,1,2994.059,6b1759b5-a76e-418e-b101-493418e8dd45
2026-07-22T16:17:08.793Z,GET,/users/4418690c-833a-402a-a1d3-dbc94e9a2e4c,200,1,3931.345,09579b24-d077-4e12-99d0-12de38aefdc8
2026-07-22T16:17:04.991Z,GET,/cars/?page=1&pageSize=10,200,1,7745.200,e0205e0b-98b2-4fea-a8dd-d60d5c950790
2026-07-22T16:17:12.149Z,GET,/workers/?page=1&pageSize=10,200,1,600.195,1f0e6d4d-61c9-4ea3-b0c5-bc2b049f6d72
2026-07-22T16:17:08.935Z,GET,/customers/e496b5e2-cccc-43e6-8d1e-bf2c497e6457,200,1,3839.970,b3a2297b-8bad-4613-a8b6-8dcd1f19351d
2026-07-22T16:17:03.572Z,GET,/workers/?page=1&pageSize=10,200,1,9243.378,b95880c8-1e81-4dc7-9df6-c4aa205392ca
2026-07-22T16:17:07.262Z,GET,/customers/?page=1&pageSize=10,200,1,5557.488,b9c99613-4a75-445a-9b9c-48d52478a031
2026-07-22T16:17:12.118Z,GET,/customers/a9d7fb78-ed1b-4234-966f-4af67efd3f84,200,1,706.443,c9503259-93bd-4f01-bb65-3eff58fe5de8
2026-07-22T16:17:08.073Z,GET,/cars/1caf72c2-83ad-442b-be55-0b9fc2af1fb0,200,1,4771.551,3493eb47-b21a-44e6-928a-a58b738d06f0
2026-07-22T16:17:09.594Z,GET,/customers/b7313b6a-5a7a-4168-81c7-1b7b67f1db40,200,1,3282.483,5a500709-8788-43ad-a30a-520fe95d3153
2026-07-22T16:17:11.957Z,GET,/customers/e496b5e2-cccc-43e6-8d1e-bf2c497e6457,200,1,934.160,74b238d3-2cde-49c0-a875-86f44dabf67c
2026-07-22T16:17:12.429Z,GET,/work/?page=1&pageSize=10,200,1,463.987,d43dab05-92b8-4b22-b3b3-9e3714eef31e
2026-07-22T16:17:10.680Z,GET,/orders/?page=1&pageSize=10,200,1,2217.029,9ae0a3ff-828e-4b63-913c-ae5e5b281f38
2026-07-22T16:17:10.336Z,GET,/workers/9972a935-15fe-42f7-ae95-abefb225c693,200,1,2599.428,14f55266-6aba-4f45-9eab-00d5dcb6e9aa
2026-07-22T16:17:09.230Z,GET,/customers/a9d7fb78-ed1b-4234-966f-4af67efd3f84,200,1,3707.585,0c311a4e-ffc4-452f-8a2c-7ce60638de16
2026-07-22T16:17:09.380Z,GET,/work/?page=1&pageSize=10,200,1,3579.323,ffbc3044-621f-4c8b-a998-2e298cb2ca22
2026-07-22T16:17:08.142Z,GET,/orders/4f43acc8-5efd-4413-9dae-735f1865aee2,200,1,4863.702,b6437313-4dca-4f5d-869b-4a07be20eede
2026-07-22T16:17:12.191Z,GET,/work/?page=1&pageSize=10,200,1,828.008,dc1222fa-8196-4f0e-bb20-17446ad106e6
2026-07-22T16:17:11.520Z,GET,/cars/1caf72c2-83ad-442b-be55-0b9fc2af1fb0,200,1,1504.937,51a97fab-1970-4c27-bb3a-44acfba1888f
2026-07-22T16:17:04.497Z,GET,/workers/28513493-8f32-4a24-a13e-ab288bff0e67,200,1,8548.454,6f5ac5cb-1424-47bb-abe0-f7d380f0ef2b
2026-07-22T16:17:09.079Z,GET,/customers/?page=1&pageSize=10,200,1,4072.297,68040daa-9ff3-4f64-b040-371055599a4c
2026-07-22T16:17:07.139Z,GET,/users/?page=1&pageSize=10,200,1,6052.660,3a79ad7e-6c3e-4ed1-bfbd-8e44ee5c49b2
2026-07-22T16:17:10.169Z,GET,/customers/?page=1&pageSize=10,200,1,3034.436,69b2164b-c68e-4faf-9292-926d3f1f281e
2026-07-22T16:17:10.315Z,GET,/customers/e496b5e2-cccc-43e6-8d1e-bf2c497e6457,200,1,2907.597,2ce67420-b54c-434e-b6c5-a1b95f4b26fd
2026-07-22T16:17:11.438Z,GET,/orders/?page=1&pageSize=10,200,1,1830.770,8fb6e369-efa8-4a70-bca3-ff55f57e59d5
2026-07-22T16:17:08.353Z,GET,/orders/4f43acc8-5efd-4413-9dae-735f1865aee2,200,1,4925.262,be9f2286-3551-40f5-ba21-ffe5dc202c69
2026-07-22T16:17:10.461Z,GET,/users/?page=1&pageSize=10,200,1,2829.989,2b39d40d-1da3-4ee9-9393-ae2e5ad85cc9
2026-07-22T16:17:13.173Z,PATCH,/customers/change-contacts,200,1,144.435,ef46c7e5-435a-4200-86cb-9d4699cd79f5
2026-07-22T16:17:08.877Z,GET,/users/?page=1&pageSize=10,200,1,4461.614,01dd6111-c055-456e-b31d-7b3430ac8a47
2026-07-22T16:17:12.049Z,GET,/work/04dbc71a-9d4e-4f8b-b0c8-acd1a89a00eb,200,1,1292.943,cd7fefd8-3b57-4d30-a5b6-63b25342be28
2026-07-22T16:17:07.505Z,GET,/users/?page=1&pageSize=10,200,1,5895.548,77bed4cf-434a-4b6e-90be-113047d90305
2026-07-22T16:17:13.138Z,GET,/cars/1caf72c2-83ad-442b-be55-0b9fc2af1fb0,200,1,289.188,92659ee9-6bfd-4e08-8fb1-f8e0c656bbbb
2026-07-22T16:17:13.294Z,PATCH,/users/change-password,200,1,135.339,fcd98cd0-128e-4310-9e8c-7872f28f3b60
2026-07-22T16:17:10.046Z,GET,/workers/?page=1&pageSize=10,200,1,3406.610,7e103db8-befd-49f8-b9c4-4a79f3d31e26
2026-07-22T16:17:10.969Z,GET,/customers/a9d7fb78-ed1b-4234-966f-4af67efd3f84/with-cars,200,1,2498.414,4e90786a-33d8-4c4d-ae6a-82b18bfaf906
2026-07-22T16:17:13.128Z,GET,/customers/a9d7fb78-ed1b-4234-966f-4af67efd3f84,200,1,389.312,2d2e4b85-bbcc-4c3d-bbd4-93e0ef71326d
2026-07-22T16:17:06.879Z,GET,/work/04dbc71a-9d4e-4f8b-b0c8-acd1a89a00eb,200,1,6712.356,fc158af8-b118-426c-99d3-d4e16a495c7d
2026-07-22T16:17:06.997Z,GET,/orders/4f43acc8-5efd-4413-9dae-735f1865aee2,200,1,6653.450,e8875fab-b3cc-41b5-8d35-237cf22fb42a
2026-07-22T16:17:09.142Z,GET,/orders/?page=1&pageSize=10,200,1,4522.560,4b255458-f280-41b9-86d2-d6b780e846c8
2026-07-22T16:17:07.220Z,GET,/customers/?page=1&pageSize=10,200,1,6451.274,c77c4f12-959b-4aed-b478-72a03b8223e8
2026-07-22T16:17:13.463Z,GET,/customers/a9d7fb78-ed1b-4234-966f-4af67efd3f84/with-cars,200,1,250.029,aaf996d9-62f5-491d-a3d4-6f0aaab1098a
2026-07-22T16:17:09.731Z,GET,/orders/4f43acc8-5efd-4413-9dae-735f1865aee2,200,1,4022.410,f720ef2b-4256-4dcb-9581-007520a373d7
2026-07-22T16:17:07.989Z,GET,/users/?page=1&pageSize=10,200,1,5900.602,ec79a061-227b-476e-b921-890643e2f803
2026-07-22T16:17:08.107Z,GET,/work/04dbc71a-9d4e-4f8b-b0c8-acd1a89a00eb,200,1,5785.761,6d3a3d34-6996-4b19-ad08-9db4a36374d4
2026-07-22T16:17:13.769Z,PATCH,/orders/apply-discount,200,1,167.887,ca766fdc-6f89-4227-99c3-1a56ea8d60e9
2026-07-22T16:17:13.523Z,GET,/customers/b7313b6a-5a7a-4168-81c7-1b7b67f1db40,200,1,468.926,8a725cdb-4dc2-48da-b869-274ceed09840
2026-07-22T16:17:06.781Z,GET,/users/4418690c-833a-402a-a1d3-dbc94e9a2e4c,200,1,7238.433,889ff006-0818-47d9-88e7-d7616976b125
2026-07-22T16:17:13.737Z,GET,/users/?page=1&pageSize=10,200,1,369.166,810352ef-c6d4-4980-a8b9-1616f3d76fbc
2026-07-22T16:17:13.399Z,GET,/customers/e496b5e2-cccc-43e6-8d1e-bf2c497e6457/with-cars,200,1,708.657,6f08bd44-d582-470e-8a75-d3504b130665
2026-07-22T16:17:08.053Z,GET,/cars/1caf72c2-83ad-442b-be55-0b9fc2af1fb0,200,1,6089.310,2d5171b8-4b27-4a9c-8ec3-af6861b21fb0
2026-07-22T16:17:08.832Z,GET,/users/?page=1&pageSize=10,200,1,5316.949,df2afbf4-fb3b-47ed-b22a-41eacc65aed2
2026-07-22T16:17:09.382Z,GET,/work/0cdfd373-8dfe-4775-a0df-5610acb3e5e8,200,1,4794.018,4de75dce-f236-42c7-8917-c6be438e3246
2026-07-22T16:17:11.630Z,GET,/customers/3fceb699-2f5a-4960-ae0b-32ba2c717856,200,1,2571.018,ab43e128-4028-48c8-9354-ad34b0ef78e7
2026-07-22T16:17:10.796Z,GET,/work/04dbc71a-9d4e-4f8b-b0c8-acd1a89a00eb,200,1,3453.870,31555298-457b-43df-bf5c-63fefe5b471c
2026-07-22T16:17:08.273Z,GET,/orders/?page=1&pageSize=10,200,1,6013.789,055456fc-5d4b-4c21-a9b5-1779277d63b1
2026-07-22T16:17:08.210Z,GET,/users/?page=1&pageSize=10,200,1,6088.067,adb82531-5fde-4815-8cb7-bbb99408a821
2026-07-22T16:17:14.089Z,PATCH,/customers/change-contacts,200,1,239.595,0b102ecb-5b00-4b99-9e94-a5ba149cbcab
2026-07-22T16:17:09.860Z,GET,/workers/8fd57c23-e21f-42b6-a79a-b06fe2bfb7eb,200,1,4471.774,197c95cf-76aa-4ffd-ac26-58978eeb6608
2026-07-22T16:17:08.065Z,GET,/users/0929f53a-5cc3-4c75-9e03-7aaeac2fc1ab,200,1,6298.864,af03c8ca-60a6-4e42-87f0-bd66e441456a
2026-07-22T16:17:13.134Z,GET,/work/?page=1&pageSize=10,200,1,1339.177,be0444f1-02b4-4645-ae82-f1589f36f667
2026-07-22T16:17:08.990Z,GET,/users/4418690c-833a-402a-a1d3-dbc94e9a2e4c,200,1,5520.295,bdf24c68-3538-4f67-acd9-07b4ca796420
2026-07-22T16:17:08.856Z,GET,/customers/a9d7fb78-ed1b-4234-966f-4af67efd3f84,200,1,5679.195,9c280aa4-8bfd-463e-8729-28405647a184
2026-07-22T16:17:13.608Z,GET,/work/?page=1&pageSize=10,200,1,929.819,5dfc81fb-3e10-4d98-9453-4e3044285071
2026-07-22T16:17:08.584Z,GET,/users/4418690c-833a-402a-a1d3-dbc94e9a2e4c,200,1,5972.346,642d001d-323b-41e5-a181-731edbfae7ed
2026-07-22T16:17:12.519Z,GET,/cars/1caf72c2-83ad-442b-be55-0b9fc2af1fb0,200,1,2064.657,9bca2cc6-1110-436b-bc4c-48d18b4a48d5
2026-07-22T16:17:13.886Z,GET,/customers/?page=1&pageSize=10,200,1,698.228,4e3cb0c7-72b9-4164-8a34-ec91ffd83bc5
2026-07-22T16:17:14.248Z,GET,/workers/?page=1&pageSize=10,200,1,353.257,8d56c0ea-b752-4c90-98fe-e50dfe386a4a
2026-07-22T16:17:12.771Z,GET,/users/0929f53a-5cc3-4c75-9e03-7aaeac2fc1ab,200,1,1849.532,491e5868-95e3-463e-9c73-f39af196e596
2026-07-22T16:17:07.573Z,GET,/customers/?page=1&pageSize=10,200,1,7061.431,e523dc0b-cbac-43fd-a291-78e7a9189b1a
2026-07-22T16:17:13.361Z,GET,/cars/1caf72c2-83ad-442b-be55-0b9fc2af1fb0,200,1,1284.904,b8748a35-1df2-49f0-8881-dc1fe57bf8a0
2026-07-22T16:17:14.069Z,GET,/workers/9972a935-15fe-42f7-ae95-abefb225c693,200,1,597.432,33abbc22-f1ce-46b0-930e-6ad50aec895b
2026-07-22T16:17:08.254Z,GET,/customers/a9d7fb78-ed1b-4234-966f-4af67efd3f84/with-cars,200,1,6419.861,e702f497-20db-4af8-9e6e-ffa8e6ede3fd
2026-07-22T16:17:13.851Z,GET,/orders/?page=1&pageSize=10,200,1,830.269,46ac97e5-75ed-4b65-85cf-0198075afa6a
2026-07-22T16:17:14.447Z,PATCH,/users/change-password,200,1,236.576,44ab27f8-bb83-420d-a1d9-f538cb40e04b
2026-07-22T16:17:14.266Z,POST,/customers/,200,1,446.132,8f861e53-ffc9-48a7-8e55-91d18773eb11
2026-07-22T16:17:10.157Z,GET,/work/04dbc71a-9d4e-4f8b-b0c8-acd1a89a00eb,200,1,4556.167,fb495493-3e09-4611-a6b5-c249845dde9a
2026-07-22T16:17:06.476Z,GET,/customers/?page=1&pageSize=10,200,1,8243.800,0eefc14a-2043-4d45-9561-6a1d898466ea
2026-07-22T16:17:14.290Z,PATCH,/cars/record-mileage,200,1,460.368,dc0dfba8-e5f9-4c40-9174-3f96c882f498
2026-07-22T16:17:09.967Z,GET,/orders/?page=1&pageSize=10,200,1,4802.281,ecee08a3-5b94-4e33-9c0f-c92f2f3a2ceb
2026-07-22T16:17:13.156Z,GET,/work/?page=1&pageSize=10,200,1,1635.805,7f9ae762-914a-4251-861f-d68688e1c427
2026-07-22T16:17:07.294Z,GET,/customers/e496b5e2-cccc-43e6-8d1e-bf2c497e6457,200,1,7575.847,d49de38d-eb34-4cd6-b929-d6d9ef29172b
2026-07-22T16:17:09.070Z,GET,/cars/?page=1&pageSize=10,200,1,5802.690,0a3782a2-d850-4280-b5bd-69a63f537005
2026-07-22T16:17:09.437Z,GET,/orders/4f43acc8-5efd-4413-9dae-735f1865aee2,200,1,5464.202,fe09ca3c-3c7a-4da9-a3bc-c089fb549ce8
2026-07-22T16:17:10.907Z,GET,/customers/?page=1&pageSize=10,200,1,3995.890,2249cba0-6ebe-4e05-b1cb-b5564b261c88
2026-07-22T16:17:08.535Z,GET,/work/?page=1&pageSize=10,200,1,6391.949,526bc8db-36bf-4912-908b-7103090d649c
2026-07-22T16:17:14.346Z,GET,/customers/b7313b6a-5a7a-4168-81c7-1b7b67f1db40,200,1,585.408,37d3201b-a243-4f7d-bdb9-9a86afc3f9b1
2026-07-22T16:17:07.398Z,GET,/cars/1caf72c2-83ad-442b-be55-0b9fc2af1fb0,200,1,7545.579,870decaf-5ad9-4f4c-ac0d-ea2400cbd6f6
2026-07-22T16:17:09.193Z,GET,/customers/b7313b6a-5a7a-4168-81c7-1b7b67f1db40,200,1,5771.104,9e27810c-7577-44e4-a711-d987694c4c67
2026-07-22T16:17:11.653Z,GET,/users/4418690c-833a-402a-a1d3-dbc94e9a2e4c,200,1,3323.073,80c31188-2701-44b8-9df1-211c67fcd2a7
2026-07-22T16:17:11.730Z,GET,/orders/4f43acc8-5efd-4413-9dae-735f1865aee2,200,1,3273.997,85de9566-14fc-490e-88ed-be7aa5573c0f
2026-07-22T16:17:13.835Z,GET,/users/?page=1&pageSize=10,200,1,1175.907,74c4c063-5fd4-40f3-8c87-55976a0d3827
2026-07-22T16:17:11.804Z,GET,/work/?page=1&pageSize=10,200,1,3226.735,f634a9fb-285a-4b5a-bdc9-a6dce8bda262
2026-07-22T16:17:14.329Z,GET,/work/0cdfd373-8dfe-4775-a0df-5610acb3e5e8,200,1,702.691,28045203-347f-4582-b41a-54edd25256d5
2026-07-22T16:17:13.629Z,GET,/orders/?page=1&pageSize=10,200,1,1457.082,3e1c11ca-7c51-48fb-a6d1-7ee82ecee5cb
2026-07-22T16:17:07.397Z,GET,/orders/4f43acc8-5efd-4413-9dae-735f1865aee2,200,1,7710.993,5cd4e7dd-ca39-4357-be08-bae58350d6d2
2026-07-22T16:17:09.241Z,GET,/customers/?page=1&pageSize=10,200,1,5887.932,c5760b31-5f57-4550-b813-e6bdeabbf11c
2026-07-22T16:17:11.805Z,GET,/workers/0daf3a67-ed52-4149-8648-ab3a7f622990,200,1,3325.023,0b4021e2-7026-487f-a8cf-2cd26c7b32ae
2026-07-22T16:17:07.738Z,GET,/workers/0daf3a67-ed52-4149-8648-ab3a7f622990,200,1,7409.847,1d9018ef-3c45-4053-ac3d-a03ad6132c6a
2026-07-22T16:17:13.573Z,GET,/orders/?page=1&pageSize=10,200,1,1584.549,78144031-646f-4b2f-9336-6df9fa74bc7e
2026-07-22T16:17:09.285Z,GET,/users/?page=1&pageSize=10,200,1,5874.893,e5697287-7884-44d3-b632-f19ba24416e3
2026-07-22T16:17:14.354Z,GET,/orders/?page=1&pageSize=10,200,1,810.562,22f443cf-0aaf-49dd-a170-68b8ae09ae82
2026-07-22T16:17:08.763Z,GET,/orders/?page=1&pageSize=10,200,1,6406.951,681ce7a6-65be-4e7f-8b04-2c9c6585bd0b
2026-07-22T16:17:10.289Z,GET,/customers/a9d7fb78-ed1b-4234-966f-4af67efd3f84/with-cars,200,1,4897.401,f35dbaf0-044c-4910-963d-87394592e9e5
2026-07-22T16:17:10.470Z,GET,/orders/4f43acc8-5efd-4413-9dae-735f1865aee2,200,1,4717.851,fe0d674d-470d-4956-a162-00d95f35c70a
2026-07-22T16:17:13.570Z,GET,/cars/?page=1&pageSize=10,200,1,1617.775,cd507bf3-3fc3-4f00-8ecd-f18619506383
2026-07-22T16:17:08.885Z,GET,/customers/?page=1&pageSize=10,200,1,6305.277,25395bae-3cc1-4595-9072-a0c04ecdc92d
2026-07-22T16:17:08.378Z,GET,/orders/?page=1&pageSize=10,200,1,6830.068,5c7c8b24-9959-4177-bf76-b3e08ca2334e
2026-07-22T16:17:09.617Z,GET,/work/04dbc71a-9d4e-4f8b-b0c8-acd1a89a00eb,200,1,5600.704,390829af-c575-429e-a9b2-77ce05ea586b
2026-07-22T16:17:13.829Z,GET,/cars/?page=1&pageSize=10,200,1,1396.935,19a0cccc-fa58-4dc5-9433-dd1b47d92500
2026-07-22T16:17:09.538Z,GET,/workers/0daf3a67-ed52-4149-8648-ab3a7f622990,200,1,5687.821,200b54a0-3ca5-4f0a-a06b-13cb28c2faa8
2026-07-22T16:17:11.623Z,GET,/customers/a9d7fb78-ed1b-4234-966f-4af67efd3f84/with-cars,200,1,3629.745,2e78e3aa-dbe6-4177-9977-a955acd37d36
2026-07-22T16:17:10.624Z,GET,/orders/?page=1&pageSize=10,200,1,4631.611,6d636537-2f77-4da0-aacd-0ca3e2ab6b8f
2026-07-22T16:17:07.879Z,GET,/work/04dbc71a-9d4e-4f8b-b0c8-acd1a89a00eb,200,1,7385.131,f670720c-fe92-41d7-83ba-542ef217f829
2026-07-22T16:17:13.606Z,GET,/cars/1bc7f770-0e3d-47f3-a931-8cfbc14767b2,200,1,1682.638,14a6960b-c131-468f-8ca1-98ab659832fd
2026-07-22T16:17:10.208Z,GET,/customers/a9d7fb78-ed1b-4234-966f-4af67efd3f84,200,1,5090.884,7df30b2d-23db-4c8a-86c0-3027f4477e20
2026-07-22T16:17:10.330Z,GET,/work/0cdfd373-8dfe-4775-a0df-5610acb3e5e8,200,1,4970.519,b0e4d14f-2f47-4c5a-bdb7-af1c2119bf51
2026-07-22T16:17:13.125Z,GET,/customers/?page=1&pageSize=10,200,1,2188.749,646c25d0-5aa9-48cd-bce8-018374b9dfa9
2026-07-22T16:17:13.926Z,GET,/orders/4f43acc8-5efd-4413-9dae-735f1865aee2,200,1,1395.870,1fadda20-efd6-4b52-80c5-b01e054febe9
2026-07-22T16:17:08.626Z,GET,/orders/?page=1&pageSize=10,200,1,6763.703,f05ff621-adaf-4d2d-8207-c48f1bd17ec2
2026-07-22T16:17:13.646Z,GET,/users/?page=1&pageSize=10,200,1,1754.853,076e67a2-bfda-4413-98a9-0f97a7d65cae
2026-07-22T16:17:10.949Z,GET,/users/4418690c-833a-402a-a1d3-dbc94e9a2e4c,200,1,4491.318,b53885ab-f639-44d0-b6af-f562b554cbfa
2026-07-22T16:17:09.464Z,GET,/customers/?page=1&pageSize=10,200,1,5987.197,ac9d39ed-0a92-4173-a0b2-aa27a70145ea
2026-07-22T16:17:13.644Z,GET,/users/0929f53a-5cc3-4c75-9e03-7aaeac2fc1ab,200,1,1865.209,69dbf4d7-e1ae-4bbf-84bf-33e2eb7bcd2b
2026-07-22T16:17:11.175Z,GET,/orders/?page=1&pageSize=10,200,1,4367.582,cb6d1af7-8553-407b-b22f-bc8fd3223c54
2026-07-22T16:17:09.057Z,GET,/customers/e496b5e2-cccc-43e6-8d1e-bf2c497e6457,200,1,6506.212,644c1453-9682-4fe2-98b0-3599f154577e
2026-07-22T16:17:11.920Z,GET,/users/4418690c-833a-402a-a1d3-dbc94e9a2e4c,200,1,3669.983,ecc17244-b84a-4bbd-a41b-de7f460ba37d
2026-07-22T16:17:10.423Z,GET,/workers/9972a935-15fe-42f7-ae95-abefb225c693,200,1,5170.513,e15733df-63f5-4926-bca0-bdae25152168
2026-07-22T16:17:10.999Z,GET,/work/0cdfd373-8dfe-4775-a0df-5610acb3e5e8,200,1,4604.766,faf62e09-8838-4d71-809b-848a97a06c9c
2026-07-22T16:17:10.250Z,GET,/workers/28513493-8f32-4a24-a13e-ab288bff0e67,200,1,5360.988,302188ad-332c-4dd3-b961-9ac7b0b106bc
2026-07-22T16:17:09.669Z,GET,/workers/?page=1&pageSize=10,200,1,5979.621,76bbf36a-aaa2-44cc-b7a9-8db9798ddb35
2026-07-22T16:17:08.163Z,GET,/users/4418690c-833a-402a-a1d3-dbc94e9a2e4c,200,1,7491.182,a32fc259-bd02-45c7-a128-59d38a0a8c30
2026-07-22T16:17:11.489Z,GET,/cars/?page=1&pageSize=10,200,1,4166.104,273b0d7a-cbf6-49c8-bdb5-46c164df68ad
2026-07-22T16:17:11.518Z,GET,/orders/?page=1&pageSize=10,200,1,4142.609,41cf24f0-8074-48d5-b2dd-e8c27aef3758
2026-07-22T16:17:10.242Z,GET,/workers/?page=1&pageSize=10,200,1,5507.898,a27098e5-4cb4-41e2-b0ff-11171f2acad8
2026-07-22T16:17:09.093Z,GET,/customers/?page=1&pageSize=10,200,1,6677.223,58470548-3f9d-453a-a31b-9764b211ffe6
2026-07-22T16:17:10.885Z,GET,/work/04dbc71a-9d4e-4f8b-b0c8-acd1a89a00eb,200,1,4896.202,874325ac-1a06-4d8c-9def-d3ee92c30464
2026-07-22T16:17:13.632Z,GET,/work/?page=1&pageSize=10,200,1,2154.122,293af549-ad83-44d7-96bb-2dd03f87693a
2026-07-22T16:17:11.355Z,GET,/work/?page=1&pageSize=10,200,1,4432.486,f7389fc1-4b4b-46c1-83fb-26d51167da4c
2026-07-22T16:17:13.705Z,GET,/orders/4f43acc8-5efd-4413-9dae-735f1865aee2,200,1,2084.972,f35e5db7-5b50-4bcf-8307-fa0fe0ce2aa5
2026-07-22T16:17:12.546Z,GET,/cars/?page=1&pageSize=10,200,1,3255.620,3f66d6f9-fe4e-49d2-9ee7-091a2599e5a4
2026-07-22T16:17:11.427Z,GET,/customers/?page=1&pageSize=10,200,1,4386.286,1f14fdec-3d71-42a7-839e-b9da0d89d880
2026-07-22T16:17:11.655Z,GET,/workers/0daf3a67-ed52-4149-8648-ab3a7f622990,200,1,4163.551,e65331cf-1c5b-42e3-a25a-5c78ad119de1
2026-07-22T16:17:09.405Z,GET,/workers/0daf3a67-ed52-4149-8648-ab3a7f622990,200,1,6417.196,71a0a235-4a51-4569-a53b-3fe9706b0181
2026-07-22T16:17:11.139Z,GET,/cars/?page=1&pageSize=10,200,1,4696.973,4f1bfcf2-a103-4fcb-aff8-89a6452ed36a
2026-07-22T16:17:10.155Z,GET,/cars/?page=1&pageSize=10,200,1,5726.033,8e1ed073-32c1-4a9e-b6e1-f080df3ad237
2026-07-22T16:17:09.564Z,GET,/orders/4f43acc8-5efd-4413-9dae-735f1865aee2,200,1,6320.609,e5d1bb3f-c41f-4392-9c76-c8ba793fa243
2026-07-22T16:17:11.868Z,GET,/work/0cdfd373-8dfe-4775-a0df-5610acb3e5e8,200,1,4019.537,498a7a83-095d-4637-adae-1e160a506f24
2026-07-22T16:17:14.397Z,GET,/cars/1bc7f770-0e3d-47f3-a931-8cfbc14767b2,200,1,1498.852,06c111cf-ff47-446c-9be7-af085f9dcd7a
2026-07-22T16:17:12.144Z,GET,/users/0929f53a-5cc3-4c75-9e03-7aaeac2fc1ab,200,1,3753.099,f4c81455-b87e-4d9f-9882-1927f2b9ed40
2026-07-22T16:17:13.397Z,GET,/orders/?page=1&pageSize=10,200,1,2507.417,362f4786-e094-4b65-b1f9-e98fe32fbe50
2026-07-22T16:17:09.976Z,GET,/users/?page=1&pageSize=10,200,1,5951.094,412eee39-720d-42c0-b83a-cb3eb6aaf031
2026-07-22T16:17:13.588Z,GET,/cars/1bc7f770-0e3d-47f3-a931-8cfbc14767b2,200,1,2364.545,634f1a2c-d5ee-47a8-994b-c95ac04d2045
2026-07-22T16:17:08.988Z,GET,/orders/4f43acc8-5efd-4413-9dae-735f1865aee2,200,1,6971.586,3a234a99-b6ee-4501-81e7-74b8141a3044
2026-07-22T16:17:08.343Z,GET,/workers/0daf3a67-ed52-4149-8648-ab3a7f622990,200,1,7622.556,c726fb51-1fb0-4acf-951e-20be8a8c9d8f
2026-07-22T16:17:12.845Z,GET,/work/?page=1&pageSize=10,200,1,3124.717,75176f14-49db-4986-92f3-2aa09593b69e
2026-07-22T16:17:13.773Z,GET,/orders/4f43acc8-5efd-4413-9dae-735f1865aee2,200,1,2233.701,da9da051-daba-41a6-8225-f321c8507893
2026-07-22T16:17:08.608Z,GET,/orders/4f43acc8-5efd-4413-9dae-735f1865aee2,200,1,7403.665,21896647-1781-4015-89d1-577c54d19557
2026-07-22T16:17:10.588Z,GET,/workers/?page=1&pageSize=10,200,1,5427.184,30d983df-34dc-47c1-9fac-d7f9d8ed87b2
2026-07-22T16:17:14.222Z,GET,/customers/a9d7fb78-ed1b-4234-966f-4af67efd3f84,200,1,1796.787,8f6b997d-7a6c-476f-ad34-bcf3b914761b
2026-07-22T16:17:12.013Z,GET,/workers/?page=1&pageSize=10,200,1,4033.268,dc781247-1f78-4b68-8b08-049ccc8e342f
2026-07-22T16:17:11.215Z,GET,/customers/e496b5e2-cccc-43e6-8d1e-bf2c497e6457,200,1,4839.395,df9d9eb5-20e1-4ec2-bc8f-9fed0a344dcb
2026-07-22T16:17:11.716Z,GET,/workers/8fd57c23-e21f-42b6-a79a-b06fe2bfb7eb,200,1,4342.511,95cd512e-9c17-4491-b22c-abd815d4a73d
2026-07-22T16:17:12.803Z,GET,/customers/?page=1&pageSize=10,200,1,3259.772,b2f1d7b3-0ccf-4407-afb6-c3b25c1a34d8
2026-07-22T16:17:11.288Z,GET,/workers/?page=1&pageSize=10,200,1,4789.415,817da1f9-eb7f-49c4-86df-a137763b8270
2026-07-22T16:17:09.980Z,GET,/work/?page=1&pageSize=10,200,1,6112.123,9187cb66-7a38-448e-ae9a-0bd8d925a38e
2026-07-22T16:17:13.243Z,GET,/work/?page=1&pageSize=10,200,1,2862.141,d7bd8439-c505-44fb-a755-9c24aeb01a84
2026-07-22T16:17:09.266Z,GET,/work/?page=1&pageSize=10,200,1,6846.104,df6e1578-36d5-4e17-a3dc-f0aed1227114
2026-07-22T16:17:13.746Z,GET,/orders/4f43acc8-5efd-4413-9dae-735f1865aee2,200,1,2366.869,ce2d24ea-7e10-4b4e-ac40-8d7660d7788a
2026-07-22T16:17:10.536Z,GET,/customers/e496b5e2-cccc-43e6-8d1e-bf2c497e6457,200,1,5580.046,e5525290-6750-480a-8751-d2223eb427fa
2026-07-22T16:17:13.241Z,GET,/users/?page=1&pageSize=10,200,1,2876.506,87877600-1707-41d1-81a2-2fd79cf570ba
2026-07-22T16:17:09.467Z,GET,/orders/4f43acc8-5efd-4413-9dae-735f1865aee2,200,1,6651.410,471de213-e8ad-4da8-b2af-920819769b90
2026-07-22T16:17:10.633Z,GET,/orders/?page=1&pageSize=10,200,1,5509.071,3b6f6a13-2a3f-4fe2-8b8b-241eec393fa8
2026-07-22T16:17:12.397Z,GET,/customers/e496b5e2-cccc-43e6-8d1e-bf2c497e6457/with-cars,200,1,3745.689,0b8b688d-9c49-45a9-bf52-2996933d3a13
2026-07-22T16:17:12.386Z,GET,/workers/?page=1&pageSize=10,200,1,3787.312,f2725588-09e0-47bc-9dcf-659de548b4db
2026-07-22T16:17:13.009Z,GET,/orders/4f43acc8-5efd-4413-9dae-735f1865aee2,200,1,3171.820,c5703a1d-71e1-4f12-8dba-5f5592e1e67c
2026-07-22T16:17:10.742Z,GET,/users/?page=1&pageSize=10,200,1,5457.195,24edbeca-2611-4d14-94a7-e683095115a2
2026-07-22T16:17:11.098Z,GET,/customers/?page=1&pageSize=10,200,1,5109.363,070c5637-742d-4bc2-a841-3be33f536f7a
2026-07-22T16:17:12.075Z,GET,/customers/?page=1&pageSize=10,200,1,4144.430,ccc6f2fd-740f-4672-8093-f65774cdac80
2026-07-22T16:17:12.624Z,GET,/work/0cdfd373-8dfe-4775-a0df-5610acb3e5e8,200,1,3611.308,15388db1-8aa5-4813-91d4-1384797aaa0b
2026-07-22T16:17:07.641Z,GET,/users/0929f53a-5cc3-4c75-9e03-7aaeac2fc1ab,200,1,8614.558,00fa3e2c-e8c7-4c17-a44f-71f29cf03166
2026-07-22T16:17:10.822Z,GET,/customers/a9d7fb78-ed1b-4234-966f-4af67efd3f84/with-cars,200,1,5454.777,d1b4e069-d398-468f-9996-20fd5f367e68
2026-07-22T16:17:10.926Z,GET,/workers/0daf3a67-ed52-4149-8648-ab3a7f622990,200,1,5364.691,c659241c-82de-4a40-a0f8-14d2ebef4d1b
2026-07-22T16:17:13.307Z,GET,/workers/?page=1&pageSize=10,200,1,3058.887,ba11b0b3-579d-49be-8e93-dd0ac6b4edb5
2026-07-22T16:17:11.266Z,GET,/users/?page=1&pageSize=10,200,1,5115.999,23aea1d4-4a63-469d-96e8-a5e11e027da9
2026-07-22T16:17:11.847Z,GET,/work/?page=1&pageSize=10,200,1,4541.436,3a97ebc4-7efa-455a-a5ba-88fb01af8657
2026-07-22T16:17:13.113Z,GET,/workers/?page=1&pageSize=10,200,1,3291.467,8cfa685c-4393-4fef-a0c5-6daf4abbec77
2026-07-22T16:17:11.296Z,GET,/customers/a9d7fb78-ed1b-4234-966f-4af67efd3f84/with-cars,200,1,5131.283,267ad30d-a579-46fc-ad78-ed5b63e4559f
2026-07-22T16:17:12.111Z,GET,/cars/1caf72c2-83ad-442b-be55-0b9fc2af1fb0,200,1,4324.980,38fae004-df85-47ff-86f6-0d1b5f9b2c7e
2026-07-22T16:17:09.246Z,GET,/work/04dbc71a-9d4e-4f8b-b0c8-acd1a89a00eb,200,1,7196.838,fbda7ccb-7acf-43ac-a356-054fb137e0d4
2026-07-22T16:17:13.726Z,GET,/cars/?page=1&pageSize=10,200,1,2732.427,51a330b9-0ce9-44a7-b8c0-b8fe71035754
2026-07-22T16:17:10.448Z,GET,/orders/?page=1&pageSize=10,200,1,6020.454,57e7d7b7-2e28-4313-b26c-51768fdee23c
2026-07-22T16:17:12.784Z,GET,/users/4418690c-833a-402a-a1d3-dbc94e9a2e4c,200,1,3689.622,be54be67-eb5a-41b2-9063-2f98c6a08e2f
2026-07-22T16:17:12.524Z,GET,/customers/?page=1&pageSize=10,200,1,3963.358,5434eb19-7ddb-45c2-b527-2fc0a29b0285
2026-07-22T16:17:13.404Z,GET,/customers/e496b5e2-cccc-43e6-8d1e-bf2c497e6457,200,1,3085.375,b8d5f8f8-80ed-49bf-b6a6-b2552bed5557
2026-07-22T16:17:08.004Z,GET,/orders/?page=1&pageSize=10,200,1,8486.953,49393462-a773-4085-b8e2-fa7a66a46996
2026-07-22T16:17:12.671Z,GET,/orders/?page=1&pageSize=10,200,1,3823.762,f3a57b82-9c8c-4e56-8c08-2143d5542ba4
2026-07-22T16:17:13.669Z,GET,/cars/?page=1&pageSize=10,200,1,2830.070,ef7aca96-f8e5-4575-89e1-67e99d1751d6
2026-07-22T16:17:11.629Z,GET,/cars/?page=1&pageSize=10,200,1,4879.352,3d8fa440-4fa7-4e12-b156-14d00eaa09fb
2026-07-22T16:17:11.919Z,GET,/users/4418690c-833a-402a-a1d3-dbc94e9a2e4c,200,1,4590.437,dd584fe7-7bd3-443f-888e-923e55ab9bd3
2026-07-22T16:17:14.338Z,GET,/orders/?page=1&pageSize=10,200,1,2183.955,c4ef82e1-3f5f-45bd-9a92-564ce8054efc
2026-07-22T16:17:12.797Z,GET,/customers/?page=1&pageSize=10,200,1,3730.799,18a49ace-70c9-40ad-b8d0-1a26701a46bc
2026-07-22T16:17:14.264Z,GET,/customers/a9d7fb78-ed1b-4234-966f-4af67efd3f84/with-cars,200,1,2265.293,f8d9a1e0-67cf-4932-9863-dea0dae31c5f
2026-07-22T16:17:11.699Z,GET,/work/04dbc71a-9d4e-4f8b-b0c8-acd1a89a00eb,200,1,4831.278,c1bcc405-3355-465f-ab2f-6d321044bcf3
2026-07-22T16:17:12.891Z,GET,/workers/?page=1&pageSize=10,200,1,3652.364,d2bf0129-cc01-4f39-b247-141730a92b4a
2026-07-22T16:17:13.097Z,GET,/workers/28513493-8f32-4a24-a13e-ab288bff0e67,200,1,3450.012,c55334ee-2172-41fa-94a2-59a04bd6d8bc
2026-07-22T16:17:14.365Z,GET,/cars/?page=1&pageSize=10,200,1,2199.001,0d1044fd-f42c-4b36-ba31-f5433fb614c8
2026-07-22T16:17:12.940Z,GET,/customers/e496b5e2-cccc-43e6-8d1e-bf2c497e6457/with-cars,200,1,3625.489,3719aa2c-c9fe-4d1d-9d9c-994cbfb21f83
2026-07-22T16:17:12.608Z,GET,/orders/4f43acc8-5efd-4413-9dae-735f1865aee2,200,1,3959.429,c90efc2a-dcec-4668-ac4d-37d0f11903ad
2026-07-22T16:17:12.614Z,GET,/work/04dbc71a-9d4e-4f8b-b0c8-acd1a89a00eb,200,1,3953.762,5866f44c-4512-4bb5-8e29-cad507952739
2026-07-22T16:17:10.755Z,GET,/customers/a9d7fb78-ed1b-4234-966f-4af67efd3f84/with-cars,200,1,5820.276,8e665658-ca60-4299-bff7-f3a1329493d6
2026-07-22T16:17:14.212Z,GET,/orders/?page=1&pageSize=10,200,1,2365.280,b8a88aca-b151-44ea-ab0d-9a11394efa9d
2026-07-22T16:17:11.271Z,GET,/work/0cdfd373-8dfe-4775-a0df-5610acb3e5e8,200,1,5320.591,b5fe282d-f181-45f7-a599-185f9622e2d6
2026-07-22T16:17:11.883Z,GET,/users/0929f53a-5cc3-4c75-9e03-7aaeac2fc1ab,200,1,4723.183,bc9ee136-c025-47d5-8b84-5284530946ff
2026-07-22T16:17:13.436Z,GET,/work/?page=1&pageSize=10,200,1,3171.929,5e24aebe-b013-4527-b920-859a2b0cf4cd
2026-07-22T16:17:14.054Z,GET,/customers/a9d7fb78-ed1b-4234-966f-4af67efd3f84,200,1,2555.258,d8152963-120c-4d2b-8a06-b1accd64a8bb
2026-07-22T16:17:08.348Z,GET,/cars/?page=1&pageSize=10,200,1,8275.577,02c119ae-f323-4fc7-bb3e-ab18542f84c4
2026-07-22T16:17:12.829Z,GET,/users/0929f53a-5cc3-4c75-9e03-7aaeac2fc1ab,200,1,3797.540,14a89f7e-d29b-431c-a64b-22f0ebc6cdea
2026-07-22T16:17:12.857Z,GET,/workers/?page=1&pageSize=10,200,1,3790.849,e1c806a0-56b9-40a7-b920-834c3c1884ad
2026-07-22T16:17:13.911Z,GET,/orders/?page=1&pageSize=10,200,1,2744.708,c3123540-4fd3-452b-89dd-f96e61aec477
2026-07-22T16:17:13.480Z,GET,/customers/?page=1&pageSize=10,200,1,3178.308,3da3a32e-b517-4652-b70b-6f980f5a5251
2026-07-22T16:17:13.592Z,GET,/customers/b7313b6a-5a7a-4168-81c7-1b7b67f1db40,200,1,3074.456,c05a3156-8113-4346-9ff5-ce021943c124
2026-07-22T16:17:13.079Z,GET,/work/04dbc71a-9d4e-4f8b-b0c8-acd1a89a00eb,200,1,3602.701,36412651-9d07-48da-9558-e31fa54357ee
2026-07-22T16:17:11.854Z,GET,/cars/1caf72c2-83ad-442b-be55-0b9fc2af1fb0,200,1,4830.622,c130c849-2ff6-4110-b17a-43893628a926
2026-07-22T16:17:12.949Z,GET,/cars/?page=1&pageSize=10,200,1,3737.400,3202a658-a081-4fff-badb-9549f53ef636
2026-07-22T16:17:13.152Z,GET,/users/?page=1&pageSize=10,200,1,3535.534,39161006-aee0-431e-a7a9-16adf7512247
2026-07-22T16:17:13.972Z,GET,/cars/?page=1&pageSize=10,200,1,2738.774,5717e4c0-f13d-4445-8951-043677cc0ce7
2026-07-22T16:17:11.999Z,GET,/users/?page=1&pageSize=10,200,1,4713.019,1c9454bb-e519-4cdb-acd6-09b7253994a6
2026-07-22T16:17:10.641Z,GET,/orders/4f43acc8-5efd-4413-9dae-735f1865aee2,200,1,6075.972,e6cbe91e-1a0d-4b43-ad14-b1c775ccb12d
2026-07-22T16:17:14.172Z,GET,/workers/9972a935-15fe-42f7-ae95-abefb225c693,200,1,2550.079,52d5db4e-5a33-4789-a2a0-e55b0db35aea
2026-07-22T16:17:13.457Z,GET,/cars/?page=1&pageSize=10,200,1,3270.920,3e5703bd-6233-4777-85a7-23cb9c5de1ed
2026-07-22T16:17:12.956Z,GET,/cars/1caf72c2-83ad-442b-be55-0b9fc2af1fb0,200,1,3796.732,3974af4a-f467-4880-9db8-6f725910fbec
2026-07-22T16:17:12.942Z,GET,/customers/a9d7fb78-ed1b-4234-966f-4af67efd3f84,200,1,3814.949,01dcc650-130b-4a05-962c-1ce38838f7aa
2026-07-22T16:17:09.688Z,GET,/users/0929f53a-5cc3-4c75-9e03-7aaeac2fc1ab,200,1,7076.855,93023ce0-233a-4908-9254-ccfdcc8a59b4
2026-07-22T16:17:11.023Z,GET,/cars/1caf72c2-83ad-442b-be55-0b9fc2af1fb0,200,1,5777.551,f22c785f-581b-4653-bf5d-7852e7573c2d
2026-07-22T16:17:14.143Z,GET,/workers/8fd57c23-e21f-42b6-a79a-b06fe2bfb7eb,200,1,2662.994,3c8ea0e4-6a2d-4056-bc47-90190f0161d9
2026-07-22T16:17:12.998Z,GET,/orders/4f43acc8-5efd-4413-9dae-735f1865aee2,200,1,3840.793,fb4187ad-43d9-4d24-9bbc-d294eea48fde
2026-07-22T16:17:13.403Z,GET,/orders/4f43acc8-5efd-4413-9dae-735f1865aee2,200,1,3437.785,5ef885bf-716b-473d-9b2f-60dc51a3b1f1
2026-07-22T16:17:13.242Z,GET,/cars/1bc7f770-0e3d-47f3-a931-8cfbc14767b2,200,1,3691.611,201a12a2-30cf-43ae-ae5d-bc2f3e6185fe
2026-07-22T16:17:13.906Z,GET,/customers/a9d7fb78-ed1b-4234-966f-4af67efd3f84/with-cars,200,1,3032.110,34a161f8-8661-48af-8c73-2cf0988aa91c
