startedAt,method,path,status,ok,ms,reqId
2026-07-22T15:24:20.572Z,GET,/work/036afb60-0ed0-4072-ad0f-7be36f772f83,200,1,68.953,836bf250-cc95-49ee-9057-62daa8fe5b18
2026-07-22T15:24:20.590Z,POST,/workers/,200,1,52.099,ff320cd1-0173-4a0d-8c29-19eba7e26f27
2026-07-22T15:24:20.652Z,POST,/work/,200,1,55.426,434ff85a-cfd4-4cdf-9ab8-eaea324379ac
2026-07-22T15:24:20.616Z,PATCH,/customers/change-contacts,200,1,101.864,7cfa783c-380f-4b73-90ef-a108b2b38c55
2026-07-22T15:24:20.623Z,POST,/customers/,200,1,107.280,31944cea-dd80-40fe-a6f3-7759b4baf69d
2026-07-22T15:24:20.674Z,POST,/workers/,200,1,78.009,4802a78b-1419-4a5f-933a-90bd40c83c34
2026-07-22T15:24:20.634Z,POST,/work/,200,1,126.033,97ab591d-d454-4bff-ada5-87daa806c677
2026-07-22T15:24:20.636Z,POST,/workers/,200,1,131.489,b932a74e-b581-4c98-95c9-0c173fe49d34
2026-07-22T15:24:20.632Z,POST,/orders/,200,1,148.822,e8611962-5fa0-49c0-83d9-f5a1edea9a01
2026-07-22T15:24:20.637Z,POST,/work/,200,1,163.219,5c186d92-1f16-4825-bc92-c2beb3077fbe
2026-07-22T15:24:20.725Z,POST,/orders/,200,1,104.608,ed620699-f985-44f0-a6c2-da9c7d633fb3
2026-07-22T15:24:20.682Z,POST,/work/,200,1,156.415,1bdba857-7b88-40ca-9ba4-08980734bec7
2026-07-22T15:24:20.716Z,PATCH,/users/change-password,200,1,123.190,89d5932b-6206-4c75-89b5-0e2c0849e971
2026-07-22T15:24:20.739Z,POST,/users/,200,1,100.180,4bc84973-9454-44db-b8ca-c5d253b372fd
2026-07-22T15:24:20.686Z,POST,/workers/,200,1,153.263,558f7dfd-e5e0-48ad-ab07-8b513037d273
2026-07-22T15:24:20.604Z,GET,/workers/?page=1&pageSize=10,200,1,258.326,8b912907-99a0-47d4-9d94-9fa8330137b3
2026-07-22T15:24:20.684Z,PATCH,/workers/change-role,200,1,183.391,5dff4035-0bee-4628-ae18-5775df67dd1a
2026-07-22T15:24:20.610Z,GET,/workers/?page=1&pageSize=10,200,1,262.808,39e8b57b-eb9f-4b46-8b47-e4245b991abc
2026-07-22T15:24:20.704Z,POST,/workers/,200,1,168.878,b24862e9-02c8-40c8-b2b1-245dbf07f33f
2026-07-22T15:24:20.753Z,PATCH,/workers/change-role,500,0,125.490,7be63f5b-aa8e-4432-ba18-d2a2ac130b27
2026-07-22T15:24:20.784Z,POST,/work/,200,1,94.281,5d07c3c0-d4fd-4b23-bf4a-2c99efeb0bd1
2026-07-22T15:24:20.687Z,PATCH,/customers/change-contacts,200,1,199.725,cfb1e25c-f541-4bce-8122-2ba5a1b29210
2026-07-22T15:24:20.767Z,POST,/customers/,200,1,125.446,c27a8b1d-47f7-41ad-804e-bf15db3af91a
2026-07-22T15:24:20.806Z,POST,/users/,200,1,88.090,30f3a73e-2a97-4f65-8eb2-653cb6fecfea
2026-07-22T15:24:20.754Z,POST,/customers/,200,1,187.109,4c765d0b-4317-4e7c-be39-c2eadbec652d
2026-07-22T15:24:20.757Z,POST,/orders/,200,1,196.869,347b3539-b3ac-4692-92f4-deaa2043b4bf
2026-07-22T15:24:20.843Z,POST,/orders/,200,1,112.348,37596d59-1816-4096-a067-f0235ca33c7b
2026-07-22T15:24:20.626Z,GET,/users/?page=1&pageSize=10,200,1,330.313,b62d872a-491a-497e-b29d-b2b82c1ffd36
2026-07-22T15:24:20.837Z,PATCH,/orders/apply-discount,200,1,119.562,04375e66-ed75-4da7-9a19-81c165474d6c
2026-07-22T15:24:20.887Z,GET,/work/4f46cea1-2955-4ba2-b0c0-9259965733fa,200,1,100.773,507f83db-a054-46d3-8f57-0559f5216b18
2026-07-22T15:24:20.844Z,POST,/customers/,200,1,149.497,f59d8cbd-b4ff-44fb-9e03-c9d6b7775978
2026-07-22T15:24:20.679Z,GET,/customers/4381ad57-a9fe-4a9b-85ae-917380c6fc22,200,1,319.839,a3afcaba-fe37-4887-b642-6891c8bc5ddf
2026-07-22T15:24:20.774Z,POST,/customers/,200,1,230.055,5a53dbee-53d1-4599-bd67-98ea3a3f27fa
2026-07-22T15:24:20.794Z,POST,/customers/,200,1,231.676,128a2693-3e65-4a33-9937-395c91663657
2026-07-22T15:24:20.880Z,POST,/cars/,200,1,149.443,20edcd40-0295-44cc-91f2-0815d9faf3cd
2026-07-22T15:24:20.889Z,POST,/cars/,200,1,147.753,80d81345-b590-40f6-852d-489e3d02939f
2026-07-22T15:24:20.797Z,POST,/cars/,200,1,240.206,9f752488-ace7-4e7d-9543-8f25f003d8e9
2026-07-22T15:24:20.902Z,PATCH,/workers/change-hourly-rate,200,1,135.012,6e791422-8159-4b3b-903f-e3be235d0fbd
2026-07-22T15:24:20.923Z,POST,/workers/,200,1,114.236,49d800ba-74f5-4853-94c3-b81502d719a8
2026-07-22T15:24:20.910Z,POST,/orders/,200,1,128.070,696b8b8e-f9dd-4f3c-9963-68a53c0d5cbd
2026-07-22T15:24:20.924Z,POST,/cars/,200,1,114.397,c8cad77d-89df-4a86-88f4-18a0b1855a77
2026-07-22T15:24:20.932Z,PATCH,/customers/rename,200,1,106.355,ac0f0d54-b31f-4d7d-b1c8-e5ee83b049be
2026-07-22T15:24:20.979Z,GET,/cars/48cb57af-8128-427d-829b-83ee0d45db5f,200,1,86.972,a6712d95-28c8-40f6-b40f-619c7c39ebc6
2026-07-22T15:24:20.939Z,PATCH,/customers/change-contacts,200,1,127.364,62e57b98-9f88-4164-bf6b-293902cfcfc7
2026-07-22T15:24:20.766Z,GET,/cars/48cb57af-8128-427d-829b-83ee0d45db5f,200,1,316.525,b6fa8dce-fab9-4355-bce2-7d340395fa26
2026-07-22T15:24:20.993Z,GET,/customers/4381ad57-a9fe-4a9b-85ae-917380c6fc22/with-cars,200,1,114.825,c16ed554-ddef-44f6-855c-b86e8f356672
2026-07-22T15:24:20.982Z,POST,/users/,200,1,126.660,589b7700-4602-49a8-b407-a2f659b7e97c
2026-07-22T15:24:20.994Z,PATCH,/workers/change-hourly-rate,200,1,138.309,14d1b057-0009-4f89-b174-edf80a323cfa
2026-07-22T15:24:20.746Z,GET,/customers/4381ad57-a9fe-4a9b-85ae-917380c6fc22,200,1,400.538,8823de4a-4256-4746-8b6e-fca053b449d0
2026-07-22T15:24:21.008Z,POST,/orders/,200,1,139.164,12072f5a-a711-481f-917b-0b9fdd38b720
2026-07-22T15:24:21.003Z,POST,/orders/,200,1,144.642,dffc2e9c-f402-4787-a5b5-5c0db46ef4a9
2026-07-22T15:24:21.001Z,PATCH,/customers/change-contacts,200,1,146.465,ff542b84-6bdc-4672-80c9-4ac1cd8c069f
2026-07-22T15:24:21.015Z,POST,/work/,200,1,133.171,bac4d959-9750-4f6e-8b12-977771157440
2026-07-22T15:24:21.050Z,GET,/users/8182dc5d-c833-497c-ab0e-a40cea486c65,200,1,126.173,d1ffe2df-e394-4c92-b0aa-76ffb186fc2f
2026-07-22T15:24:21.035Z,POST,/orders/,200,1,143.257,f270b843-9091-4642-ad59-66c24afa8894
2026-07-22T15:24:21.034Z,POST,/work/,200,1,147.557,26e3dee0-2a0d-438d-ab09-f48f8bab645b
2026-07-22T15:24:20.685Z,GET,/work/?page=1&pageSize=10,200,1,498.716,98d13074-a34a-4bc4-a94a-1eed6baffb21
2026-07-22T15:24:21.053Z,POST,/orders/,200,1,132.480,5481ade8-1cb2-44b1-849b-8592191b1d91
2026-07-22T15:24:21.073Z,POST,/cars/,200,1,113.090,df6ff340-9b78-4d80-bb7f-4f8d87006638
2026-07-22T15:24:20.750Z,GET,/customers/?page=1&pageSize=10,200,1,472.121,7025ff1d-27d9-46c5-b326-e29e85d367ac
2026-07-22T15:24:21.110Z,POST,/users/,200,1,116.038,5227eb0a-2642-4666-8242-75e5736bb6c7
2026-07-22T15:24:21.121Z,POST,/cars/,200,1,107.325,92d8b026-5f3f-4ea7-801c-d0d0f5e548ba
2026-07-22T15:24:21.141Z,PATCH,/workers/change-hourly-rate,200,1,93.774,8c2e227f-618e-4bcd-94ed-1e583cb66fbe
2026-07-22T15:24:21.148Z,POST,/customers/,200,1,86.629,37a8f260-4a83-4ba9-847c-4128f886daa6
2026-07-22T15:24:21.152Z,PATCH,/workers/change-hourly-rate,200,1,83.466,0a02a7f6-14fb-4861-9d16-d5400c806766
2026-07-22T15:24:21.083Z,GET,/orders/8566f6b4-bcdf-4c45-ad24-d53cc946e04e,200,1,186.211,356140fd-1660-4c1e-af47-4bb0bde286de
2026-07-22T15:24:21.172Z,POST,/cars/,200,1,99.110,51cfcebb-3811-4d44-9043-331009ee8278
2026-07-22T15:24:20.756Z,GET,/users/1863d2f4-a956-4fef-a10a-7ba969469982,200,1,515.693,5e638a1c-20e2-4841-9707-406436f238c8
2026-07-22T15:24:21.186Z,POST,/users/,200,1,85.879,a388a691-9214-4390-afae-331f88720f35
2026-07-22T15:24:21.185Z,POST,/customers/,200,1,87.842,88046619-607b-437b-85d8-39de11f103ba
2026-07-22T15:24:20.855Z,GET,/workers/5838afd2-4165-45b6-aac6-378db322a952,200,1,445.179,d1bfda9f-afc6-4780-b131-682825343c99
2026-07-22T15:24:21.241Z,GET,/work/?page=1&pageSize=10,200,1,88.046,ddf1dc73-9ffc-4110-a2f2-2c20e351d2ff
2026-07-22T15:24:21.249Z,POST,/workers/,200,1,81.772,39f36ffb-b50f-4530-ad16-ed688d2d4cc8
2026-07-22T15:24:21.255Z,POST,/workers/,200,1,78.606,b0e4aaa0-0ec3-48db-82ed-275b35c29131
2026-07-22T15:24:21.257Z,POST,/cars/,200,1,76.043,04a85256-001c-4e13-8e25-e5c71ff17fcd
2026-07-22T15:24:20.777Z,GET,/workers/?page=1&pageSize=10,200,1,569.052,3e9ef2a4-9cd1-4ab2-9054-6e50e50c8cfa
2026-07-22T15:24:21.261Z,POST,/customers/,200,1,96.193,bcf128c0-c6d3-4eea-abda-c6ea9332ade3
2026-07-22T15:24:21.272Z,POST,/orders/,200,1,101.888,c9c1131c-6cac-4542-9d81-fdb472635130
2026-07-22T15:24:21.273Z,POST,/users/,200,1,102.828,47bd955e-44d7-4bc0-9a93-129fab53b961
2026-07-22T15:24:21.270Z,POST,/customers/,200,1,109.235,f64fec95-ccfa-47e4-a502-b3d3ff6236e7
2026-07-22T15:24:21.274Z,POST,/orders/,200,1,105.451,3c4518ce-784d-4a36-854a-2bececd3e802
2026-07-22T15:24:21.282Z,POST,/workers/,200,1,97.955,7da255e5-6ce1-43a7-a0d3-75d4543c8ab6
2026-07-22T15:24:21.281Z,POST,/cars/,200,1,107.689,6410fd62-f4c4-48e5-8159-4f8ffb065edb
2026-07-22T15:24:21.322Z,POST,/cars/,200,1,79.381,3b9a2e85-ca29-49a5-bb04-c07471943a71
2026-07-22T15:24:20.848Z,GET,/customers/26261560-8a57-4d21-bcfe-ea77f724dad6,200,1,568.958,9330aaf5-8b40-4f0b-9595-bcd94472212a
2026-07-22T15:24:21.330Z,PATCH,/orders/apply-discount,200,1,97.312,290fa4c7-e8d1-44d2-9f9b-81b350f0bd64
2026-07-22T15:24:21.336Z,POST,/users/,200,1,106.600,f4906e34-ee44-4069-b6c9-773b4e991300
2026-07-22T15:24:21.104Z,GET,/customers/?page=1&pageSize=10,200,1,402.196,e758067b-7e18-4422-9489-01fac7cc7e1e
2026-07-22T15:24:21.382Z,POST,/users/,200,1,129.394,5f50d708-9c67-4771-981f-c0962fe85aa1
2026-07-22T15:24:21.285Z,GET,/orders/0968bbb0-8813-438b-a99b-e4a209de5612,200,1,246.722,15276773-0a19-4e2c-a60f-516b7b0d283c
2026-07-22T15:24:21.389Z,PATCH,/workers/change-hourly-rate,200,1,143.919,71262e80-4306-4121-b248-fa2d1f659614
2026-07-22T15:24:21.396Z,POST,/customers/,200,1,155.296,69462c77-0a58-4ce1-9049-6516346e69e2
2026-07-22T15:24:21.403Z,POST,/users/,200,1,149.357,6fab120c-ba30-4705-a4e4-d284e4c65929
2026-07-22T15:24:21.430Z,GET,/workers/?page=1&pageSize=10,200,1,154.517,371e3b84-1074-43e1-a5bc-9d4e47aa7272
2026-07-22T15:24:21.426Z,POST,/cars/,200,1,163.997,95be85a2-bfa8-4a14-9d9f-ed1f3ed2d9f3
2026-07-22T15:24:21.300Z,GET,/workers/?page=1&pageSize=10,200,1,293.382,f0e30f9f-e1d6-4324-a033-8c4dc4c080b1
2026-07-22T15:24:21.425Z,PATCH,/users/change-password,200,1,170.583,bd84700b-c8c1-409b-a4f2-02bd11e6a4ae
2026-07-22T15:24:21.515Z,GET,/workers/21cfc7ba-31d7-4bdc-9f03-a5070ffc577d,200,1,113.858,20e095f1-9d3d-4483-bfe6-3244caa2fd3f
2026-07-22T15:24:21.516Z,PATCH,/workers/change-hourly-rate,200,1,119.037,acce9b3f-52f7-45f5-b563-df25b0b590a8
2026-07-22T15:24:21.415Z,GET,/cars/?page=1&pageSize=10,200,1,231.460,9b4f3d23-4c2a-4b45-ad4e-7a428e9fe1f2
2026-07-22T15:24:21.537Z,GET,/work/036afb60-0ed0-4072-ad0f-7be36f772f83,200,1,134.432,03affbe4-4f4f-4731-9ba4-5906a5994600
2026-07-22T15:24:21.436Z,PATCH,/workers/change-role,200,1,244.144,f6ef575f-8817-416e-848d-682bd6976188
2026-07-22T15:24:21.345Z,GET,/workers/?page=1&pageSize=10,200,1,343.050,020f9185-b9a0-483b-b069-e445eda6ca5e
2026-07-22T15:24:21.547Z,POST,/orders/,200,1,142.091,4abd2f5b-22a1-4401-9c30-9dffd4198778
2026-07-22T15:24:21.552Z,POST,/cars/,200,1,137.915,7e9f8ff6-190b-49b4-a277-c19b0439e1d7
2026-07-22T15:24:21.557Z,POST,/workers/,200,1,132.773,198eb99f-0ca5-4566-b287-93729ebd3536
2026-07-22T15:24:21.587Z,POST,/customers/,200,1,108.314,1838ae5d-e819-4e8f-815d-bdaac636243f
2026-07-22T15:24:21.593Z,PATCH,/work/change-title,200,1,113.018,39590b9b-34be-4e19-babb-df577f25f926
2026-07-22T15:24:21.517Z,POST,/cars/,200,1,197.142,73a8c690-3a8c-42df-897e-2ed1d05091b8
2026-07-22T15:24:21.014Z,GET,/workers/?page=1&pageSize=10,200,1,702.809,5584c9f6-0370-464d-913f-1b9dbc6a5c0d
2026-07-22T15:24:21.630Z,POST,/users/,200,1,87.755,227c2947-e600-41fb-87f8-63437c876308
2026-07-22T15:24:21.638Z,PATCH,/work/change-description,200,1,81.097,930ead96-fa43-4c53-b14d-3ba2c34fee9d
2026-07-22T15:24:21.529Z,POST,/customers/,200,1,203.090,bfe3b321-8bd5-4999-9a20-99b179227397
2026-07-22T15:24:21.366Z,POST,/users/,200,1,368.326,1ddf86ae-b0b6-4a92-b3d0-094b309fa9ae
2026-07-22T15:24:21.356Z,PATCH,/customers/rename,200,1,378.617,f623b24e-d838-4f5b-81b9-84c7c5734743
2026-07-22T15:24:21.139Z,GET,/orders/8566f6b4-bcdf-4c45-ad24-d53cc946e04e,200,1,607.421,cccc4fb6-6297-4fb1-aaa9-2676fade2c8f
2026-07-22T15:24:21.178Z,GET,/customers/83051464-2d13-4339-8ed3-a1926bc8545a,200,1,571.342,eb7533eb-ef17-4e8e-9177-8679bf97f90d
2026-07-22T15:24:21.392Z,GET,/workers/?page=1&pageSize=10,200,1,358.531,b1a35af5-96d1-4f72-972d-77afcd767106
2026-07-22T15:24:21.350Z,POST,/customers/,200,1,410.646,de93685c-0b62-452a-87a0-43903c5344c8
2026-07-22T15:24:21.363Z,POST,/customers/,200,1,397.520,c572b9ee-c150-41df-98c2-3a589ec72821
2026-07-22T15:24:21.683Z,PATCH,/work/change-title,200,1,80.016,8b26136a-8731-4d18-af90-46197dbf58ef
2026-07-22T15:24:21.674Z,PATCH,/customers/change-contacts,200,1,95.928,8ffe0aaa-f9ad-413e-8458-08f9766d6fa1
2026-07-22T15:24:21.648Z,GET,/workers/?page=1&pageSize=10,200,1,138.021,7dec13ee-10db-46a5-9b0c-85c5295af8ab
2026-07-22T15:24:21.576Z,POST,/cars/,200,1,219.281,36dbf5a1-5988-4243-910a-06a8bf5003e2
2026-07-22T15:24:21.347Z,GET,/users/?page=1&pageSize=10,200,1,451.088,55e12f89-159f-4713-bbc0-afb258592eeb
2026-07-22T15:24:21.595Z,GET,/orders/?page=1&pageSize=10,200,1,218.350,f6163fd7-fc39-458e-8090-2d9f68ad8700
2026-07-22T15:24:21.578Z,POST,/customers/,200,1,248.415,33c92add-0b0c-4de4-a1a3-36dafc7f6154
2026-07-22T15:24:21.724Z,GET,/customers/1afc90ee-f737-44f4-a37c-e4f9610667da/with-cars,200,1,146.704,a766cc9b-bdf9-4051-944d-2315c2e648aa
2026-07-22T15:24:21.558Z,POST,/work/,200,1,317.914,66cbdc38-724c-4211-a697-c9ea0bbe81f7
2026-07-22T15:24:21.021Z,GET,/cars/48cb57af-8128-427d-829b-83ee0d45db5f,200,1,870.007,9bacae62-2480-42b3-8547-5e3dd6f86fa0
2026-07-22T15:24:21.579Z,POST,/orders/,200,1,312.995,8eb7b40a-45c6-4ce5-8043-23226dd9a5a0
2026-07-22T15:24:21.713Z,POST,/customers/,200,1,222.042,b750d5ae-795a-4b24-8eda-b5c6b4f4ca33
2026-07-22T15:24:21.568Z,PATCH,/customers/rename,200,1,380.239,09494454-5064-4f8a-94e5-f9a0db4fc2d1
2026-07-22T15:24:21.441Z,GET,/users/?page=1&pageSize=10,200,1,507.716,ff1cdc3b-5d9c-4275-aaf8-6629a3b77e2e
2026-07-22T15:24:21.734Z,POST,/customers/,200,1,225.940,3b970819-60e0-46c7-9e92-7282d03a1753
2026-07-22T15:24:21.741Z,PATCH,/work/change-description,200,1,219.837,737bbbc4-aca0-43a1-bd09-d636c11795f9
2026-07-22T15:24:21.766Z,POST,/work/,200,1,196.289,11b8a2dc-8ab0-4ce1-8326-3dc4bc3ace9a
2026-07-22T15:24:21.770Z,POST,/workers/,200,1,192.402,bd851433-b8db-44a0-aa31-e1cc08e2cee3
2026-07-22T15:24:21.503Z,GET,/users/28adb322-10b2-413c-a00e-bd3e41939add,200,1,477.144,4afa989b-9f33-4cf8-bd5a-cd975518deca
2026-07-22T15:24:21.752Z,POST,/cars/,200,1,229.701,736bf127-1443-45fc-98af-a7ac3069ed20
2026-07-22T15:24:21.756Z,PATCH,/orders/set-priority,200,1,226.894,b780af5a-80e1-4e87-b910-5e50e5a45877
2026-07-22T15:24:21.757Z,PATCH,/workers/change-role,200,1,226.067,ffbdc097-be6e-43f3-8fd0-90aa3cb6aac2
2026-07-22T15:24:21.569Z,POST,/customers/,200,1,418.965,21a6e235-20ca-4d4a-9ee0-745a892ca0e1
2026-07-22T15:24:21.601Z,GET,/work/?page=1&pageSize=10,200,1,410.445,715815a1-b281-437b-a25e-b5640bac234e
2026-07-22T15:24:21.810Z,POST,/workers/,200,1,205.713,6d9158bc-d489-4965-9196-05f95181fdf0
2026-07-22T15:24:21.528Z,GET,/customers/?page=1&pageSize=10,200,1,500.353,9f041a66-67c0-4071-b80d-5687970b0fdd
2026-07-22T15:24:21.826Z,POST,/users/,200,1,203.066,41ac2d5c-ae46-4c26-bf37-8e35cfce4272
2026-07-22T15:24:21.835Z,POST,/users/,200,1,196.029,9fe8a245-d45d-4e94-97c3-bca8a422fd70
2026-07-22T15:24:21.839Z,POST,/workers/,200,1,192.121,2a8d3166-b293-427d-b727-120684328ba3
2026-07-22T15:24:21.727Z,GET,/workers/33b9f891-5c99-4af4-aebb-add19f19023d,200,1,316.518,ed77cab8-8fc1-4985-830f-9540861929c4
2026-07-22T15:24:21.609Z,POST,/orders/,200,1,435.464,12b0fe79-bc34-445f-9f33-c310ed87e59c
2026-07-22T15:24:21.872Z,GET,/workers/8ba57c7b-a536-4d4e-bc5c-309bb48dda32,200,1,198.100,93a9b819-c648-4bb0-9a09-b416fc776463
2026-07-22T15:24:21.605Z,PATCH,/users/change-password,200,1,465.361,b566003b-282b-4155-bbc3-04df9d35a129
2026-07-22T15:24:21.821Z,PATCH,/work/change-description,200,1,251.102,9638f4b3-bc9e-44a2-af43-53ff14163e98
2026-07-22T15:24:21.830Z,PATCH,/work/change-description,200,1,258.592,484d57ad-6d10-49ed-ac2b-f28bc15298e1
2026-07-22T15:24:21.359Z,GET,/cars/?page=1&pageSize=10,200,1,729.883,4a9113c5-061a-431f-8df3-0264024e324f
2026-07-22T15:24:21.608Z,PATCH,/users/change-password,200,1,489.424,6c78a38f-8491-4c6c-bd95-dcff9fe0a18e
2026-07-22T15:24:21.642Z,POST,/orders/,200,1,455.449,5b1b03f5-8739-493f-8cb2-7bb2d6efb79e
2026-07-22T15:24:21.844Z,POST,/customers/,200,1,255.984,53b464ed-751f-44fc-b62e-a19fff23cc58
2026-07-22T15:24:21.620Z,POST,/customers/,200,1,494.174,c0728bff-c98b-4eef-b89e-08bb69c4e4b6
2026-07-22T15:24:21.807Z,GET,/cars/?page=1&pageSize=10,200,1,318.460,60d88c81-fad0-4584-b672-5a93dfe95cd6
2026-07-22T15:24:21.653Z,POST,/work/,200,1,474.102,705ca8e0-9599-49e7-a8d9-424c079a7a00
2026-07-22T15:24:21.670Z,POST,/workers/,200,1,463.306,dba4c868-8909-4885-8a6e-34a17b39752f
2026-07-22T15:24:21.897Z,PATCH,/cars/record-mileage,200,1,239.239,0389a5e9-265b-465c-8163-b4a67de2c320
2026-07-22T15:24:21.651Z,PATCH,/work/change-title,200,1,507.353,e06e2289-4d3f-4bce-9361-3ced3116915d
2026-07-22T15:24:21.677Z,POST,/orders/,200,1,496.517,9711a4b8-440d-4229-a1ce-c1124bf350ef
2026-07-22T15:24:21.660Z,PATCH,/work/change-title,200,1,513.649,4b7193cd-8990-4d92-a833-436aa40c6736
2026-07-22T15:24:21.665Z,PATCH,/work/set-estimate,200,1,508.968,d2c197a6-f4a0-4521-8e55-c1da75fae331
2026-07-22T15:24:21.968Z,POST,/orders/,200,1,206.290,71aee1f1-6b73-49fa-a0d1-585b51807a39
2026-07-22T15:24:21.798Z,GET,/orders/69d44a42-6a01-4592-a26c-4a07515e7c43,200,1,393.717,12fe5b33-80f3-4401-8b94-b4efe0e3d067
2026-07-22T15:24:21.686Z,POST,/users/,200,1,506.515,58d987bc-d035-4ebe-82ff-213792a14dd9
2026-07-22T15:24:21.942Z,PATCH,/cars/record-mileage,200,1,251.303,77a6b8f9-fee1-4a13-9913-039860a28025
2026-07-22T15:24:21.209Z,GET,/customers/8d02f591-1c0c-4bed-adef-34b55e0dcf2f,200,1,986.280,ca1dd1bc-64d3-42e3-a2d7-ccd2a1c483e2
2026-07-22T15:24:21.550Z,GET,/cars/d9779c59-e8c8-442e-9eaf-2c1cba23347c,200,1,651.063,68430c52-fe81-40ed-ab64-dcfc23266ccd
2026-07-22T15:24:21.954Z,PATCH,/work/change-description,200,1,247.997,abf57d08-58ee-4097-be99-3a173a1c489c
2026-07-22T15:24:21.961Z,PATCH,/cars/record-mileage,500,0,279.091,a56c9777-f825-49e7-90a0-42627cf0726e
2026-07-22T15:24:21.850Z,POST,/cars/,200,1,419.988,32210c47-1f72-4628-b062-81ac7c7d308b
2026-07-22T15:24:21.909Z,POST,/workers/,200,1,362.561,d6bbcb1d-a396-45cf-89d6-5a2a4e2598c9
2026-07-22T15:24:21.845Z,POST,/cars/,200,1,446.502,8e9357bf-7aef-45b0-bca4-cfc51302c79f
2026-07-22T15:24:22.006Z,POST,/cars/,200,1,314.877,b027f971-40ef-4ad6-b739-aeeb541492aa
2026-07-22T15:24:22.010Z,PATCH,/workers/change-role,200,1,311.149,3204782e-3a45-4aa6-a9a1-50b681a7c14f
2026-07-22T15:24:22.047Z,POST,/orders/,200,1,275.585,458bfaec-3a7b-471c-b909-6143a0b8bb2d
2026-07-22T15:24:22.071Z,POST,/workers/,200,1,263.445,b34c77f6-5e59-45f7-afcd-7e5eaffcef31
2026-07-22T15:24:22.072Z,POST,/work/,200,1,262.452,a502dad8-5906-43db-ad57-3d5b2ac72d61
2026-07-22T15:24:21.570Z,GET,/work/036afb60-0ed0-4072-ad0f-7be36f772f83,200,1,767.461,6d7cda2f-a4ee-4836-932d-2a44dbdaacf8
2026-07-22T15:24:22.108Z,POST,/work/,200,1,245.487,18527064-8740-4548-a2b4-8102bf1cbd70
2026-07-22T15:24:21.916Z,POST,/workers/,200,1,437.872,27999f71-b467-4b09-a36a-7380164a4651
2026-07-22T15:24:22.036Z,PATCH,/work/change-description,200,1,318.620,073ae0f4-74d7-4cb0-b686-aeb3381f4df4
2026-07-22T15:24:21.926Z,POST,/users/,200,1,429.081,b3c0df95-c1c5-441a-98ac-8bddab5bdfc8
2026-07-22T15:24:21.923Z,POST,/orders/,200,1,432.063,66ed7a1b-46be-41c8-8936-942b6d4c65aa
2026-07-22T15:24:21.914Z,POST,/cars/,200,1,446.791,90448bee-2543-4750-b8d3-34a491473fe0
2026-07-22T15:24:22.154Z,POST,/orders/,200,1,206.869,3098be24-3bb6-4d51-b491-422901cc6dbc
2026-07-22T15:24:22.160Z,POST,/workers/,200,1,201.339,bc6a9c06-c3d2-465c-afae-8dce388fde7e
2026-07-22T15:24:22.060Z,PATCH,/cars/record-mileage,200,1,301.572,412dd439-22f8-42f0-a342-7b4cb6b6d8ed
2026-07-22T15:24:22.172Z,POST,/workers/,200,1,190.052,86a15bb4-8f92-41b1-a4b8-a69187f8c6c3
2026-07-22T15:24:22.054Z,PATCH,/customers/change-contacts,200,1,317.290,e7c93955-db44-4c59-96a7-087a7549f2f6
2026-07-22T15:24:22.074Z,PATCH,/users/change-password,200,1,304.048,b42dd508-11ec-4ba3-be1f-cdb784524e09
2026-07-22T15:24:22.187Z,POST,/users/,200,1,208.381,be76b5ca-f4c0-4d18-a097-fbf3e2c358d3
2026-07-22T15:24:22.110Z,PATCH,/workers/change-hourly-rate,200,1,287.366,7dbcc8d2-be11-45ea-b980-32d247224eba
2026-07-22T15:24:22.189Z,POST,/orders/,200,1,216.277,f13d1d74-c995-4972-ba25-547125890a35
2026-07-22T15:24:22.142Z,POST,/customers/,200,1,267.603,580f091e-8c02-44d8-a82c-6cbd0d036c94
2026-07-22T15:24:22.197Z,POST,/users/,200,1,213.294,9c99d7ea-ce78-44e6-8e8f-9caaa3e6bb5f
2026-07-22T15:24:21.208Z,GET,/orders/0968bbb0-8813-438b-a99b-e4a209de5612,200,1,1222.296,71e9f729-dd02-4dd2-b64f-627dd33d5280
2026-07-22T15:24:22.241Z,POST,/workers/,200,1,192.950,1c7982ac-c54f-4a23-8106-46eb668fb0e0
2026-07-22T15:24:22.239Z,POST,/work/,200,1,202.077,75ff07fd-551f-45a8-bd69-7741f89f3c1f
2026-07-22T15:24:22.215Z,PATCH,/customers/rename,200,1,225.949,c1e35d29-1a42-4a59-8127-b17e16872026
2026-07-22T15:24:22.220Z,POST,/customers/,200,1,221.696,e2f1a769-00e8-45e8-b877-a4179525f8f5
2026-07-22T15:24:22.190Z,PATCH,/work/change-description,200,1,251.896,c056ee44-ecf5-4afa-9ee4-254a0a39d779
2026-07-22T15:24:22.292Z,POST,/users/,200,1,171.151,142936f2-cd64-4808-9308-c94920923a41
2026-07-22T15:24:21.740Z,GET,/cars/77b0ba49-ae82-4a10-bebd-107a90a68f0c,200,1,725.675,75ec71ee-dd05-43a8-a7cb-bef9b20e30b1
2026-07-22T15:24:22.270Z,PATCH,/orders/apply-discount,200,1,201.150,9e36edc1-8a06-4a48-9fba-18ae22657bda
2026-07-22T15:24:22.232Z,PATCH,/work/change-title,200,1,239.492,3390ad65-eae0-4a2d-890a-9a7b9c7f7e94
2026-07-22T15:24:22.276Z,POST,/cars/,200,1,222.681,c4dedd48-3e62-4fe6-bbd3-56d6679d8855
2026-07-22T15:24:21.981Z,GET,/orders/9642b97f-0be6-4b1b-bf4a-681eecca035c,200,1,518.467,909ccce4-f6a3-4962-8a62-b8ab6276bf37
2026-07-22T15:24:22.339Z,POST,/users/,200,1,166.277,d48de356-005b-4c6a-ad58-2287f5cd68bd
2026-07-22T15:24:22.338Z,POST,/workers/,200,1,173.311,0f020b54-00fb-49c5-8d14-8007fb715646
2026-07-22T15:24:22.336Z,POST,/cars/,200,1,175.530,5d8aaa53-9cea-414f-9d47-a6d1a3fc7c0b
2026-07-22T15:24:22.335Z,PATCH,/customers/rename,200,1,180.631,6bd95c94-3bb6-4f98-8d28-f95b37387c48
2026-07-22T15:24:22.355Z,POST,/workers/,200,1,169.553,8ca90751-6a13-40af-bd4b-c90bdb608d27
2026-07-22T15:24:22.345Z,PATCH,/orders/apply-discount,200,1,185.801,d5b9514b-7a4b-451a-9efd-5daa9eb42ef3
2026-07-22T15:24:22.370Z,POST,/work/,200,1,174.279,1ff36e37-e810-42e5-81fd-d1cfde28204f
2026-07-22T15:24:22.186Z,GET,/cars/?page=1&pageSize=10,200,1,359.855,fcc8cc67-3726-40a5-a2b4-2332a46e12cb
2026-07-22T15:24:22.374Z,POST,/work/,200,1,174.084,4a82d799-8420-41f5-b6d8-599c68be1d1c
2026-07-22T15:24:22.253Z,POST,/work/,200,1,295.477,f44577ba-5722-4a5d-a96f-cebd884d42d7
2026-07-22T15:24:22.359Z,POST,/cars/,200,1,189.457,3437951a-2245-46d5-affc-46b6e3c6f222
2026-07-22T15:24:21.769Z,GET,/customers/83051464-2d13-4339-8ed3-a1926bc8545a,200,1,785.275,b83ba969-8276-49df-9fe4-638207c8a569
2026-07-22T15:24:22.380Z,POST,/cars/,200,1,176.086,beb69af2-0c12-4a4c-80c4-d8032600d920
2026-07-22T15:24:22.258Z,POST,/customers/,200,1,307.562,773fc436-93fa-4c19-8ff6-0c1d09efc5b1
2026-07-22T15:24:22.025Z,GET,/orders/687fb63d-f8c0-4aa4-81c5-14e0788bb950,200,1,541.104,82278f42-b1e3-4335-bf29-de9ee4b689e9
2026-07-22T15:24:21.979Z,GET,/users/e4b7a6f7-f539-42af-b8c6-8e5845af2a4d,200,1,589.248,ec342672-98dd-4ea2-841b-12b49d3b48c6
2026-07-22T15:24:22.396Z,PATCH,/customers/change-contacts,200,1,189.109,32e701d5-2183-46c1-8ef4-dd3b0c4ae8af
2026-07-22T15:24:22.004Z,POST,/users/,200,1,583.717,b1e6ff26-fb98-45cf-86bb-94e73cb47438
2026-07-22T15:24:21.865Z,POST,/work/,200,1,722.718,f11695ab-d4ae-4f83-b0a4-308b1d17c3f3
2026-07-22T15:24:21.867Z,POST,/workers/,200,1,721.102,81b7a6c0-272d-4614-9746-1309cb5da160
2026-07-22T15:24:22.398Z,PATCH,/customers/rename,200,1,189.775,1fafcf86-d43b-42b7-b4ca-69152f83bf68
2026-07-22T15:24:22.411Z,POST,/workers/,200,1,176.945,daab76b8-302f-4cad-a9ec-4c1efdb3ef76
2026-07-22T15:24:22.280Z,POST,/orders/,200,1,308.501,9326df65-147f-402f-bf23-f71d53595ca2
2026-07-22T15:24:22.092Z,GET,/workers/?page=1&pageSize=10,200,1,496.448,2410bc7d-f15d-40e8-baed-83e08d18aa0c
2026-07-22T15:24:21.993Z,GET,/cars/?page=1&pageSize=10,200,1,598.571,010dcde2-52da-48e8-9807-7609e31da80b
2026-07-22T15:24:22.417Z,POST,/users/,200,1,195.420,a1d3f2b7-e1a4-4616-9369-01eca6649481
2026-07-22T15:24:22.426Z,POST,/work/,200,1,190.893,84ea86d6-229e-4c89-8c23-e879f260fdec
2026-07-22T15:24:22.425Z,POST,/workers/,200,1,192.071,b0534627-e656-4c8f-a5c0-c28ec855dccf
2026-07-22T15:24:22.297Z,POST,/orders/,200,1,329.913,81bb83f3-5e4a-4b3c-a176-bc7dfb4b96a3
2026-07-22T15:24:21.573Z,GET,/orders/687fb63d-f8c0-4aa4-81c5-14e0788bb950,200,1,1056.985,4b8f9cb4-3e86-4e40-96fe-8ca5a0258212
2026-07-22T15:24:22.432Z,POST,/users/,200,1,198.622,ab4b298d-1650-4168-8471-7f176a9d8bf4
2026-07-22T15:24:22.068Z,GET,/users/e4b7a6f7-f539-42af-b8c6-8e5845af2a4d,200,1,565.863,6b025c64-ecbe-4cc1-a1f9-dfa4ee5b2d50
2026-07-22T15:24:22.299Z,POST,/work/,200,1,336.033,1b4e693e-283b-486b-99c5-062ec267a433
2026-07-22T15:24:22.145Z,POST,/orders/,200,1,490.511,f691391a-ab05-4aed-86e7-ed7809aa87a7
2026-07-22T15:24:21.265Z,GET,/cars/2fb33293-5b4c-4f61-ad6a-3cb4aae64be6,200,1,1377.295,f9da8264-92e1-4ed1-aa2d-25193587517b
2026-07-22T15:24:22.420Z,PATCH,/customers/rename,200,1,267.975,4aac3f97-f122-4e58-983b-914fe8e68cb1
2026-07-22T15:24:22.431Z,POST,/cars/,200,1,263.120,ac331f4e-0a3d-4aa5-9485-ba92b272d6ff
2026-07-22T15:24:22.442Z,PATCH,/work/change-description,200,1,252.481,697fbd09-9023-4d08-8dd4-a88b93d23233
2026-07-22T15:24:22.497Z,POST,/workers/,200,1,205.186,33faed24-08a6-4c17-b9be-27dc59f454ed
2026-07-22T15:24:22.351Z,POST,/cars/,200,1,351.948,1f948e21-a063-4e24-9958-9cbf4a2f7b45
2026-07-22T15:24:22.473Z,PATCH,/work/change-title,200,1,233.489,5f3cbd07-e9f6-494f-a7dc-2c24c90a1f69
2026-07-22T15:24:22.520Z,POST,/work/,200,1,188.675,245361ac-bce1-43fb-98db-2bfe0cdd4b5c
2026-07-22T15:24:22.526Z,POST,/users/,200,1,182.624,1d40258d-0a01-419f-9a0b-ecdd31c89829
2026-07-22T15:24:22.552Z,POST,/users/,200,1,163.269,b9a00aa9-c66a-4314-8bb2-7a052edf93c0
2026-07-22T15:24:22.527Z,POST,/orders/,200,1,189.604,c8b12336-92e2-4a55-bd3b-4b6e36882c24
2026-07-22T15:24:22.513Z,POST,/customers/,200,1,204.689,bf6f0bca-7f00-409c-8d06-d5f44d28f4d1
2026-07-22T15:24:22.196Z,POST,/orders/,200,1,524.596,1164f182-90d5-471f-8d33-2d96542a844a
2026-07-22T15:24:22.571Z,POST,/work/,200,1,165.741,6ce5b91b-46b9-4553-a366-9746b0ce5438
2026-07-22T15:24:22.564Z,POST,/workers/,200,1,176.893,81411982-0f50-4798-9fdd-fa7819d317ce
2026-07-22T15:24:22.563Z,POST,/work/,200,1,179.111,c44b2f3d-383e-4bc2-b102-26a42aa10c8a
2026-07-22T15:24:22.222Z,POST,/orders/,200,1,550.905,88b66195-f802-4200-94e7-bcbc826cb676
2026-07-22T15:24:22.610Z,POST,/orders/,200,1,177.793,2235fbcc-9aad-4afd-a44c-6071afbb1ec0
2026-07-22T15:24:22.620Z,POST,/orders/,200,1,170.445,4cd1e86b-ceef-4d64-b857-5fadfec8565c
2026-07-22T15:24:22.639Z,POST,/work/,200,1,157.613,05eb3200-4d62-44d4-b241-ac979958ab56
2026-07-22T15:24:22.672Z,POST,/orders/,200,1,140.525,46f048ab-4e9f-432b-96d4-6971bb4afa52
2026-07-22T15:24:22.664Z,POST,/users/,200,1,150.905,e784a163-3eb2-4c93-94ee-e226555ca360
2026-07-22T15:24:22.651Z,POST,/workers/,200,1,166.303,0062f76e-0db5-442f-afdb-87108dc1dec1
2026-07-22T15:24:22.670Z,POST,/cars/,200,1,147.689,4c81d678-1293-48d1-ace0-82ac8b588063
2026-07-22T15:24:22.674Z,PATCH,/workers/change-hourly-rate,200,1,149.900,f5f995f9-ac88-4c8a-8d62-4ca41ad0def5
2026-07-22T15:24:22.703Z,PATCH,/work/set-estimate,200,1,121.064,f8676c18-3231-4c14-8ad2-fa02652f4945
2026-07-22T15:24:22.690Z,PATCH,/workers/change-hourly-rate,200,1,133.938,1be1722e-607f-4f0d-b2b7-9d16e0db40b7
2026-07-22T15:24:22.708Z,POST,/customers/,200,1,116.963,d923bcb9-d3b1-4515-a397-4e7d5cae1887
2026-07-22T15:24:22.722Z,POST,/orders/,200,1,119.425,f517521c-add6-4068-8f72-08934ad35bcc
2026-07-22T15:24:22.726Z,PATCH,/workers/change-hourly-rate,200,1,116.409,a2737adb-2e05-4552-ad9a-3742333e9033
2026-07-22T15:24:22.743Z,PATCH,/customers/change-contacts,200,1,110.237,7823235e-f0f5-43a5-bc4e-108250fec6dd
2026-07-22T15:24:22.746Z,POST,/customers/,200,1,107.838,2789fae5-3aa1-4899-9fdd-522a1662716b
2026-07-22T15:24:22.760Z,PATCH,/workers/change-role,200,1,113.517,dc63693c-2bc2-439e-a938-edfdbe33d1c9
2026-07-22T15:24:22.769Z,POST,/orders/,200,1,116.044,40c8b61f-4c9b-4c5b-a630-86023e8685eb
2026-07-22T15:24:22.830Z,PATCH,/orders/set-priority,200,1,119.151,01418043-5630-4427-8a1a-57288850de7f
2026-07-22T15:24:22.827Z,POST,/users/,200,1,124.453,f0d5359e-0ac2-4ddf-aaa2-b4db6b83fcaf
2026-07-22T15:24:22.460Z,POST,/work/,200,1,491.717,5f3c3a2a-92b7-4e57-91ec-dcba332d05f7
2026-07-22T15:24:22.829Z,POST,/customers/,200,1,136.318,6c7638ab-dc00-43ff-ae5b-8ecf288d4bbc
2026-07-22T15:24:22.845Z,POST,/workers/,200,1,154.936,3f3dc900-255e-4dd9-8481-467167f53e62
2026-07-22T15:24:22.639Z,GET,/users/?page=1&pageSize=10,200,1,364.091,eaef90c4-c328-4c9e-95fd-4bec3ccc53b6
2026-07-22T15:24:22.850Z,POST,/users/,200,1,154.164,af03a154-d5c2-4654-836c-4c5db7a82d22
2026-07-22T15:24:22.853Z,POST,/cars/,200,1,165.764,443f1ce4-ced9-456d-aecf-ee654673007c
2026-07-22T15:24:22.850Z,PATCH,/cars/record-mileage,200,1,175.561,7208119c-0c06-4dc3-bb59-5713ce7b39c4
2026-07-22T15:24:22.885Z,POST,/work/,200,1,153.660,d7ad9671-4a79-43f4-9444-289b21fde594
2026-07-22T15:24:22.873Z,POST,/work/,200,1,166.300,ea5d9a4c-4aa5-43ad-a054-204bfe3f50eb
2026-07-22T15:24:22.877Z,POST,/users/,200,1,161.672,f1a4e3ba-abdf-449b-acfa-58c1f934b9ff
2026-07-22T15:24:22.597Z,GET,/work/001c7bf1-75b8-42e9-8cec-da89ea8b21b8,200,1,463.681,016389be-718e-481f-ac1f-975b48c998ab
2026-07-22T15:24:21.566Z,GET,/workers/8ba57c7b-a536-4d4e-bc5c-309bb48dda32,200,1,1500.729,4a07a81d-50ed-46f1-aedb-ad59748234f1
2026-07-22T15:24:22.474Z,GET,/customers/8d02f591-1c0c-4bed-adef-34b55e0dcf2f/with-cars,200,1,600.437,e6d10b07-f703-4ec7-be7e-6a9672d943e2
2026-07-22T15:24:22.626Z,GET,/users/ad62d45e-1a79-494c-a4d3-bbe95797779b,200,1,454.151,0f9d3303-076a-4630-99ed-af18b1576416
2026-07-22T15:24:22.917Z,POST,/cars/,200,1,163.430,6b7ccd1d-21ec-48ad-b21f-d502c49e6a9b
2026-07-22T15:24:22.916Z,PATCH,/orders/set-priority,200,1,164.776,a702f57c-d184-40e6-a487-d3f4cf546d9a
2026-07-22T15:24:22.924Z,PATCH,/orders/set-priority,200,1,159.517,953de75a-ed2f-476e-9a49-4a7dbe333018
2026-07-22T15:24:22.954Z,POST,/workers/,200,1,137.279,7fdb091c-08b4-49bc-88ab-e8cc14ef9102
2026-07-22T15:24:22.957Z,POST,/orders/,200,1,133.861,f70a5b6a-2fdb-46ba-9cd9-dc34c439405a
2026-07-22T15:24:22.519Z,PATCH,/orders/set-priority,200,1,578.078,758b0b29-f789-44dd-9570-69ec1992fa91
2026-07-22T15:24:22.980Z,PATCH,/work/set-estimate,200,1,117.750,59b08e16-4b31-4eec-86fe-93ecdf3cdc28
2026-07-22T15:24:22.230Z,GET,/work/?page=1&pageSize=10,200,1,877.727,484dbd8a-ec9f-44c0-ab78-c4f538083243
2026-07-22T15:24:22.998Z,PATCH,/customers/change-contacts,200,1,111.526,0a06146c-a6a3-4be2-b475-ce65aa01a32d
2026-07-22T15:24:22.999Z,PATCH,/customers/rename,200,1,110.459,b89b8b4c-755f-4818-9a3a-cbf3a377ae94
2026-07-22T15:24:21.480Z,POST,/work/,200,1,1639.149,c977911c-ca19-4e4b-ab92-a5a702c4e5d8
2026-07-22T15:24:23.004Z,POST,/cars/,200,1,136.859,08b17fbd-91f3-4f0b-b4ff-35f2e02d4289
2026-07-22T15:24:22.438Z,GET,/users/b01a9387-9a9a-44f1-80b3-825f2f873061,200,1,710.987,0fe3ba6d-b567-4ae8-90a7-5e82b55d1a5b
2026-07-22T15:24:23.015Z,PATCH,/users/change-password,200,1,138.080,da2a8179-7060-4d88-ad4b-5c852cb93244
2026-07-22T15:24:23.018Z,POST,/customers/,200,1,135.375,b8a46780-fcbd-451e-b3e6-526dd68b52e3
2026-07-22T15:24:23.020Z,POST,/cars/,200,1,143.332,f38bcb46-0421-4e2a-987a-90b968b8ffff
2026-07-22T15:24:21.607Z,GET,/customers/83051464-2d13-4339-8ed3-a1926bc8545a,200,1,1572.175,e58b8c2e-0dd4-458c-a802-c87c83f254ff
2026-07-22T15:24:21.833Z,GET,/work/?page=1&pageSize=10,200,1,1361.245,6b9de7f6-7a14-42bc-b923-255376d20ea2
2026-07-22T15:24:22.759Z,GET,/cars/fea853f5-d131-4a1e-8924-0e31d7d37571,200,1,438.743,a1676336-561d-4a92-9647-2e5d6d81699e
2026-07-22T15:24:22.845Z,GET,/workers/9dcee880-1fee-458e-83b1-79f20382ed46,200,1,356.841,f5490e2f-6bdd-4758-a9e5-7e811b46c25c
2026-07-22T15:24:23.044Z,PATCH,/customers/change-contacts,200,1,174.367,4186cfc6-8670-4ca6-98f8-1eb1add1479e
2026-07-22T15:24:23.046Z,POST,/work/,200,1,175.484,37836431-1c04-4da9-89ee-233ccc027905
2026-07-22T15:24:23.055Z,POST,/orders/,200,1,185.687,3d3798d6-9f34-49a6-a1df-8b0f208feb0c
2026-07-22T15:24:23.062Z,POST,/customers/,200,1,182.958,6d0a4daa-73b8-432b-a201-ea3ef1172250
2026-07-22T15:24:22.806Z,POST,/workers/,200,1,438.841,ba085fde-731f-4507-842a-4d5310fa2c20
2026-07-22T15:24:23.082Z,POST,/work/,200,1,187.728,1868cfc6-c642-453c-8290-59af577937e5
2026-07-22T15:24:23.120Z,POST,/workers/,200,1,155.238,cc8deebe-a7c4-44de-b8a7-ae584d02674b
2026-07-22T15:24:23.133Z,POST,/orders/,200,1,145.310,89a6645a-6e1f-477e-9526-e6c1da1f04a9
2026-07-22T15:24:22.819Z,GET,/work/?page=1&pageSize=10,200,1,460.750,c4504da2-a47a-4f50-a945-7d234dac829c
2026-07-22T15:24:23.139Z,POST,/workers/,200,1,141.791,6bfcf167-5318-44b6-a5ec-053c6931a67a
2026-07-22T15:24:23.158Z,POST,/customers/,200,1,123.011,b879c8dc-ab96-403b-9bce-fe0e9de1e58a
2026-07-22T15:24:23.161Z,POST,/cars/,200,1,129.452,14da60fd-c72d-4061-b204-5235254c5fa9
2026-07-22T15:24:21.898Z,GET,/orders/8566f6b4-bcdf-4c45-ad24-d53cc946e04e,200,1,1400.670,04763b13-2a50-4626-9933-bd7efa6fc9d8
2026-07-22T15:24:23.064Z,POST,/work/,200,1,248.238,8d7e755b-19a5-40da-a132-bd13e526d687
2026-07-22T15:24:21.845Z,GET,/cars/?page=1&pageSize=10,200,1,1468.462,2c8a9376-bd55-4641-bdef-7c3cfd7d6a26
2026-07-22T15:24:22.864Z,GET,/workers/?page=1&pageSize=10,200,1,461.381,457b09e6-04a1-4d1b-90e0-43d9643d6c81
2026-07-22T15:24:23.205Z,POST,/orders/,200,1,124.192,af5538c0-9e3a-44bc-a4c9-ace818eeeae4
2026-07-22T15:24:23.211Z,POST,/workers/,200,1,118.491,942dd214-3102-4fc1-a3a4-923f4833111a
2026-07-22T15:24:23.211Z,PATCH,/customers/change-contacts,200,1,119.431,a5c20189-688f-4901-96cb-8436e92863c6
2026-07-22T15:24:23.223Z,PATCH,/work/change-title,200,1,114.536,b78e57be-54f5-48d7-b3ac-fc9fd21c3289
2026-07-22T15:24:23.234Z,POST,/cars/,200,1,113.265,4fae3ce1-352d-44d0-ae7e-7064080288a3
2026-07-22T15:24:23.293Z,PATCH,/orders/apply-discount,200,1,132.223,1f313da8-3e35-4bf9-ac2e-a2d777fad50e
2026-07-22T15:24:23.295Z,PATCH,/work/set-estimate,200,1,131.334,af77d869-3dc4-437f-af9d-df41ba2ac84e
2026-07-22T15:24:23.299Z,POST,/workers/,200,1,127.757,dc457035-ce40-4ff7-a6a4-2397c006168b
2026-07-22T15:24:23.327Z,POST,/workers/,200,1,120.067,5fed0d5f-5c5f-46ab-988e-1506c41fe9bf
2026-07-22T15:24:23.336Z,PATCH,/work/set-estimate,200,1,118.495,8c28c12b-7304-4f79-92b4-1c384f896515
2026-07-22T15:24:22.417Z,GET,/customers/1bf19ab5-5ce8-4758-96d0-67cc515bc19e,200,1,1051.612,1709fb7c-4c7c-45b5-813c-a70b09f77800
2026-07-22T15:24:23.359Z,POST,/customers/,200,1,128.865,6a5646ad-44a3-4f75-b814-6c86081930ba
2026-07-22T15:24:23.368Z,POST,/cars/,200,1,124.253,ad154110-ee81-449c-a122-6264ba8414bd
2026-07-22T15:24:23.402Z,POST,/workers/,200,1,105.041,f75c9bc7-31f8-4f06-9b4d-0d3c5d09fb76
2026-07-22T15:24:23.414Z,POST,/work/,200,1,100.331,43a12412-1575-4e6e-a014-7c4bb5a61d56
2026-07-22T15:24:23.037Z,PATCH,/work/set-estimate,200,1,477.093,917913f4-d111-42b6-95e3-3fb1ff4739f4
2026-07-22T15:24:23.405Z,POST,/workers/,200,1,113.474,d4665ffe-e303-4931-b35b-aeef1a9264e0
2026-07-22T15:24:23.417Z,POST,/customers/,200,1,101.163,ea739d18-d90c-4746-a80e-a3d68c1f7088
2026-07-22T15:24:23.420Z,POST,/cars/,200,1,98.550,9c3cc8ee-64cd-4a5e-bb23-54ab027cf59d
2026-07-22T15:24:23.433Z,POST,/cars/,200,1,94.156,9bacb3a2-8f51-4352-92e6-f8794b1bc799
2026-07-22T15:24:22.304Z,POST,/cars/,200,1,1245.754,44ad16d7-68ab-46b9-b61a-2f1a7bfd30fd
2026-07-22T15:24:23.467Z,POST,/cars/,200,1,123.062,fbc079cb-9178-4efb-a191-e16ae54c83bd
2026-07-22T15:24:23.471Z,POST,/orders/,200,1,125.673,8340e4a4-49cc-45d8-ac74-5da031fceb7b
2026-07-22T15:24:23.480Z,PATCH,/orders/apply-discount,200,1,125.010,e65a08ef-1f1f-4882-92d6-f65d773353ce
2026-07-22T15:24:23.500Z,POST,/work/,200,1,107.363,c14094ee-3e39-4a31-85e4-f33cd1e27ee7
2026-07-22T15:24:22.766Z,GET,/orders/78854d61-9f77-4fda-a494-bbd4482dcdb8,200,1,848.876,774e9906-eb48-44f1-a85c-5f235c22072f
2026-07-22T15:24:23.512Z,POST,/work/,200,1,110.023,07aecf3c-fe12-4b17-95d7-48446b8b28e8
2026-07-22T15:24:23.517Z,PATCH,/orders/apply-discount,200,1,116.995,f7580bc3-792a-4e9a-b831-a8ccf6889d2f
2026-07-22T15:24:23.527Z,GET,/workers/?page=1&pageSize=10,200,1,140.089,8e781a18-9d2a-405a-aa7c-43996ddc4472
2026-07-22T15:24:23.435Z,GET,/orders/?page=1&pageSize=10,200,1,238.985,692c0745-b59c-4604-ac26-3b8b0fdf87cd
2026-07-22T15:24:23.525Z,PATCH,/workers/change-hourly-rate,200,1,164.408,7af5c0c5-8272-468d-a3a3-773bd2afdc12
2026-07-22T15:24:23.530Z,POST,/workers/,200,1,159.656,d2df0eec-b847-40ab-bf2d-4f6f3bb4be0a
2026-07-22T15:24:23.531Z,POST,/workers/,200,1,159.488,c138a5f1-c902-48a8-a10c-181077f3501f
2026-07-22T15:24:23.540Z,PATCH,/users/change-password,200,1,157.629,8760db51-948c-488d-b364-d262ab6a5d9a
2026-07-22T15:24:23.566Z,POST,/customers/,200,1,131.574,e75b71d3-c848-4d84-b8c6-92bf9de49dd5
2026-07-22T15:24:23.349Z,GET,/work/?page=1&pageSize=10,200,1,356.861,cd72be9b-67cc-454c-8599-850b6f8bf05c
2026-07-22T15:24:23.572Z,PATCH,/work/set-estimate,200,1,135.118,6d6a8e03-fd8c-4c2b-aa53-8afa0fadf71f
2026-07-22T15:24:23.580Z,PATCH,/orders/apply-discount,200,1,128.794,5ff9dfae-964c-4873-b48b-ec452958fb28
2026-07-22T15:24:23.058Z,POST,/cars/,200,1,650.530,9f5c586d-dc33-4642-8649-af22f06e1cc3
2026-07-22T15:24:23.596Z,POST,/work/,200,1,129.059,413f07f9-2782-4753-95b1-e453258ef613
2026-07-22T15:24:22.656Z,GET,/work/a5fc9d54-24ad-44f5-a71a-0e96910b0d87,200,1,1077.804,0b156f16-fd44-433f-a50d-d1dac4a8843a
2026-07-22T15:24:23.603Z,PATCH,/cars/record-mileage,200,1,132.387,28af7220-16af-46b2-8e28-f02943e37803
2026-07-22T15:24:22.404Z,GET,/work/63370b3c-f272-49d8-8912-5dd374b6c910,200,1,1334.334,66674019-f7a5-4b7b-9ef7-07090256dd09
2026-07-22T15:24:23.613Z,POST,/users/,200,1,130.609,15241ac1-01ed-4e27-86f7-e564168a471a
2026-07-22T15:24:21.505Z,POST,/users/,200,1,2240.030,0b71f6b8-bb94-4de2-8ff9-9bf6bb2308d5
2026-07-22T15:24:23.612Z,POST,/customers/,200,1,139.144,e96433be-cb43-4d00-8ce1-40e36d5c284b
2026-07-22T15:24:22.651Z,GET,/workers/?page=1&pageSize=10,200,1,1108.858,8686adb7-d1c3-4be1-9e1d-1c59b0a0caf7
2026-07-22T15:24:23.622Z,POST,/users/,200,1,139.434,064aff0f-39a6-4cbc-8626-9be1faa2c3d6
2026-07-22T15:24:23.627Z,PATCH,/cars/record-mileage,200,1,134.606,e4783caa-2fa4-4810-b77e-47009f409518
2026-07-22T15:24:23.009Z,GET,/customers/?page=1&pageSize=10,200,1,754.168,cb2f993a-8ec5-43a6-b430-d16f50ef5cb0
2026-07-22T15:24:23.676Z,POST,/work/,200,1,105.470,b177a1fb-76e9-4f16-9325-b3077e1f6fb7
2026-07-22T15:24:23.459Z,GET,/orders/caffaaf0-7d6d-4271-89d1-8cb777755cb4,200,1,326.411,33d86d5a-4f4b-480f-b391-27fd51a62e38
2026-07-22T15:24:23.685Z,POST,/users/,200,1,101.955,27b3b576-ff22-49c9-9838-a5300d2abaec
2026-07-22T15:24:23.471Z,GET,/orders/b39f21b8-7c77-478b-8129-3071583f6f4a,200,1,334.985,dd1aa347-3cfd-497e-982d-f902328f03c8
2026-07-22T15:24:23.245Z,GET,/work/cb872d99-c200-4d42-8508-f5c72ad86bdd,200,1,572.349,56ca3f84-a9eb-4e08-84d7-d90140c46f01
2026-07-22T15:24:23.712Z,POST,/users/,200,1,109.528,15476147-dc9f-41a3-8cd8-0fda56f44a64
2026-07-22T15:24:23.710Z,PATCH,/orders/set-priority,200,1,121.978,c71445fb-3ea9-4e45-9613-42c14bf47fec
2026-07-22T15:24:22.248Z,GET,/users/?page=1&pageSize=10,200,1,1584.955,de513485-2e1c-4eb7-8c12-d58f1163a5bf
2026-07-22T15:24:23.045Z,GET,/customers/87f5e7d8-54f6-4fa2-bc03-8d75360bd38e/with-cars,200,1,789.054,ca1d06da-9395-4228-9cc8-7478ea2322b2
2026-07-22T15:24:23.588Z,POST,/work/,200,1,246.992,589be1f9-98e5-4ff2-8535-1dcb31f995bf
2026-07-22T15:24:23.721Z,POST,/customers/,200,1,115.993,7dde6928-1f3d-4a3b-8d44-561a4df2f3fe
2026-07-22T15:24:21.650Z,GET,/customers/4381ad57-a9fe-4a9b-85ae-917380c6fc22,200,1,2187.939,57318ebd-301d-4266-8237-d21a66b4bee1
2026-07-22T15:24:22.262Z,GET,/cars/?page=1&pageSize=10,200,1,1579.224,6e35b939-c4f1-4200-8c2a-2707bdf8115d
2026-07-22T15:24:23.732Z,POST,/workers/,200,1,109.691,8c12eb49-5fcc-4456-be8e-f6baa6bf6377
2026-07-22T15:24:23.051Z,GET,/work/?page=1&pageSize=10,200,1,798.298,f496a031-90c6-4977-8b3e-93326af37244
2026-07-22T15:24:22.261Z,GET,/orders/24158010-8649-4c38-bab0-55bc50a3e2cd,200,1,1595.377,07623e0d-28ae-4c3d-8563-0b2ed5158205
2026-07-22T15:24:23.749Z,POST,/work/,200,1,107.490,978ef9db-2b0f-4e4c-a5d0-544449576ce6
2026-07-22T15:24:23.755Z,PATCH,/cars/record-mileage,200,1,120.719,bb470da1-3c85-4bf6-bb83-07e385f4f3c8
2026-07-22T15:24:23.080Z,GET,/workers/?page=1&pageSize=10,200,1,799.996,f4d245ba-5d2b-4ba9-9db5-fa22b870a660
2026-07-22T15:24:23.758Z,POST,/cars/,200,1,143.318,96088dfa-307f-43f2-a562-900d85693bd8
2026-07-22T15:24:23.474Z,POST,/workers/,200,1,439.301,79a6ea46-f45e-493b-a834-d661228dd7de
2026-07-22T15:24:23.764Z,PATCH,/work/change-description,200,1,187.879,cffc623f-0c24-4ce2-a5c4-939d2d4bfbed
2026-07-22T15:24:22.779Z,GET,/cars/?page=1&pageSize=10,200,1,1175.138,2ffab208-5dad-4890-98c6-1ee51e0503cb
2026-07-22T15:24:23.770Z,POST,/users/,200,1,188.136,14b8c49f-69bb-41d1-990b-3bd62086cb73
2026-07-22T15:24:23.771Z,POST,/customers/,200,1,202.436,31d1eb29-3bcf-4dd6-8887-5f9bdaace5c0
2026-07-22T15:24:23.662Z,POST,/users/,200,1,317.245,b680ecc9-890f-41a0-8ba4-20930b65d835
2026-07-22T15:24:23.646Z,POST,/users/,200,1,333.682,7b34539b-1300-462f-b6ec-b8e70742b976
2026-07-22T15:24:23.800Z,POST,/orders/,200,1,186.261,d7e6f882-7a8c-4434-af65-c27aa6c9af3e
2026-07-22T15:24:23.786Z,POST,/customers/,200,1,200.470,822948c2-d0e5-4f55-a421-987e6e299ab8
2026-07-22T15:24:23.795Z,POST,/work/,200,1,193.150,32f13ff2-e987-405f-9a72-0d9e3de4d217
2026-07-22T15:24:23.818Z,POST,/orders/,200,1,183.891,9eba93dd-5007-4cad-8461-8a9e2acc6694
2026-07-22T15:24:23.803Z,POST,/cars/,200,1,217.392,bc6bfb91-4b4f-4187-bf8b-06f578600900
2026-07-22T15:24:23.847Z,POST,/orders/,200,1,183.772,49c24ef0-789f-4868-8678-3cd74cdddd62
2026-07-22T15:24:23.822Z,PATCH,/work/change-description,200,1,208.591,d363da3a-76dc-4603-86d8-907ef92c230e
2026-07-22T15:24:23.829Z,PATCH,/work/set-estimate,200,1,201.691,d0b6e558-c2d7-424d-9ae2-80bfb9b6ffac
2026-07-22T15:24:23.883Z,POST,/workers/,200,1,161.693,cefd3f7e-f6c2-45ed-9ee7-648dad273990
2026-07-22T15:24:23.894Z,POST,/customers/,200,1,161.072,52a612ce-f2d3-46a9-a910-a66af3eb5a7f
2026-07-22T15:24:23.895Z,POST,/cars/,200,1,160.519,536d0244-9854-447c-b7ac-a11d7409c077
2026-07-22T15:24:23.897Z,PATCH,/customers/change-contacts,200,1,166.916,2dbd1acc-8048-4216-83af-314461e731de
2026-07-22T15:24:22.925Z,GET,/cars/a4371f56-8df0-42fe-b5eb-e08dc116b804,200,1,1141.408,d80e6db8-57ab-47d7-9d56-45ba68c01905
2026-07-22T15:24:23.928Z,POST,/work/,200,1,141.311,6fec821f-cc57-4282-bc44-52fc73dbc6da
2026-07-22T15:24:23.949Z,POST,/work/,200,1,139.482,58e20526-4f61-4972-9b9c-098bf974b99b
2026-07-22T15:24:23.959Z,POST,/cars/,200,1,140.745,6a34769c-cce6-42ab-a603-dcc7bbc6ec96
2026-07-22T15:24:23.967Z,POST,/work/,200,1,133.440,5d3c3e02-1de0-4849-b7ea-73c94445cf87
2026-07-22T15:24:22.398Z,GET,/customers/b2a98904-bf8c-456b-b21f-e1cb7905d2de,200,1,1706.703,ca1173db-2bbf-4c71-9d28-33949d043226
2026-07-22T15:24:23.980Z,POST,/work/,200,1,129.175,f3dc0c82-a283-47ed-974e-2899eab9d094
2026-07-22T15:24:23.974Z,POST,/customers/,200,1,134.621,57bc8aeb-b891-4fb4-90fc-dcfc0922ebc3
2026-07-22T15:24:21.978Z,GET,/customers/1afc90ee-f737-44f4-a37c-e4f9610667da/with-cars,200,1,2150.947,465baa1d-5e51-4935-b999-876b7ee6c8da
2026-07-22T15:24:23.987Z,POST,/cars/,200,1,143.162,9ac3ede9-a015-4dff-abe3-a1819bfe2ca6
2026-07-22T15:24:23.706Z,GET,/users/28adb322-10b2-413c-a00e-bd3e41939add,200,1,425.994,e4cdd423-3c16-45ab-8195-79cdd3d81f96
2026-07-22T15:24:24.009Z,POST,/users/,200,1,129.653,b202af3c-6979-483a-bd93-63a6bba092bc
2026-07-22T15:24:22.879Z,GET,/users/?page=1&pageSize=10,200,1,1264.316,0f7c34a4-3d02-4030-bcf1-efa5dbaebed6
2026-07-22T15:24:24.013Z,POST,/cars/,200,1,134.080,397e6c2e-49e7-47a7-b095-2f83748afdb0
2026-07-22T15:24:21.633Z,GET,/workers/f9036961-29f5-4f14-98a5-72f78bee3505,200,1,2515.802,25a56ced-9c86-4710-aef1-b126aa72f5ad
2026-07-22T15:24:22.329Z,GET,/work/?page=1&pageSize=10,200,1,1821.875,987819f7-76c6-44f3-95c3-8d8cac85eb74
2026-07-22T15:24:22.105Z,GET,/customers/?page=1&pageSize=10,200,1,2046.440,07e5787e-20af-4623-9a81-793f2a3ee7c5
2026-07-22T15:24:24.023Z,POST,/workers/,200,1,130.313,7cb4a826-9d1f-4eb3-a9a6-d7c226190784
2026-07-22T15:24:23.490Z,GET,/workers/?page=1&pageSize=10,200,1,664.759,01e4ce27-8d63-40d6-8cc0-92e97ff5bd58
2026-07-22T15:24:24.033Z,POST,/users/,200,1,128.210,c7012fe8-8744-44b0-b98f-c124fe2568bb
2026-07-22T15:24:23.969Z,PATCH,/customers/change-contacts,200,1,237.962,9846ac34-46b7-425f-8c6e-b473631f556a
2026-07-22T15:24:22.153Z,GET,/customers/?page=1&pageSize=10,200,1,2088.122,91f07204-2e23-42df-ac49-d6d0fdea3b63
2026-07-22T15:24:24.132Z,POST,/workers/,200,1,110.241,cb5d423e-3fc4-4d15-b280-0039948f9c41
2026-07-22T15:24:24.138Z,PATCH,/customers/change-contacts,200,1,104.363,cf4e9a0b-fa11-4f2a-9a6e-bca54187785b
2026-07-22T15:24:22.939Z,GET,/customers/?page=1&pageSize=10,200,1,1362.289,a44f5fa5-8dbe-4e3a-a3a0-e9d6e48f1e94
2026-07-22T15:24:21.771Z,GET,/users/1863d2f4-a956-4fef-a10a-7ba969469982,200,1,2540.585,3a86e7e7-40d2-45bc-a7cb-7b486417266a
2026-07-22T15:24:24.158Z,POST,/work/,200,1,154.127,36286e7e-3fbd-43d1-b916-45e5e27b61c6
2026-07-22T15:24:24.174Z,POST,/orders/,200,1,144.047,623b256a-e35e-4e57-a795-c4e9aea85f42
2026-07-22T15:24:24.165Z,POST,/customers/,200,1,153.621,ce782186-c553-4cec-bce4-1c47b69e3dd5
2026-07-22T15:24:24.170Z,POST,/customers/,200,1,150.055,4bcbe1d5-71f1-40aa-b5ff-2580d200e754
2026-07-22T15:24:23.799Z,POST,/orders/,200,1,525.158,0b797359-4550-40d2-bd42-8553e5aecd8d
2026-07-22T15:24:23.811Z,POST,/orders/,200,1,513.792,768cf6a3-783b-4b58-b65e-30a3f87358fc
2026-07-22T15:24:24.184Z,POST,/workers/,200,1,140.782,fd3ead87-46d9-401d-99f4-a7163563ac27
2026-07-22T15:24:24.187Z,PATCH,/work/change-title,200,1,152.124,d3b18c9f-a4bd-44a9-8666-4a5f83ca84c4
2026-07-22T15:24:23.528Z,GET,/customers/87f5e7d8-54f6-4fa2-bc03-8d75360bd38e/with-cars,200,1,811.986,023546be-d94d-4ab6-a8d1-1fe82b86f72e
2026-07-22T15:24:24.209Z,POST,/customers/,200,1,132.753,1af99dc1-cc22-4996-95e1-e60bb8b88b3b
2026-07-22T15:24:24.217Z,POST,/customers/,200,1,132.886,dba4eb5b-1dfc-493f-946f-8acf79207aa2
2026-07-22T15:24:24.216Z,PATCH,/work/change-title,200,1,134.470,21e373d6-5812-45eb-81e4-530cd673cf82
2026-07-22T15:24:24.219Z,POST,/customers/,200,1,131.898,79ca8c35-f798-48cf-9a14-cc0cbd30e321
2026-07-22T15:24:23.266Z,GET,/workers/cc3c21eb-fa5f-4756-8493-8809c04caed9,200,1,1086.715,59f67f07-d4e0-488e-9c8b-b6596da76573
2026-07-22T15:24:24.222Z,POST,/cars/,200,1,131.112,25495428-feda-4cc6-a9d1-9fa1611e8b7c
2026-07-22T15:24:21.777Z,GET,/users/8182dc5d-c833-497c-ab0e-a40cea486c65,200,1,2585.265,86be80b0-4071-4b75-9753-dcfba12c8ecb
2026-07-22T15:24:22.917Z,GET,/workers/?page=1&pageSize=10,200,1,1447.021,4335cede-0320-48a0-afd8-75b146b31fe1
2026-07-22T15:24:24.154Z,GET,/cars/?page=1&pageSize=10,200,1,214.017,5eb68fba-6bc3-4294-a35e-7ca2c8e52155
2026-07-22T15:24:24.239Z,POST,/users/,200,1,130.095,2a941180-2d31-4bcd-931e-92c4ad427e45
2026-07-22T15:24:24.238Z,POST,/customers/,200,1,131.338,e7674e08-838f-4792-b796-01bd5e85e95c
2026-07-22T15:24:24.242Z,POST,/customers/,200,1,127.912,7686717c-db5c-45f6-b2fa-dc2cf42d9df2
2026-07-22T15:24:24.248Z,POST,/cars/,200,1,121.523,ebac02fc-e401-4a52-acc3-7390bf656178
2026-07-22T15:24:22.730Z,GET,/users/?page=1&pageSize=10,200,1,1645.749,cf8bdbb2-354e-4d66-816b-19c8078f6099
2026-07-22T15:24:23.586Z,GET,/work/a181e823-f75c-493f-8db1-3b7ca91613ed,200,1,794.772,8ae06f61-7e34-4fc3-854b-23e1116b81d3
2026-07-22T15:24:23.529Z,GET,/work/0d73ff20-aa5b-47b9-b306-a48a08327c29,200,1,873.793,01f41e69-8ad1-4baa-8866-8c26e77dd64e
2026-07-22T15:24:24.319Z,POST,/customers/,200,1,101.422,b041adb3-44e4-4cab-9781-6285a286b47d
2026-07-22T15:24:24.131Z,GET,/work/cb872d99-c200-4d42-8508-f5c72ad86bdd,200,1,292.242,032ad25d-529d-4113-9b92-1045e9dbcb37
2026-07-22T15:24:24.356Z,POST,/orders/,200,1,91.069,80aa5e28-3ac7-4713-986e-348bd6bad488
2026-07-22T15:24:24.367Z,POST,/customers/,200,1,93.205,9bec9690-0355-4ddd-816d-dc74a1d90d41
2026-07-22T15:24:23.746Z,GET,/workers/76e184cb-28f1-4984-8fe8-dbcb4d656b7f,200,1,753.979,fb75fe42-ae9e-4842-b188-ab2afa0b86c0
2026-07-22T15:24:22.829Z,GET,/users/?page=1&pageSize=10,200,1,1672.440,fa23367e-ad37-449a-aaf3-a6f6b8e15bd7
2026-07-22T15:24:24.383Z,POST,/work/,200,1,134.945,b921c731-53d8-4276-b807-cf6d86943036
2026-07-22T15:24:24.289Z,PATCH,/users/change-password,200,1,229.607,37a94f4d-ea47-479f-8150-97ec3a4a9ad1
2026-07-22T15:24:24.284Z,PATCH,/customers/rename,200,1,246.308,feeb3428-0fd6-4a4e-ad5a-941fc0b4e964
2026-07-22T15:24:24.286Z,POST,/customers/,200,1,247.824,f5198b07-beb7-4467-b7d5-b70563664fea
2026-07-22T15:24:24.388Z,POST,/work/,200,1,145.948,1c585473-1deb-4cb1-908d-4d4172fdf640
2026-07-22T15:24:23.247Z,GET,/workers/cbe2431f-de93-4a09-ac2c-3c995c70b766,200,1,1292.055,4ef07585-afdb-439f-8d90-6d711d1573e7
2026-07-22T15:24:24.399Z,POST,/workers/,200,1,147.268,d0f5f734-8cc2-45f2-9a52-cdc86b6b22d6
2026-07-22T15:24:24.298Z,PATCH,/work/change-description,200,1,260.679,e1d8b690-f3d0-4c02-883c-9334497b0514
2026-07-22T15:24:24.100Z,POST,/cars/,200,1,470.779,fcd7f7dd-bb62-4b97-9440-60c8d51b2ef7
2026-07-22T15:24:24.300Z,PATCH,/workers/change-role,200,1,280.063,ec350437-8da0-47c7-87a0-ce225a92027c
2026-07-22T15:24:24.401Z,PATCH,/customers/rename,200,1,179.091,cbf675df-c396-48db-bceb-28bcb46eb0f3
2026-07-22T15:24:24.403Z,PATCH,/workers/change-role,200,1,190.042,1396ee23-7638-48ec-b204-1fd1e10b5e9b
2026-07-22T15:24:24.428Z,POST,/users/,200,1,165.377,d1606013-edaf-4f57-953e-4700a4e3f763
2026-07-22T15:24:24.427Z,POST,/customers/,200,1,166.503,3f20907e-a74b-4f13-8b3f-d654d54786de
2026-07-22T15:24:24.429Z,PATCH,/work/change-title,200,1,164.610,fa904b73-7f09-40da-82fb-ea0a5cfdb75b
2026-07-22T15:24:24.380Z,GET,/work/?page=1&pageSize=10,200,1,213.987,b58046e4-cae9-48d5-88c2-4190cadb4ee8
2026-07-22T15:24:24.458Z,POST,/users/,200,1,136.305,440a75e0-c4bf-4c83-a005-2290769db0cc
2026-07-22T15:24:22.453Z,GET,/orders/?page=1&pageSize=10,200,1,2141.725,ea83f8d3-502c-4d30-a8c9-3c0470df64ad
2026-07-22T15:24:24.467Z,PATCH,/workers/change-role,200,1,127.679,24855b9a-fd8c-4d25-b96b-deb1f2423ee0
2026-07-22T15:24:24.475Z,POST,/customers/,200,1,120.079,2d05647a-a4fc-44d1-9a8c-d1b489c80325
2026-07-22T15:24:22.635Z,GET,/orders/caffaaf0-7d6d-4271-89d1-8cb777755cb4,200,1,1961.333,e308baaf-cad6-4ff5-9c06-9f1d732fdb7d
2026-07-22T15:24:24.489Z,POST,/customers/,200,1,107.235,708e5ab6-e26f-408b-83e6-3e48e2f97c49
2026-07-22T15:24:24.486Z,POST,/cars/,200,1,110.721,26cb1684-3676-452c-8107-caa6bb74acd4
2026-07-22T15:24:24.503Z,PATCH,/work/change-title,200,1,111.658,85582a56-a4f3-4893-9b58-0b223c14792d
2026-07-22T15:24:24.505Z,POST,/cars/,200,1,110.251,7635946a-3a5d-4341-8cc5-3dc3e9911117
2026-07-22T15:24:23.971Z,POST,/customers/,200,1,643.983,cc5c4535-7bf8-472c-88ab-1ee7b755a7a6
2026-07-22T15:24:24.520Z,POST,/orders/,200,1,99.959,47d9df33-519e-47a5-9782-3ff07e6571e9
2026-07-22T15:24:22.802Z,GET,/customers/?page=1&pageSize=10,200,1,1821.690,0a77b888-29e5-49f7-bab0-c2236e41ed8e
2026-07-22T15:24:24.529Z,POST,/work/,200,1,114.711,a6d2586f-0606-4b96-bdef-a2490d69c27a
2026-07-22T15:24:24.538Z,PATCH,/work/set-estimate,200,1,116.399,df87f27a-db5b-4ea8-9d99-52d8e03092ff
2026-07-22T15:24:24.545Z,POST,/orders/,200,1,120.743,85c85ef1-7cff-4473-be72-a211e8817526
2026-07-22T15:24:24.575Z,PATCH,/users/change-password,200,1,119.337,ff419aea-8650-4ed0-9042-f28af00a06e1
2026-07-22T15:24:24.584Z,POST,/workers/,200,1,119.594,46fd8a77-179f-469f-9424-0b66f789e88c
2026-07-22T15:24:24.584Z,POST,/cars/,200,1,120.042,e71084e3-07e5-4f2b-bc1c-c86c65d4f89d
2026-07-22T15:24:24.158Z,GET,/workers/9dcee880-1fee-458e-83b1-79f20382ed46,200,1,548.067,5cdb1d16-c265-4c47-b43e-072e9090f643
2026-07-22T15:24:24.597Z,PATCH,/workers/change-hourly-rate,200,1,116.704,7d3a5ec3-7843-4a2d-b2de-7bafa1a26ff3
2026-07-22T15:24:24.602Z,POST,/work/,200,1,112.769,b47d5ec9-4298-41aa-a57a-8a37ea361c49
2026-07-22T15:24:24.611Z,PATCH,/users/change-password,200,1,113.473,7ddf5b55-9014-4ac4-94db-83eed14c9aef
2026-07-22T15:24:22.697Z,GET,/orders/?page=1&pageSize=10,200,1,2047.436,dc43f04d-92c1-4085-bccb-737a111c852d
2026-07-22T15:24:24.624Z,PATCH,/customers/rename,200,1,129.426,17d93285-204b-4921-8c1b-f7479db5811e
2026-07-22T15:24:23.523Z,GET,/work/51ab4037-41f9-4d3a-8cdf-f1d741f04c18,200,1,1238.343,8ccbf3a7-7ce9-49ad-bee9-44bfa69c8e38
2026-07-22T15:24:24.635Z,PATCH,/work/set-estimate,200,1,128.220,d78b469b-7964-4f6b-9a42-8356e6a12abd
2026-07-22T15:24:24.645Z,POST,/orders/,200,1,137.750,468056ef-ab3c-48e4-a75b-611d5f6af6f6
2026-07-22T15:24:24.649Z,PATCH,/orders/set-priority,200,1,136.571,1b8308d0-45a7-4409-b392-725627cbfe1d
2026-07-22T15:24:24.349Z,GET,/orders/?page=1&pageSize=10,200,1,439.000,ebceb6d1-8ec3-48b3-8141-70147fa88aba
2026-07-22T15:24:21.685Z,GET,/work/?page=1&pageSize=10,200,1,3126.171,4c549944-f6ba-4b91-a31b-7050d640c957
2026-07-22T15:24:24.667Z,POST,/workers/,200,1,166.862,4943909b-f314-40ce-af52-6de03a71636c
2026-07-22T15:24:24.666Z,POST,/work/,200,1,176.648,6d88d10f-ab09-4254-a81b-17c49377655f
2026-07-22T15:24:24.673Z,POST,/cars/,200,1,187.987,3a79262d-0508-44a3-9e5b-02b24e9b75b7
2026-07-22T15:24:22.579Z,GET,/customers/cf55acaf-a058-44f2-896c-4f04cb775757/with-cars,200,1,2283.927,638cd2eb-6a6b-47b0-ad9a-11b7bf0513d0
2026-07-22T15:24:23.545Z,GET,/orders/?page=1&pageSize=10,200,1,1322.539,2b3d9a0c-30e5-4829-b02a-30187fd3ae43
2026-07-22T15:24:24.689Z,POST,/cars/,200,1,186.422,6dc9bc3f-a903-4987-8ab6-73e057e2ae6a
2026-07-22T15:24:24.686Z,POST,/orders/,200,1,190.235,ff99ac3b-3517-42fd-b996-92bef55d1106
2026-07-22T15:24:23.132Z,GET,/work/?page=1&pageSize=10,200,1,1750.046,debb2877-5a32-4ac9-9838-949b384492a2
2026-07-22T15:24:24.691Z,PATCH,/customers/rename,200,1,191.522,bc3d7e47-9ada-4f55-bdca-bc15ba2aa28c
2026-07-22T15:24:24.690Z,POST,/work/,200,1,192.723,dc97f5a6-469f-45df-b132-be24e10bbf13
2026-07-22T15:24:24.699Z,POST,/customers/,200,1,188.974,90383986-2af7-4c73-ad6e-d53531412eb3
2026-07-22T15:24:24.716Z,POST,/cars/,200,1,171.738,d1620469-1eed-42fa-8391-e907f73dd2e1
2026-07-22T15:24:24.696Z,POST,/work/,200,1,192.551,7d6bd63d-c6c8-41ac-acfb-6dab24662055
2026-07-22T15:24:24.726Z,POST,/users/,200,1,171.688,6858d50d-ed57-4c98-81e6-05121e543b30
2026-07-22T15:24:24.717Z,POST,/workers/,200,1,189.174,7e1647a7-67bd-4950-9cd2-d800a4c87c7b
2026-07-22T15:24:24.749Z,POST,/work/,200,1,157.456,0c6d69a5-1e39-4051-80ec-90710ea179f4
2026-07-22T15:24:24.767Z,POST,/users/,200,1,139.720,b80b1825-6294-43ec-8168-f881400937d5
2026-07-22T15:24:24.775Z,POST,/users/,200,1,147.408,5593fdb7-4422-4d74-be34-ed6acfefcc00
2026-07-22T15:24:23.347Z,GET,/customers/91f8b364-00c5-4b6b-9176-87e82777c473,200,1,1579.122,273b385b-db9c-4c9f-bd1a-c010438bf2a6
2026-07-22T15:24:24.778Z,POST,/customers/,200,1,148.407,59568c4a-02a5-4eab-b967-c92acb703084
2026-07-22T15:24:24.261Z,GET,/cars/?page=1&pageSize=10,200,1,666.183,9d0c8d74-f7f3-462f-baa2-13ae2b5cbd6a
2026-07-22T15:24:24.238Z,GET,/customers/734fb336-632b-417d-94af-0eca9640d6e4,200,1,689.956,c2495925-a3de-4882-b88b-9a5d29539b8f
2026-07-22T15:24:23.917Z,GET,/orders/35839a33-f298-4d94-ba59-4b956d1c76cf,200,1,1011.606,005c3e99-22d2-4860-96c2-824890080c1f
2026-07-22T15:24:24.791Z,POST,/users/,200,1,144.115,355a03a3-8e76-4bd5-a9d6-d5d7d61b62fc
2026-07-22T15:24:22.921Z,GET,/workers/?page=1&pageSize=10,200,1,2016.953,00a2bc2b-f374-4b6b-ab40-ef2675e4da85
2026-07-22T15:24:24.785Z,POST,/workers/,200,1,153.764,a24ea265-c24a-40c3-b11b-03f72484d946
2026-07-22T15:24:24.790Z,POST,/orders/,200,1,149.194,e18f0aa0-8c31-4c7f-9efc-ae180467c8cb
2026-07-22T15:24:24.797Z,POST,/orders/,200,1,142.678,6f18385e-6e6a-4203-aa11-5c28a24c3f05
2026-07-22T15:24:24.805Z,POST,/customers/,200,1,142.034,384efc4f-b338-4a91-8c6e-f725c10dfbdf
2026-07-22T15:24:24.787Z,POST,/customers/,200,1,165.737,0e9dba38-6001-46d9-ae3b-fa63a21dec41
2026-07-22T15:24:24.809Z,POST,/workers/,200,1,143.778,10648f3c-9f83-4386-a4a9-d3cccfe3f314
2026-07-22T15:24:24.318Z,GET,/workers/?page=1&pageSize=10,200,1,640.007,e8243d10-d496-4778-977c-fd9cffb8a009
2026-07-22T15:24:24.822Z,POST,/customers/,200,1,138.631,5da6fede-90e5-4ca8-8121-7a83fb5e4dbf
2026-07-22T15:24:24.819Z,POST,/cars/,200,1,141.947,206a6b3c-a7eb-42bc-a386-8d2c8f6a5dc4
2026-07-22T15:24:24.833Z,POST,/users/,200,1,131.085,f034c286-9231-445f-bc03-b3e3f6d34482
2026-07-22T15:24:24.835Z,POST,/work/,200,1,128.660,a24d207d-1ba5-4786-b4a1-93e11c714ef6
2026-07-22T15:24:24.874Z,POST,/work/,200,1,122.704,21e4303b-0f05-4a43-9215-cae9a8a556af
2026-07-22T15:24:24.886Z,PATCH,/customers/change-contacts,200,1,111.452,3d1eae48-8520-454f-8878-32d62915c32a
2026-07-22T15:24:24.129Z,GET,/orders/35839a33-f298-4d94-ba59-4b956d1c76cf,200,1,872.968,f7dbea36-1a31-461f-8fd7-7c8127652990
2026-07-22T15:24:24.881Z,POST,/customers/,200,1,121.807,8a9cd502-3e33-4e49-8647-658c3c7e9995
2026-07-22T15:24:24.894Z,POST,/work/,200,1,119.897,7f5147e8-3f52-45e9-a72e-47a8ab95c994
2026-07-22T15:24:24.902Z,POST,/users/,200,1,115.502,cc9daa86-1583-430b-bbb0-46c726a9eec0
2026-07-22T15:24:24.421Z,GET,/users/339d768b-3fc1-40a9-99bd-89dac11a0a01,200,1,621.013,d49d5a0f-ac2c-4394-b597-f3339235d2f5
2026-07-22T15:24:24.919Z,POST,/users/,200,1,129.615,66ce3ef1-b85b-4b71-a81b-9a08d2462168
2026-07-22T15:24:23.948Z,GET,/users/54250894-a091-4d25-897f-843c6efba4e7,200,1,1112.177,080a73fa-5946-4614-bf56-32d5f837c39e
2026-07-22T15:24:24.942Z,PATCH,/work/set-estimate,200,1,130.036,e2c2561c-c145-4b8c-82aa-ad12a16e52a9
2026-07-22T15:24:23.755Z,GET,/customers/?page=1&pageSize=10,200,1,1322.207,5c9da105-1694-453d-9e97-4b76a37b0a8e
2026-07-22T15:24:24.960Z,POST,/users/,200,1,134.474,6c2e5f9b-25f1-49e0-9404-c431d4c0c60e
2026-07-22T15:24:24.956Z,POST,/customers/,200,1,145.410,6a4d6bd2-b32e-4ddb-91dd-9f699fb97ffc
2026-07-22T15:24:24.955Z,PATCH,/customers/rename,200,1,146.618,8e94a762-39bc-4aaa-8572-4bf583e91d86
2026-07-22T15:24:24.963Z,POST,/orders/,200,1,151.367,a34bb5ad-bd0e-4d06-85c7-e8f775424db3
2026-07-22T15:24:24.977Z,PATCH,/work/change-description,200,1,143.280,4c0ca98d-0b90-438e-851f-cdc334f97126
2026-07-22T15:24:23.864Z,GET,/workers/6854711e-2f84-41e4-a0e2-d028c9f16c01,200,1,1257.577,e6a3a04a-b97f-46b7-b44e-5f14d1d99f93
2026-07-22T15:24:24.982Z,POST,/cars/,200,1,143.522,91eaabe9-ea3f-4d34-9788-2b68dfbc018e
2026-07-22T15:24:24.988Z,POST,/users/,200,1,137.834,4ca11321-8dc9-4b4f-bdfb-2910122b7049
2026-07-22T15:24:24.991Z,POST,/users/,200,1,134.923,bddbf23f-c627-4ee7-b9ca-f81b7092753c
2026-07-22T15:24:25.026Z,PATCH,/workers/change-hourly-rate,200,1,127.059,a893e102-7c50-45b3-90bf-b5ebed2de08d
2026-07-22T15:24:24.911Z,GET,/cars/?page=1&pageSize=10,200,1,243.727,d8634626-d060-4d69-905d-e3913addd2e0
2026-07-22T15:24:24.157Z,GET,/users/0e7cec51-b641-443d-bbf0-88f424156b46,200,1,1012.370,984565fd-7715-40cd-a36e-4067600a4277
2026-07-22T15:24:25.046Z,POST,/cars/,200,1,133.320,afa5c81d-7ba0-419b-8e24-201baf04cfc0
2026-07-22T15:24:25.050Z,PATCH,/work/change-title,200,1,134.510,66349a54-cca7-4c17-94d6-4b816d4b6c66
2026-07-22T15:24:23.932Z,GET,/customers/?page=1&pageSize=10,200,1,1255.788,ea390892-0e30-4d2b-ba39-81ed59d077ed
2026-07-22T15:24:25.064Z,POST,/orders/,200,1,133.696,18a6e37c-21a1-44ec-89b5-9e26d646ec6f
2026-07-22T15:24:25.069Z,PATCH,/orders/apply-discount,200,1,133.149,c5802190-0f0b-4973-af24-330dd49ffb7a
2026-07-22T15:24:25.073Z,POST,/customers/,200,1,141.922,2b9ec62c-9168-4737-858e-4e2c49ee62fb
2026-07-22T15:24:25.075Z,PATCH,/orders/apply-discount,200,1,140.401,02a97fda-9aeb-4fe9-8431-cdc3e4200792
2026-07-22T15:24:25.075Z,POST,/orders/,200,1,145.085,0db27cb3-a0a3-4a26-b728-8ea9828b0d39
2026-07-22T15:24:23.821Z,GET,/customers/?page=1&pageSize=10,200,1,1399.746,de81b40f-7151-4517-bf5d-90d5b17728a4
2026-07-22T15:24:25.079Z,POST,/customers/,200,1,150.199,73e1d4d7-1b65-4d3e-9d3c-100910b20757
2026-07-22T15:24:25.119Z,POST,/work/,200,1,120.070,4d06414c-0ddc-4424-84c8-02a421b22aab
2026-07-22T15:24:25.124Z,POST,/customers/,200,1,124.724,4aa8234b-6996-45fb-8b1d-1471a3a83fb7
2026-07-22T15:24:25.135Z,POST,/users/,200,1,125.382,adba1ed1-8a91-496c-bf2c-32451f39f33e
2026-07-22T15:24:25.155Z,POST,/work/,200,1,120.321,3c5b6c53-22f9-4b72-971d-83fda88db3b7
2026-07-22T15:24:22.648Z,GET,/workers/?page=1&pageSize=10,200,1,2637.305,1e956bf6-8c4e-460d-9762-50ecfee691c1
2026-07-22T15:24:25.160Z,POST,/users/,200,1,127.288,d90141b9-3136-455b-a030-a18a650a64e0
2026-07-22T15:24:24.165Z,GET,/customers/18adaffc-9ba6-4d50-bf43-b429ac040aa1,200,1,1123.587,b609322f-9a79-4a59-86ea-014a52d25f45
2026-07-22T15:24:25.170Z,POST,/customers/,200,1,121.138,972dcc30-9952-4539-94d9-c11b9d68b1e7
2026-07-22T15:24:24.860Z,POST,/workers/,200,1,453.414,4af5961a-aec3-4654-b0da-eeefe2e5948a
2026-07-22T15:24:24.834Z,PATCH,/work/set-estimate,200,1,479.240,3e722702-ff7c-4793-a560-47cd936dcef5
2026-07-22T15:24:25.186Z,POST,/workers/,200,1,131.748,01bbe8a7-9d74-47cb-b387-d41f73e108e5
2026-07-22T15:24:25.186Z,PATCH,/orders/apply-discount,200,1,132.536,5a0944b4-3e15-4d95-a736-3a07eb48963b
2026-07-22T15:24:23.764Z,GET,/work/?page=1&pageSize=10,200,1,1554.683,1d17d300-0ee0-4fee-9ea5-089760a065bf
2026-07-22T15:24:23.964Z,GET,/customers/?page=1&pageSize=10,200,1,1361.245,cbda69b9-67f8-4a31-846e-ef3f4d384e8e
2026-07-22T15:24:25.197Z,POST,/users/,200,1,129.272,2be513fc-f5c5-4071-af55-c49cdf65f41a
2026-07-22T15:24:25.199Z,POST,/orders/,200,1,132.532,ed9e6a05-f4f7-4a86-a3d9-37797a1d9a79
2026-07-22T15:24:25.208Z,POST,/customers/,200,1,130.947,cf66c54d-7d06-4642-a30f-461d0c2cb822
2026-07-22T15:24:25.205Z,POST,/customers/,200,1,141.798,715bb902-9a31-4018-b3d2-0f70ad2135de
2026-07-22T15:24:25.214Z,POST,/cars/,200,1,139.276,598d7b6d-1671-4c6d-98e7-d92e57554354
2026-07-22T15:24:25.229Z,POST,/work/,200,1,132.424,69511711-457f-4f22-8047-f670b9ff577f
2026-07-22T15:24:22.494Z,GET,/orders/93731f09-1415-42c7-8a78-51450df48f02,200,1,2872.705,5e4a2c9b-e622-40ea-8374-2a088489e56c
2026-07-22T15:24:25.239Z,POST,/workers/,200,1,131.639,8c1a2dfd-b68c-4b21-8144-b28b261c99d8
2026-07-22T15:24:25.244Z,PATCH,/work/change-description,200,1,127.495,036a3865-b71e-4a8c-a891-ab64c04e3be9
2026-07-22T15:24:25.247Z,POST,/cars/,200,1,136.152,70296560-77e7-444c-9376-bb34681074ec
2026-07-22T15:24:25.256Z,POST,/users/,200,1,133.549,4ad47656-2bf8-4cca-8992-abb1ff1750f5
2026-07-22T15:24:25.281Z,POST,/cars/,200,1,135.482,7aef013d-d6f3-4938-af4b-a155437dcaf7
2026-07-22T15:24:25.282Z,PATCH,/workers/change-role,200,1,134.703,2cccfcde-4cd0-4788-81ff-dad8795dc36d
2026-07-22T15:24:25.285Z,POST,/users/,200,1,140.792,99b0bcdc-dcfe-4277-8f8d-b549b4702024
2026-07-22T15:24:25.289Z,PATCH,/customers/change-contacts,200,1,136.796,16611e74-dd13-452f-a67d-8ee740f13652
2026-07-22T15:24:25.298Z,POST,/customers/,200,1,145.941,b92e5682-5b41-4482-a742-5c71cb83aadf
2026-07-22T15:24:24.197Z,GET,/workers/1dc188bf-3fcb-4a22-8eed-d8756b86a9c8,200,1,1247.686,4c613e05-c1f1-4510-b602-864966fd9877
2026-07-22T15:24:24.088Z,GET,/workers/?page=1&pageSize=10,200,1,1360.503,27a7a412-2838-4579-bfeb-222ef6a62eb0
2026-07-22T15:24:25.307Z,POST,/customers/,200,1,141.928,c10bf619-68ae-4de9-8177-205fa10816a0
2026-07-22T15:24:25.330Z,POST,/cars/,200,1,135.088,78fdb331-5d16-4831-8c2e-2bdad460d8b4
2026-07-22T15:24:25.338Z,POST,/orders/,200,1,127.173,6807dab5-775e-4ef5-9cd7-0bb0bd7163c4
2026-07-22T15:24:24.960Z,GET,/orders/ae3b6ddb-4796-4b93-a9e5-d7788f5174f3,200,1,507.106,d9a48277-5213-4282-935b-2c77049611ce
2026-07-22T15:24:25.345Z,PATCH,/orders/set-priority,200,1,132.486,3a09248a-cbed-4afe-816c-2d8e51cc4772
2026-07-22T15:24:25.351Z,POST,/work/,200,1,126.909,da9e5d0f-760a-44a2-93a3-1b2bf7b17e6e
2026-07-22T15:24:25.350Z,POST,/work/,200,1,138.210,505e799c-3cac-4bbe-a897-b82ddc43b3a7
2026-07-22T15:24:25.358Z,PATCH,/orders/apply-discount,200,1,193.477,5bf92b07-230b-433d-bbfd-a5c7c921d719
2026-07-22T15:24:25.360Z,POST,/work/,200,1,191.479,781cab75-be76-4374-863b-da5d56f0dd46
2026-07-22T15:24:25.092Z,POST,/work/,200,1,468.253,7dc20cc4-fac8-48c4-a326-df05a1c1354d
2026-07-22T15:24:25.364Z,POST,/customers/,200,1,204.726,3f8bea89-a5f8-49ab-b7a1-4b44f892871e
2026-07-22T15:24:25.379Z,POST,/users/,200,1,190.947,3cd06008-d467-4b82-8dea-f33392f4908d
2026-07-22T15:24:25.378Z,POST,/users/,200,1,192.479,13772e96-a0f1-439a-807a-0569394738ed
2026-07-22T15:24:25.407Z,POST,/orders/,200,1,165.625,37497111-60c0-479c-9d9b-abd85e793357
2026-07-22T15:24:25.382Z,PATCH,/work/change-description,200,1,202.377,e4eb2e3d-4110-4090-ad68-4e1cb2aee2ec
2026-07-22T15:24:25.421Z,POST,/orders/,200,1,163.683,672664f4-a35c-4451-9635-fd702420ed81
2026-07-22T15:24:25.374Z,POST,/cars/,200,1,211.115,f362e549-52e9-496f-b57d-ec2f55dcaed8
2026-07-22T15:24:25.393Z,POST,/orders/,200,1,191.883,b369a6a1-a11e-4415-8450-e84ed8c2b4c5
2026-07-22T15:24:25.423Z,POST,/workers/,200,1,163.822,031cf15e-ef51-436a-8e4c-d3da72701475
2026-07-22T15:24:25.383Z,POST,/customers/,200,1,207.991,8430a41e-676f-4094-9a55-8f49e76a351d
2026-07-22T15:24:24.753Z,GET,/work/?page=1&pageSize=10,200,1,843.157,21f0e105-c595-4c34-a2ac-797af401147d
2026-07-22T15:24:25.387Z,PATCH,/orders/apply-discount,200,1,210.025,5888f486-6424-4ab8-b7dc-1757f3b3fab6
2026-07-22T15:24:25.395Z,PATCH,/customers/rename,200,1,225.209,206921d2-7cac-42ed-aa5f-39f2c5ee132c
2026-07-22T15:24:25.392Z,POST,/customers/,200,1,228.518,c11c1519-5807-4cd8-bf9b-6e9c2121cd18
2026-07-22T15:24:25.032Z,GET,/customers/26261560-8a57-4d21-bcfe-ea77f724dad6/with-cars,200,1,592.010,8013e32a-b479-4cbc-8671-427416f7c132
2026-07-22T15:24:25.409Z,POST,/cars/,200,1,219.076,42f936e7-03e7-4824-8b99-dbef66f16a7b
2026-07-22T15:24:23.375Z,GET,/orders/24158010-8649-4c38-bab0-55bc50a3e2cd,200,1,2257.184,2435f553-b06d-49f9-be4b-aa3cebf3aed7
2026-07-22T15:24:25.467Z,POST,/work/,200,1,172.961,3714de90-2e44-4d07-95f2-da6a2f544a37
2026-07-22T15:24:25.468Z,POST,/work/,200,1,172.634,8d82a26e-cffb-4dce-84fb-b7cf6a88d8d9
2026-07-22T15:24:25.462Z,PATCH,/work/change-title,200,1,178.943,d68af34b-6912-49a6-90fa-885b085ac945
2026-07-22T15:24:25.521Z,POST,/cars/,200,1,124.074,122dd793-3b05-4f11-8e5c-a97899a2ba73
2026-07-22T15:24:25.529Z,POST,/orders/,200,1,117.704,89201cb4-aba7-4118-bd6f-af17ea299909
2026-07-22T15:24:25.532Z,POST,/users/,200,1,116.243,3a1044ef-0311-4c8c-aba5-2ecfaf3b447f
2026-07-22T15:24:25.410Z,POST,/users/,200,1,237.542,0208ec6a-e82a-494c-82aa-2b80a500fe75
2026-07-22T15:24:25.539Z,POST,/cars/,200,1,109.409,33d296cd-7474-4931-934e-8a15cc03c6b8
2026-07-22T15:24:25.562Z,POST,/orders/,200,1,103.218,27dcc902-a677-4077-a97f-09d8ae2de026
2026-07-22T15:24:23.850Z,GET,/customers/8d02f591-1c0c-4bed-adef-34b55e0dcf2f/with-cars,200,1,1822.365,561f7fba-ccfc-4776-bfff-9729417cfba1
2026-07-22T15:24:24.015Z,GET,/cars/?page=1&pageSize=10,200,1,1665.443,ab1550c5-9870-4cb3-a443-cfa08f0e2c5d
2026-07-22T15:24:25.582Z,POST,/customers/,200,1,102.493,784531e6-4894-4114-b763-c2573408e70c
2026-07-22T15:24:25.588Z,POST,/cars/,200,1,134.177,16d76547-f8d9-4733-99c1-975b7c229606
2026-07-22T15:24:25.606Z,POST,/users/,200,1,136.597,9180d793-8835-48a5-b1d6-de185a6f6776
2026-07-22T15:24:25.613Z,POST,/customers/,200,1,129.818,0ae0b1cc-86d1-4f69-a8cc-0cd162b87190
2026-07-22T15:24:25.630Z,POST,/orders/,200,1,119.838,da558d24-4e0b-4fd7-b66b-303beef65c5f
2026-07-22T15:24:25.630Z,PATCH,/orders/apply-discount,200,1,119.139,c2665758-4694-4cb9-bd8e-357b03216410
2026-07-22T15:24:22.484Z,GET,/work/?page=1&pageSize=10,200,1,3272.203,03d51149-61bc-46a6-96cd-1c4a5cf9c85e
2026-07-22T15:24:24.722Z,GET,/cars/?page=1&pageSize=10,200,1,1061.458,ed79a522-614d-4cab-9555-7e054a126f06
2026-07-22T15:24:25.647Z,POST,/customers/,200,1,142.076,0b112ac5-28f7-498a-b04a-d902296e7ce1
2026-07-22T15:24:24.970Z,GET,/users/7daa576b-cea0-44f9-895d-5033cf379bd4,200,1,835.844,5b4af0fa-41f1-486c-b1e0-ad2b30ea3e7a
2026-07-22T15:24:25.540Z,PATCH,/work/change-title,200,1,266.364,e0822d5d-c8b0-4958-bcf8-19791fb9aaa7
2026-07-22T15:24:25.542Z,POST,/orders/,200,1,264.196,b21acff0-7cb2-4373-8192-e2a92e44aec7
2026-07-22T15:24:25.661Z,POST,/work/,200,1,145.629,9d39ebc8-5246-48e3-961e-096dfa688beb
2026-07-22T15:24:25.666Z,POST,/customers/,200,1,148.459,04e9749b-3771-4160-8c98-faa4c8037226
2026-07-22T15:24:25.667Z,POST,/cars/,200,1,151.397,2c8f6edc-a4b0-4816-9164-2309ec1a0923
2026-07-22T15:24:25.549Z,PATCH,/work/change-title,200,1,269.566,dfcc925b-ad4d-49fe-9d28-02e813cad16d
2026-07-22T15:24:25.681Z,POST,/orders/,200,1,137.838,677603a1-fa3a-4c60-adec-3c9c860a66bf
2026-07-22T15:24:25.587Z,GET,/cars/?page=1&pageSize=10,200,1,232.195,1173212a-ae7a-4f2d-9ac4-18bc54ec396f
2026-07-22T15:24:24.669Z,GET,/workers/?page=1&pageSize=10,200,1,1154.122,cd1c67e9-579f-47cc-a823-b428cb0eb679
2026-07-22T15:24:25.708Z,POST,/work/,200,1,116.029,38b95145-edc1-4126-9b91-5c88565f6ddb
2026-07-22T15:24:25.710Z,POST,/work/,200,1,114.017,c2b73f43-614b-4004-9359-12d9fefaccc9
2026-07-22T15:24:25.722Z,PATCH,/workers/change-role,200,1,109.205,8d20b4c9-f740-41d7-9785-937bf4f6ecf7
2026-07-22T15:24:25.146Z,GET,/customers/4bbfa63d-978d-4628-b8cc-8abfa2ede6ac,200,1,691.284,a8f60187-dd7d-4d5f-a9a5-8ea796535a7e
2026-07-22T15:24:25.737Z,POST,/cars/,200,1,109.586,d8e46752-a257-4e42-aa57-a77ccf385a9e
2026-07-22T15:24:25.746Z,POST,/customers/,200,1,108.044,38ed8168-9cf9-46e8-a2cb-4295c7e29a96
2026-07-22T15:24:25.753Z,POST,/orders/,200,1,103.203,4c4f63f4-cc62-476c-9af7-5a35e1f7af4b
2026-07-22T15:24:25.752Z,POST,/cars/,200,1,107.888,8bfe3067-cb9e-419b-849f-6513d87333c8
2026-07-22T15:24:25.358Z,POST,/workers/,200,1,505.455,92c844cc-f5b4-4100-b2ce-04c04583dac5
2026-07-22T15:24:23.765Z,GET,/work/c97101ea-307a-4f99-81e3-4bfb3b9f852f,200,1,2133.186,7949ac8c-c588-4497-95ab-fd5a713c8e47
2026-07-22T15:24:25.789Z,POST,/workers/,200,1,114.154,e9a4e915-4b1d-4f14-8e77-7ff86bf108d8
2026-07-22T15:24:25.788Z,POST,/workers/,200,1,115.515,2dd1aafc-e2ab-4166-9ae8-143048825181
2026-07-22T15:24:25.120Z,GET,/users/?page=1&pageSize=10,200,1,795.468,512be4ac-fa87-43e0-ab15-6766a7581837
2026-07-22T15:24:25.807Z,POST,/orders/,200,1,112.199,441ea8f6-42e5-4d19-9b22-d18ee6fdbb9f
2026-07-22T15:24:25.805Z,PATCH,/orders/set-priority,200,1,114.863,6b7c9478-c7ad-49f7-b997-a41b78dbfcc6
2026-07-22T15:24:25.003Z,GET,/orders/?page=1&pageSize=10,200,1,917.359,048a19e2-626f-4f92-a97e-2a968118c998
2026-07-22T15:24:25.427Z,GET,/customers/?page=1&pageSize=10,200,1,497.195,da22830c-8260-46a1-b5c8-674ad7f1ac4f
2026-07-22T15:24:25.814Z,PATCH,/cars/record-mileage,200,1,114.206,75c71bce-a43d-4e45-a31c-d5deb00b7117
2026-07-22T15:24:25.807Z,PATCH,/orders/set-priority,200,1,128.441,a6f4cea8-cb82-4004-b6cf-18e07b1ff1f1
2026-07-22T15:24:25.812Z,POST,/workers/,200,1,124.023,bf99a510-cc40-4816-9959-386cea96dc45
2026-07-22T15:24:25.822Z,POST,/users/,200,1,113.813,9d7c8ee8-7788-49d1-9591-79ea5c228012
2026-07-22T15:24:25.822Z,PATCH,/cars/record-mileage,200,1,126.933,0a125727-4a63-41bd-99e0-43fc322534bf
2026-07-22T15:24:25.834Z,POST,/users/,200,1,120.240,284f5f14-5731-4a1c-950b-aa8a4c6a4327
2026-07-22T15:24:25.512Z,POST,/users/,200,1,463.003,5432d4ec-aaa1-43ea-afb5-dc9068dd3b93
2026-07-22T15:24:25.853Z,POST,/workers/,200,1,122.286,0d1d8c7a-dce9-415b-9c03-e7cfb25e7931
2026-07-22T15:24:25.855Z,PATCH,/customers/rename,200,1,120.283,0c16f22c-281b-4a41-bee9-8100204ddda3
2026-07-22T15:24:25.862Z,POST,/work/,200,1,119.348,7bedc830-e6cc-4006-bc26-898fa1489cb3
2026-07-22T15:24:24.619Z,GET,/users/8dac00c0-5363-415b-b70c-e6783ae05a36,200,1,1366.227,163952e5-eee1-4f0f-975b-8ff95f3f1a07
2026-07-22T15:24:25.870Z,POST,/users/,200,1,130.275,7a3eb8cd-c508-4ad2-8f9f-7874b9848f2c
2026-07-22T15:24:25.871Z,POST,/cars/,200,1,129.516,d3b2686f-4c25-4607-adeb-81be59525555
2026-07-22T15:24:25.880Z,POST,/users/,200,1,127.819,28553eaf-686c-420f-894b-314b5e6a560b
2026-07-22T15:24:24.805Z,GET,/workers/?page=1&pageSize=10,200,1,1230.141,b133feff-a298-4c09-9b4b-8c3383c71cd7
2026-07-22T15:24:25.907Z,PATCH,/work/set-estimate,200,1,136.036,94815faf-2824-4e3a-9cfc-02ca0013502c
2026-07-22T15:24:25.922Z,POST,/orders/,200,1,122.246,895e0541-0ccd-4dc4-b9ad-27e554889483
2026-07-22T15:24:25.172Z,GET,/workers/85d2d771-7a72-49ee-ab3b-a08cb41d1c97,200,1,913.222,41590f89-3c3e-4e02-bb5a-3d11416b2bac
2026-07-22T15:24:25.038Z,GET,/customers/173f8cec-384b-49f5-900b-e317bc202d67,200,1,1049.011,cfe93b21-6f3f-46c4-864c-22d96d896cdf
2026-07-22T15:24:25.398Z,GET,/customers/?page=1&pageSize=10,200,1,743.504,5afac889-703b-471b-84f0-815fe00a0115
2026-07-22T15:24:21.900Z,GET,/customers/?page=1&pageSize=10,200,1,4242.959,5b2ce5ae-0d96-47ae-86bd-f4c101888d2e
2026-07-22T15:24:24.043Z,GET,/customers/25a697b6-a9f5-47bb-ab3b-79b6f3c71107/with-cars,200,1,2114.671,c3d6e1c6-87d5-4a96-a21a-3220f71b3072
2026-07-22T15:24:25.951Z,POST,/users/,200,1,211.885,fa23611b-25ab-4302-9b43-b754fa023e96
2026-07-22T15:24:25.940Z,POST,/cars/,200,1,230.487,98402519-cc8b-4b70-a73c-4282b10b4030
2026-07-22T15:24:25.960Z,POST,/work/,200,1,210.760,0c921b35-e992-41eb-9301-b7e63326850d
2026-07-22T15:24:25.952Z,POST,/work/,200,1,219.172,2a17a853-779b-4be1-a2db-f2029b40422b
2026-07-22T15:24:25.984Z,POST,/workers/,200,1,204.344,a31f210b-18dc-4a82-8b24-1768bda0e360
2026-07-22T15:24:26.020Z,POST,/orders/,200,1,180.574,498e1995-71f8-43c5-80aa-e8c0856d94f3
2026-07-22T15:24:25.963Z,PATCH,/customers/rename,200,1,242.449,d79837c7-4215-427c-8544-8cfa0c5be2b5
2026-07-22T15:24:25.986Z,POST,/orders/,200,1,219.959,33176651-fef5-4ab8-9610-e70e184f6b3a
2026-07-22T15:24:26.030Z,POST,/work/,200,1,176.245,343c4bbf-4e5d-4e18-9818-984db80d2db0
2026-07-22T15:24:25.982Z,PATCH,/users/change-password,200,1,224.014,0199ac11-066f-43d7-95db-cd03c661a5fb
2026-07-22T15:24:25.363Z,GET,/work/a3365fe4-eb8a-4b98-9b5b-3c12ccb7a3bd,200,1,843.160,7d897fe5-42bf-48d4-9f6f-3d981287e69f
2026-07-22T15:24:24.823Z,GET,/workers/76e184cb-28f1-4984-8fe8-dbcb4d656b7f,200,1,1384.387,6bd88d41-32b4-4775-b0e6-823b7835cbc7
2026-07-22T15:24:24.096Z,GET,/users/?page=1&pageSize=10,200,1,2112.246,5d6d389b-0d07-4843-a43a-5a58b955a654
2026-07-22T15:24:25.985Z,PATCH,/orders/set-priority,200,1,223.507,020a4329-d8a6-4ce1-a362-58aed134d62c
2026-07-22T15:24:26.001Z,PATCH,/customers/change-contacts,200,1,219.857,dba79d0f-73c1-4023-8393-c630c1ccf7cb
2026-07-22T15:24:26.005Z,PATCH,/workers/change-hourly-rate,200,1,217.001,70cca399-f10e-4f72-be2c-8286df6318d5
2026-07-22T15:24:26.045Z,POST,/work/,200,1,179.582,fc77cc3a-1542-42d3-966c-454f4bb3d917
2026-07-22T15:24:25.392Z,GET,/customers/44af28f7-e75a-4b84-bfbd-cb83e0c5332b/with-cars,200,1,854.927,00be6c2a-2f64-45fc-b124-74d466c7c162
2026-07-22T15:24:24.413Z,GET,/customers/1afc90ee-f737-44f4-a37c-e4f9610667da/with-cars,200,1,1839.971,8be60d0e-9ae5-450c-a162-51ba65b203fd
2026-07-22T15:24:21.373Z,GET,/customers/?page=1&pageSize=10,200,1,4889.118,7bba7ca6-de6b-4131-8404-be4735111f7a
2026-07-22T15:24:26.029Z,PATCH,/workers/change-role,200,1,238.789,433fb86a-a1d1-4805-bcc3-f32f610a0832
2026-07-22T15:24:26.080Z,POST,/customers/,200,1,205.860,41833bc4-a6d2-4649-87ee-89807b9eca9d
2026-07-22T15:24:26.102Z,POST,/users/,200,1,196.256,d0ea9b13-e7a3-47c1-87a4-1958ce9e2504
2026-07-22T15:24:26.082Z,POST,/cars/,200,1,217.135,e0d22d5e-bbf2-452b-8f7b-7c83a367bf55
2026-07-22T15:24:22.093Z,GET,/work/?page=1&pageSize=10,200,1,4208.437,3a72da99-b2c7-4b38-9bbe-3e51151a881b
2026-07-22T15:24:26.111Z,POST,/orders/,200,1,193.113,d2c79f0d-7849-4a78-a184-d47d8456b5bc
2026-07-22T15:24:26.099Z,POST,/customers/,200,1,205.802,fd0ec452-26e5-48d2-836f-1592696527e9
2026-07-22T15:24:25.497Z,GET,/workers/22d78c57-0e49-492c-9067-66f7d6521dcc,200,1,810.770,b5dd6d26-aa49-4674-b569-80191b1e7fae
2026-07-22T15:24:26.113Z,PATCH,/workers/change-role,200,1,197.254,6292eed2-0543-427e-a380-6a9d3cd888b6
2026-07-22T15:24:23.639Z,GET,/users/1863d2f4-a956-4fef-a10a-7ba969469982,200,1,2672.032,9ff6e1ad-4bbc-45b2-8691-31dd2b522272
2026-07-22T15:24:26.150Z,POST,/workers/,200,1,162.253,4fc02fba-776c-4e3a-9ca4-b569f6c4988e
2026-07-22T15:24:26.151Z,POST,/users/,200,1,161.785,0a1a27c7-3950-4164-b6bc-f706478fc71e
2026-07-22T15:24:23.900Z,GET,/users/339d768b-3fc1-40a9-99bd-89dac11a0a01,200,1,2413.315,b9a74f2c-40c2-4b0b-b944-ece04770cb28
2026-07-22T15:24:26.111Z,PATCH,/customers/rename,200,1,222.262,5452345f-99ea-4e4a-a944-36c7de7ff038
2026-07-22T15:24:26.147Z,PATCH,/work/change-description,200,1,186.513,941bb870-0634-4251-b7b8-004d940cd3f2
2026-07-22T15:24:26.152Z,PATCH,/work/change-title,200,1,186.573,7ad209fc-8edf-4ca1-80ba-8a27b3dba84e
2026-07-22T15:24:26.177Z,POST,/orders/,200,1,168.244,741248df-6f08-4a85-b566-a35969062486
2026-07-22T15:24:26.171Z,POST,/customers/,200,1,178.845,6f8c2b95-b041-406f-99fc-e377e3f08ca3
2026-07-22T15:24:26.193Z,PATCH,/workers/change-hourly-rate,200,1,165.812,1a98422e-aeb8-4b7b-b9e8-43cf8b219e30
2026-07-22T15:24:26.181Z,POST,/cars/,200,1,180.152,878f7d1a-8c5b-4e31-a949-cec60f63c1b8
2026-07-22T15:24:26.190Z,PATCH,/orders/apply-discount,200,1,175.460,80a89339-1662-4597-94e2-9897dda94b31
2026-07-22T15:24:26.242Z,POST,/cars/,200,1,137.711,03dfa1d9-2838-4321-b139-63795c05d28b
2026-07-22T15:24:26.246Z,PATCH,/cars/record-mileage,200,1,137.184,38ed35e2-4949-40a7-b0ec-5b4b9c5e4996
2026-07-22T15:24:26.259Z,POST,/workers/,200,1,129.776,b4c3a7d1-d1f7-422a-a78b-05618211e499
2026-07-22T15:24:25.592Z,GET,/orders/?page=1&pageSize=10,200,1,803.421,3b2601b7-bf4e-4935-b72a-b531c998f7e5
2026-07-22T15:24:24.067Z,GET,/workers/?page=1&pageSize=10,200,1,2360.248,13e58eec-80d7-4dea-8579-4511e25eb5fb
2026-07-22T15:24:26.299Z,POST,/workers/,200,1,132.481,6e878548-f46f-4531-97fc-a6bb1ccd9bb9
2026-07-22T15:24:26.310Z,POST,/workers/,200,1,132.078,6ddd643f-5fe5-4aa8-99bb-eb70e89142ea
2026-07-22T15:24:26.164Z,GET,/workers/?page=1&pageSize=10,200,1,282.048,935ddbfe-c54f-46aa-8ba3-ada66de9f866
2026-07-22T15:24:26.313Z,PATCH,/users/change-password,200,1,134.048,e8e9f816-9f7c-441c-8e30-e7177de8865a
2026-07-22T15:24:26.317Z,POST,/workers/,200,1,130.222,3f0f6d3b-27d3-4528-8872-ac8c4db61a15
2026-07-22T15:24:24.525Z,GET,/customers/?page=1&pageSize=10,200,1,1922.716,2f65a389-0676-470b-8d07-eca9039bfd53
2026-07-22T15:24:26.329Z,POST,/orders/,200,1,119.840,89c818ae-85ae-4df7-8abb-43aef3cf5b7f
2026-07-22T15:24:26.338Z,POST,/workers/,200,1,130.033,bb843f2e-e100-460c-bdb9-0fdd1f89c3ef
2026-07-22T15:24:26.340Z,POST,/work/,200,1,129.932,eef72388-c735-441f-8cc8-a59af509e7dd
2026-07-22T15:24:22.987Z,GET,/workers/?page=1&pageSize=10,200,1,3490.302,566b4c0e-f97b-4fc0-92c9-37a84c5c85a5
2026-07-22T15:24:26.341Z,POST,/work/,200,1,136.940,4037d4c0-2f9d-4804-9df3-9902a6af19ab
2026-07-22T15:24:26.344Z,POST,/orders/,200,1,134.186,9e7a1225-21d6-479f-a01e-a34a9367cba6
2026-07-22T15:24:25.544Z,GET,/work/?page=1&pageSize=10,200,1,936.258,54dbbcd6-5be1-42ca-ba4c-55b654dc4847
2026-07-22T15:24:26.357Z,POST,/orders/,200,1,139.910,ac4cc375-ba58-4ae1-a9b4-d671dd5cb35c
2026-07-22T15:24:26.363Z,PATCH,/orders/set-priority,200,1,134.067,fe03b0e5-6cce-46ad-ab2d-c1ee0fef64f2
2026-07-22T15:24:26.349Z,PATCH,/orders/set-priority,200,1,148.241,e25b66c1-7712-448b-acab-9d13fc51fa30
2026-07-22T15:24:26.353Z,POST,/users/,200,1,152.071,cbdd38db-1ee6-42cf-9483-7149bab4eba0
2026-07-22T15:24:26.368Z,POST,/workers/,200,1,136.714,310dedbc-5fe4-47be-8085-9614bfd3f103
2026-07-22T15:24:26.387Z,POST,/customers/,200,1,128.921,94611dff-b781-4305-a802-021d18d93ef3
2026-07-22T15:24:26.397Z,PATCH,/customers/change-contacts,200,1,121.997,e0549ce3-b6ab-4cf0-be65-cfb37757867a
2026-07-22T15:24:26.417Z,POST,/work/,200,1,121.380,db69bc53-6d93-4c12-85ec-0ac616e6e966
2026-07-22T15:24:26.418Z,POST,/cars/,200,1,122.210,381d2536-217b-414a-8cae-1095fb225b96
2026-07-22T15:24:25.841Z,GET,/work/a181e823-f75c-493f-8db1-3b7ca91613ed,200,1,717.383,f6b0c5a9-fed9-4c55-a127-f62a2a8b7a8c
2026-07-22T15:24:26.429Z,POST,/cars/,200,1,130.888,704fbe07-cbd8-43ce-b6ca-890cf483719a
2026-07-22T15:24:26.436Z,POST,/work/,200,1,126.665,868024f3-11d9-4efd-a18c-11f2eebcb1bc
2026-07-22T15:24:26.435Z,POST,/customers/,200,1,127.942,f3ba3b1e-6572-43e3-aa0f-a720230d9080
2026-07-22T15:24:26.432Z,POST,/customers/,200,1,130.766,c0f358ad-c1a0-434f-9a40-19e643ffff4a
2026-07-22T15:24:26.437Z,POST,/orders/,200,1,134.849,36fd65d1-b4cb-458b-8624-cca20fab8500
2026-07-22T15:24:26.443Z,PATCH,/work/change-title,200,1,139.443,35c4e5a8-1421-4b0b-9ddd-88a852d58f5b
2026-07-22T15:24:26.013Z,POST,/cars/,200,1,569.398,bbb1eff9-7fee-4491-ac8f-e4f9eb9c9d60
2026-07-22T15:24:26.454Z,PATCH,/orders/set-priority,200,1,134.838,6133551a-6dee-488c-a35e-bf5a1453b3bd
2026-07-22T15:24:25.389Z,GET,/workers/11448332-d1a1-4710-b505-9cf020983920,200,1,1202.642,dbc374f9-84dc-4a43-b54c-fdb1d6627483
2026-07-22T15:24:26.463Z,POST,/customers/,200,1,131.072,6a5ea6c7-d214-4d69-887d-10fd51b31e94
2026-07-22T15:24:26.470Z,POST,/workers/,200,1,124.402,74a9eacd-1820-4ada-bb4c-689044fc76ef
2026-07-22T15:24:26.475Z,POST,/orders/,200,1,118.841,077f4233-43bd-4ab0-b9f1-cb6bb05c262f
2026-07-22T15:24:26.476Z,POST,/work/,200,1,118.600,2c0439b5-94ee-42d6-b8bc-1dfb4d8e55b4
2026-07-22T15:24:25.212Z,GET,/customers/838ff0b1-c717-486e-95cb-ae2a3323b52a/with-cars,200,1,1383.294,dbb3d79f-f252-4eda-97d8-489859ac9710
2026-07-22T15:24:26.495Z,POST,/customers/,200,1,114.056,7da98e5a-93d1-4687-a04a-9a053c9b7345
2026-07-22T15:24:26.496Z,PATCH,/users/change-password,200,1,117.767,46a1cd24-e029-48b9-baf2-b13a4eaacb94
2026-07-22T15:24:26.081Z,POST,/work/,200,1,535.206,2c34ff9d-7c68-492c-946c-ac00ae4c6430
2026-07-22T15:24:25.810Z,GET,/workers/8f14f53e-fc2d-4dae-87f3-f7d6acb034b9,200,1,805.939,a73cf772-288d-4e63-aea6-d63a57f6fe32
2026-07-22T15:24:26.510Z,POST,/work/,200,1,126.090,b04c38bd-08d9-4d5c-a4f1-37c15c139dab
2026-07-22T15:24:26.515Z,PATCH,/customers/change-contacts,200,1,123.750,4dbd981e-dadc-41fe-8aa3-a750fc43c80a
2026-07-22T15:24:26.528Z,POST,/users/,200,1,129.901,364016da-d80c-44cd-bff7-10b5a782346f
2026-07-22T15:24:26.530Z,PATCH,/workers/change-role,200,1,130.715,6a34c3bc-827d-4696-baac-fdfbd54e66ca
2026-07-22T15:24:26.534Z,POST,/users/,200,1,128.346,10672e33-239f-4320-9349-0d32688128d9
2026-07-22T15:24:26.549Z,POST,/customers/,200,1,140.126,be0d4ac5-c43f-4770-ae65-b8b8f69140c3
2026-07-22T15:24:26.548Z,POST,/orders/,200,1,141.374,c3d1b512-31c2-49ff-bb33-086eac698a43
2026-07-22T15:24:26.553Z,PATCH,/customers/rename,200,1,136.452,2379f1ad-bc8e-4a21-8f53-512305ce2567
2026-07-22T15:24:26.564Z,PATCH,/work/set-estimate,200,1,137.343,1bd8c660-5bfb-49a9-af98-43fc14bdfe57
2026-07-22T15:24:26.579Z,POST,/work/,200,1,130.130,84e6e989-b595-4c62-863f-0171444a4d04
2026-07-22T15:24:25.076Z,GET,/work/45a2ad68-90c6-4581-aa2a-1384d2f92e93,200,1,1637.975,1fa514b5-ef26-4dba-bc0c-eaa33446caba
2026-07-22T15:24:26.589Z,POST,/cars/,200,1,129.325,fe68e88b-8b5b-40b2-aa24-1a0589dd24e8
2026-07-22T15:24:26.591Z,PATCH,/workers/change-hourly-rate,200,1,131.729,f3893739-37d3-478a-ab0a-ecd83f2f6b4d
2026-07-22T15:24:26.605Z,PATCH,/workers/change-hourly-rate,200,1,123.643,53102e92-8b0d-4349-8fb9-f58804c009a3
2026-07-22T15:24:26.617Z,PATCH,/orders/set-priority,200,1,117.026,bd84326d-b778-48b1-97b3-a70f4f08eefe
2026-07-22T15:24:26.623Z,POST,/orders/,200,1,126.976,045c9171-9bb5-48e5-aa40-86b1e836add1
2026-07-22T15:24:26.624Z,PATCH,/customers/rename,200,1,126.697,29fd0c4c-d229-4a74-b526-a51458976cf5
2026-07-22T15:24:26.653Z,POST,/workers/,200,1,123.306,a30fdb62-8f5a-41bb-b8dd-eb043a2437f1
2026-07-22T15:24:26.654Z,POST,/customers/,200,1,122.424,ccba8496-2f10-4e62-8f27-5a0c6f2e3e02
2026-07-22T15:24:26.652Z,POST,/workers/,200,1,125.030,2bd029f9-d6b9-45b1-a4f1-e875370ecb38
2026-07-22T15:24:26.658Z,POST,/customers/,200,1,123.512,cf2a9414-1b19-4096-9a70-d920d7cf4bf0
2026-07-22T15:24:26.679Z,POST,/cars/,200,1,121.123,4372f615-4f61-4d4e-95b3-1794595854cc
2026-07-22T15:24:26.682Z,PATCH,/customers/change-contacts,200,1,124.452,ca266991-3255-4e71-a707-eef888136ae8
2026-07-22T15:24:26.335Z,POST,/orders/,200,1,471.630,76e15184-e388-49e1-8c4a-1babb0366c24
2026-07-22T15:24:26.702Z,PATCH,/workers/change-hourly-rate,200,1,119.449,a16c9e0d-cc57-48a6-8fc7-e6661be5a17a
2026-07-22T15:24:25.646Z,GET,/orders/bd53ca8e-d272-4b44-9c1e-1673880819f3,200,1,1178.119,bf51cb56-0534-4076-937a-e45b943e2bc6
2026-07-22T15:24:26.717Z,PATCH,/customers/change-contacts,200,1,115.099,2e338f6e-9431-4d61-9adb-64e6e3f023f7
2026-07-22T15:24:26.724Z,POST,/customers/,200,1,146.960,7b30a60f-5f8c-424f-9cdb-d6c8eba8d1e4
2026-07-22T15:24:25.603Z,GET,/orders/8e9e9458-5372-466a-9960-5f3c076e0269,200,1,1283.048,471c9c91-d80a-4a64-b153-0e8192a34bd8
2026-07-22T15:24:26.517Z,GET,/orders/?page=1&pageSize=10,200,1,371.812,1ddba988-23c5-4efd-ab1c-f031041598ad
2026-07-22T15:24:26.734Z,POST,/cars/,200,1,155.791,7dd463de-65ec-47ba-a1db-e6fd43162804
2026-07-22T15:24:26.737Z,POST,/work/,200,1,153.248,18327a2e-6699-4ad7-b07c-b405e0afb604
2026-07-22T15:24:25.963Z,GET,/orders/?page=1&pageSize=10,200,1,936.146,955e0fea-7e72-4016-af14-d33bfee8040a
2026-07-22T15:24:26.753Z,PATCH,/work/change-title,200,1,147.387,d6caa7d7-9897-4430-8a11-7fe81ffe58c8
2026-07-22T15:24:26.780Z,POST,/cars/,200,1,133.138,ffd2c236-711d-4493-859f-9b8f5d3bc4ce
2026-07-22T15:24:26.020Z,GET,/orders/?page=1&pageSize=10,200,1,904.522,84530e9b-c5a8-4cff-9f52-4fae4616d2ca
2026-07-22T15:24:26.446Z,GET,/customers/734fb336-632b-417d-94af-0eca9640d6e4/with-cars,200,1,490.965,0b6d24b1-ce84-477c-b8b0-06881d2fc536
2026-07-22T15:24:26.790Z,POST,/cars/,200,1,154.233,d5aed566-b075-4b49-98fe-ea5f54d36d98
2026-07-22T15:24:26.363Z,GET,/workers/?page=1&pageSize=10,200,1,581.674,7961d289-9351-49c4-aaa9-8ac482a82a5a
2026-07-22T15:24:25.664Z,GET,/work/37fa6307-9386-4a95-9647-6df4db79fd33,200,1,1282.318,ef4cde9f-8113-475e-9ee6-a41b29bab06a
2026-07-22T15:24:26.822Z,POST,/cars/,200,1,126.284,9e22f861-0a10-43ac-8e44-2c8561865f62
2026-07-22T15:24:26.830Z,POST,/users/,200,1,120.397,3a64ac9b-f174-4ed4-b58d-96362a40a1c7
2026-07-22T15:24:26.829Z,POST,/customers/,200,1,124.326,9a11bd51-6fe9-43ab-8bc4-3f5e18dd4326
2026-07-22T15:24:26.837Z,POST,/cars/,200,1,116.661,6f3acbd4-6f40-428a-9a86-f625f68b172a
2026-07-22T15:24:26.851Z,POST,/cars/,200,1,114.745,d2123ecd-6f44-48af-ba8e-66775a05c957
2026-07-22T15:24:25.181Z,GET,/workers/8ba57c7b-a536-4d4e-bc5c-309bb48dda32,200,1,1792.376,6ac529a8-e7c7-42e4-b2ff-3ee7d4c93c4d
2026-07-22T15:24:26.409Z,GET,/customers/?page=1&pageSize=10,200,1,592.012,8574faed-0bbb-4e50-9cb4-df31750fb7d8
2026-07-22T15:24:26.887Z,PATCH,/users/change-password,200,1,123.356,0d44ced8-4312-4130-888b-077aa0832be2
2026-07-22T15:24:26.888Z,POST,/workers/,200,1,124.067,c19dfd97-eb82-465a-8c11-86468734306f
2026-07-22T15:24:22.686Z,GET,/customers/87f5e7d8-54f6-4fa2-bc03-8d75360bd38e/with-cars,200,1,4326.673,c8a380ec-46a7-4180-a27a-3302e1c93530
2026-07-22T15:24:26.210Z,GET,/cars/aecfcaa0-d655-408c-8e48-4f9459ff36b1,200,1,838.056,a74e6603-8a5f-41c3-946f-8844f0de22d4
2026-07-22T15:24:26.929Z,POST,/work/,200,1,120.289,ae221811-3b08-4e6c-8585-471b7056f6f2
2026-07-22T15:24:26.933Z,POST,/cars/,200,1,117.319,0e1d2689-b944-46e0-9824-35730bfaa330
2026-07-22T15:24:26.942Z,POST,/workers/,200,1,114.310,a3b1def4-3b1f-44ea-ac85-dda61b12f0ee
2026-07-22T15:24:25.868Z,GET,/customers/96a0700d-4a03-4e97-a028-b6558e93a10c,200,1,1190.267,c62c7d5b-4910-4415-88be-bc1b25ec4563
2026-07-22T15:24:23.484Z,GET,/cars/?page=1&pageSize=10,200,1,3576.568,18b42bf0-39ee-44de-8e05-5d2f149f934e
2026-07-22T15:24:26.628Z,POST,/work/,200,1,434.103,9325415c-0056-4c8c-bba6-425398e47ca2
2026-07-22T15:24:26.946Z,POST,/users/,200,1,128.271,dfb8f9d0-1857-4e53-9018-b4dc6fb803e6
2026-07-22T15:24:26.949Z,PATCH,/customers/rename,200,1,126.498,ad7a83c3-aa60-443f-9d13-a4aed8345181
2026-07-22T15:24:26.952Z,POST,/orders/,200,1,122.957,5f978ad4-05ac-48d0-ad43-e684b48e85d9
2026-07-22T15:24:26.965Z,PATCH,/work/change-title,200,1,119.618,13fe6ef1-b18a-494e-9360-259f161a5c06
2026-07-22T15:24:26.632Z,POST,/users/,200,1,462.739,de60e70f-684c-4384-a41c-b93679d8ac58
2026-07-22T15:24:26.972Z,POST,/cars/,200,1,127.146,cdc863f3-617c-442b-be20-a86eb15aef8f
2026-07-22T15:24:25.991Z,GET,/workers/?page=1&pageSize=10,200,1,1112.965,c9385108-bf02-4b23-8dc4-fe45c792dab5
2026-07-22T15:24:26.990Z,POST,/orders/,200,1,116.726,15705344-fdfb-41b3-b30b-900dd86b32db
2026-07-22T15:24:27.002Z,PATCH,/orders/apply-discount,200,1,107.206,21ac8b88-3aca-405d-a55a-86a699d3366e
2026-07-22T15:24:27.000Z,PATCH,/customers/change-contacts,200,1,109.024,529b8cd6-b14f-4be7-9ae6-939fedcde626
2026-07-22T15:24:26.050Z,GET,/users/562bf9c6-ff0b-487b-9f9f-3db45ea4a26b,200,1,1084.903,61377d0a-dfef-48da-885a-c4b6458eafa6
2026-07-22T15:24:25.735Z,GET,/users/72ec3e31-dae7-40ff-96af-32d5228819d9,200,1,1430.288,83d80e04-b2d3-446c-b451-4b3eaf7c4344
2026-07-22T15:24:27.061Z,POST,/cars/,200,1,124.199,aa97a261-61c5-4cb6-9609-6242594384e6
2026-07-22T15:24:25.346Z,GET,/users/?page=1&pageSize=10,200,1,1844.035,ece7e99b-194a-4389-a8cf-eebcf6060ee4
2026-07-22T15:24:27.067Z,POST,/users/,200,1,125.708,2981c54f-0684-477c-9bb6-8f27f3515046
2026-07-22T15:24:27.068Z,POST,/work/,200,1,124.897,7b8a1bfc-f6b9-4e5f-892e-805c40e8c8b1
2026-07-22T15:24:27.073Z,POST,/workers/,200,1,127.340,6dc52fc2-bc75-4c19-9f24-b7d65040b749
2026-07-22T15:24:27.077Z,POST,/work/,200,1,128.953,265eec0e-c0ac-4bb8-a010-188e7839ad60
2026-07-22T15:24:27.078Z,POST,/customers/,200,1,134.123,d7a78585-c463-41f3-90ec-463548ea7736
2026-07-22T15:24:27.079Z,POST,/orders/,200,1,134.328,16b895c8-b049-4912-8534-2c3bce311770
2026-07-22T15:24:27.080Z,POST,/cars/,200,1,133.261,b39b61ea-2fa7-42ae-9277-dfa003288e22
2026-07-22T15:24:26.404Z,GET,/workers/5041e750-2b89-4dde-9347-ccb7bbc42db5,200,1,814.993,6062a810-358a-478c-bdc2-4656b461eefe
2026-07-22T15:24:27.084Z,POST,/work/,200,1,135.597,87e15fa3-8ae6-4bba-876d-e21526bd3095
2026-07-22T15:24:26.100Z,GET,/cars/?page=1&pageSize=10,200,1,1121.806,c6a0e605-e147-411d-ad46-6b731ccb03d5
2026-07-22T15:24:27.084Z,PATCH,/orders/set-priority,200,1,139.514,927358c1-112c-4e2a-81c7-a1c7b6844939
2026-07-22T15:24:26.890Z,GET,/workers/11448332-d1a1-4710-b505-9cf020983920,200,1,342.229,d1981407-dc93-40ec-a089-264647562a02
2026-07-22T15:24:27.092Z,POST,/work/,200,1,141.460,a900d801-57c0-4fb0-bbf5-34741d01d2be
2026-07-22T15:24:27.100Z,POST,/orders/,200,1,140.661,11a8ded7-ba76-40b9-880b-e1c87ce8931d
2026-07-22T15:24:27.095Z,PATCH,/users/change-password,200,1,149.255,a239a49d-0d14-44c3-a990-43b3d14e16ab
2026-07-22T15:24:27.094Z,POST,/work/,200,1,150.753,0d1fcb56-5216-42ba-ba60-92676c0d060a
2026-07-22T15:24:27.091Z,POST,/users/,200,1,154.115,f08aa1a6-4607-42be-9b71-e85732cea9f1
2026-07-22T15:24:27.100Z,PATCH,/customers/change-contacts,200,1,150.693,7f5564cc-7215-4494-8301-f3495dc9ec7f
2026-07-22T15:24:26.544Z,GET,/workers/cc3c21eb-fa5f-4756-8493-8809c04caed9,200,1,713.335,65e97388-0570-4fda-aa5d-61c703fdd987
2026-07-22T15:24:27.112Z,POST,/work/,200,1,146.538,e4b8f119-a739-4369-8564-8a9e5e7d1f45
2026-07-22T15:24:27.127Z,POST,/users/,200,1,132.938,fb6ab626-8722-422c-99c8-2210938ae587
2026-07-22T15:24:27.122Z,POST,/work/,200,1,137.965,1696d9bb-557a-4635-9746-261959593b3d
2026-07-22T15:24:27.126Z,POST,/cars/,200,1,143.472,366d1c9f-0832-48d4-a9bd-c7443386e70e
2026-07-22T15:24:23.865Z,GET,/cars/d3b12c45-9d04-45a9-b7b7-3bb66eb44c10,200,1,3411.557,4f42a476-355a-4327-8c90-66d99241a56c
2026-07-22T15:24:25.303Z,GET,/customers/2eefcc1e-bc59-452e-8670-15f26ca99717,200,1,1974.436,91fad302-25ae-4f60-ad2a-86b1cdc5f5ba
2026-07-22T15:24:27.144Z,PATCH,/orders/set-priority,200,1,134.385,79841830-0c1d-4926-9ec5-9218f63793e4
2026-07-22T15:24:27.146Z,PATCH,/customers/rename,200,1,133.189,892d7119-09f7-41ab-9870-d51a20110d85
2026-07-22T15:24:27.150Z,POST,/work/,200,1,128.889,5a9181a4-66da-4546-9319-5f944951b360
2026-07-22T15:24:27.153Z,POST,/customers/,200,1,137.602,50c8b28d-3dd9-496e-bc1b-f25f9b6cbd05
2026-07-22T15:24:27.157Z,POST,/cars/,200,1,134.848,1800b1dd-72da-4c42-991d-50f9dac4cf44
2026-07-22T15:24:27.165Z,POST,/customers/,200,1,132.871,b7b4a3e7-6d05-47f8-9a40-7f49a635c22d
2026-07-22T15:24:27.187Z,PATCH,/customers/rename,200,1,120.067,94c6d34a-2c39-4498-b74f-d1361994ba61
2026-07-22T15:24:27.198Z,POST,/workers/,200,1,119.923,922b3a98-5cc0-4b48-871c-5c708a28fe85
2026-07-22T15:24:27.213Z,POST,/customers/,200,1,116.047,0b12e8de-1bd1-4d6a-b9ab-e5ffb57b9f18
2026-07-22T15:24:27.217Z,POST,/workers/,200,1,114.633,8a6e198c-9a52-4956-b6b3-95db0bcb6986
2026-07-22T15:24:25.265Z,GET,/customers/?page=1&pageSize=10,200,1,2067.596,4d1ece02-6278-4a90-a7b5-71a940490d96
2026-07-22T15:24:27.225Z,POST,/users/,200,1,112.914,c37b93c3-6eba-4b1e-b742-a619b0cc703e
2026-07-22T15:24:25.480Z,GET,/workers/?page=1&pageSize=10,200,1,1861.749,dd3e8c14-88dc-44ce-ab61-303c6f577715
2026-07-22T15:24:23.412Z,GET,/customers/14fcffa7-2f3d-4d53-be07-89e1ca8501d6,200,1,3930.858,c82c40a3-e04b-442d-834f-c50e1d001ae4
2026-07-22T15:24:27.230Z,POST,/users/,200,1,113.798,c64772bb-a1e8-4cb4-bc3b-7779aa7622a9
2026-07-22T15:24:24.920Z,GET,/users/?page=1&pageSize=10,200,1,2438.684,ec59749d-cad8-4367-92e0-6d3f4b57faec
2026-07-22T15:24:21.475Z,GET,/customers/?page=1&pageSize=10,200,1,5886.502,569f44e3-fd43-4b44-84bc-3b39f59c7952
2026-07-22T15:24:27.234Z,POST,/customers/,200,1,135.693,742a07af-9386-4f93-8bab-6460f09ceaee
2026-07-22T15:24:25.705Z,GET,/customers/?page=1&pageSize=10,200,1,1669.087,6d461040-e115-4d63-a864-d2b446b9a7f9
2026-07-22T15:24:27.244Z,PATCH,/users/change-password,200,1,131.493,1b966167-17a9-4b38-bc67-bdddc03ed8fe
2026-07-22T15:24:27.250Z,POST,/customers/,200,1,128.352,b9476663-7358-4516-9390-709c22821ee5
2026-07-22T15:24:24.724Z,GET,/orders/3ddd19b5-29ba-4ec3-80c8-0f34dad92fef,200,1,2659.451,516afc3c-0162-40b0-96e0-9c1d6a4b0fc5
2026-07-22T15:24:27.259Z,PATCH,/orders/apply-discount,200,1,126.052,1b6d8dd0-79c3-4c59-83a2-1cc59c22b80d
2026-07-22T15:24:27.258Z,POST,/orders/,200,1,129.857,0e66ffb7-fde8-4f2a-a8a8-11920482f9fa
2026-07-22T15:24:27.260Z,PATCH,/workers/change-role,200,1,129.419,1ade3251-6133-42e1-973b-0f96e6d5999b
2026-07-22T15:24:27.055Z,GET,/work/71dfa8b8-efef-46b2-977d-29a091284be3,200,1,339.598,27692727-0fdd-463b-b108-dc356fea8bac
2026-07-22T15:24:27.274Z,PATCH,/customers/change-contacts,200,1,125.879,e59e945b-f636-496a-9efb-01e649ffeaf7
2026-07-22T15:24:27.284Z,PATCH,/work/set-estimate,200,1,117.137,52a99f28-028d-4aaa-8d83-46e707cb03e4
2026-07-22T15:24:26.126Z,GET,/customers/88ec498b-5fa0-4cad-9739-1c6cc100f421,200,1,1278.788,e0807438-d2b7-4d48-8d90-2cc89e9fd3fe
2026-07-22T15:24:27.301Z,PATCH,/users/change-password,200,1,112.132,2c781e2c-c83e-4cf5-9754-dcb6fd8c3509
2026-07-22T15:24:26.725Z,GET,/workers/?page=1&pageSize=10,200,1,691.546,e2e7d452-a0a6-48b0-9cc9-8493583161ec
2026-07-22T15:24:26.514Z,GET,/users/?page=1&pageSize=10,200,1,906.266,6ff859a6-fb9b-4a76-9db5-95ee69537b92
2026-07-22T15:24:27.305Z,PATCH,/work/change-description,200,1,116.734,c420b0a1-303d-4e22-856d-2ead1a06aaba
2026-07-22T15:24:27.311Z,PATCH,/cars/record-mileage,200,1,140.095,ec50e66f-5aaf-459d-837e-8ecbfd3a1efd
2026-07-22T15:24:27.310Z,PATCH,/workers/change-role,200,1,140.759,8b08e87f-f7f0-4a13-8b75-52e22c440595
2026-07-22T15:24:22.838Z,GET,/workers/?page=1&pageSize=10,200,1,4618.230,d1a56720-2a42-466b-90a5-b9461237a521
2026-07-22T15:24:27.328Z,POST,/users/,200,1,129.544,38a14d98-d8e5-43ca-b7d0-4fc64f780be0
2026-07-22T15:24:27.327Z,POST,/workers/,200,1,130.469,faef6a77-771d-4996-a5a4-0e172812ead2
2026-07-22T15:24:27.324Z,POST,/users/,200,1,133.635,10d34073-0fb4-4d96-aa6b-6cc2751e3779
2026-07-22T15:24:27.348Z,PATCH,/workers/change-hourly-rate,200,1,118.058,dee390a1-0a6b-4bc5-9907-6a68d8a45223
2026-07-22T15:24:27.360Z,PATCH,/workers/change-role,200,1,121.590,dfd93e92-0a96-4b97-b648-f183863202de
2026-07-22T15:24:27.368Z,POST,/users/,200,1,135.567,977067bc-6cb6-4b27-900b-86dfedd7fa9a
2026-07-22T15:24:27.371Z,POST,/work/,200,1,133.091,b64b180e-4dda-4128-ad5d-093bc8522e35
2026-07-22T15:24:27.372Z,POST,/orders/,200,1,131.484,4fd51bbd-12e5-4d90-b1f1-0c4bd150fa77
2026-07-22T15:24:27.372Z,PATCH,/work/set-estimate,200,1,141.488,1b07fe81-ccb7-4e7d-aac6-4416ab774238
2026-07-22T15:24:27.374Z,PATCH,/work/change-description,200,1,149.748,acb490f3-ea9c-41ba-91df-d106f75f479a
2026-07-22T15:24:27.388Z,POST,/orders/,200,1,140.238,27c1ddc4-4e9f-4669-baa5-8e69555790d8
2026-07-22T15:24:27.384Z,POST,/customers/,200,1,150.306,86c9423d-a7c5-4e7a-a4d3-b5435973cabd
2026-07-22T15:24:27.394Z,PATCH,/users/change-password,200,1,154.529,4a5cc00d-7e5f-49bf-a462-b9380caa0e20
2026-07-22T15:24:27.391Z,PATCH,/work/change-description,200,1,162.270,9875ecd1-0283-4606-b1f2-0562d3d20669
2026-07-22T15:24:25.047Z,GET,/orders/6188bfd6-ac46-4737-a8f5-670b0a3051c0,200,1,2517.647,666815d6-7549-4f9e-a77c-d09972a1ea64
2026-07-22T15:24:27.412Z,POST,/workers/,200,1,152.848,68773eb1-0e4b-4f61-889b-4b4005e2cd90
2026-07-22T15:24:27.412Z,PATCH,/orders/set-priority,200,1,160.853,5895ea6d-998e-4f7e-a75d-07c1bb4172e0
2026-07-22T15:24:27.413Z,PATCH,/work/change-title,200,1,160.471,9c3c39ec-9aa7-420f-95a6-476aebf17f0b
2026-07-22T15:24:27.233Z,GET,/cars/?page=1&pageSize=10,200,1,341.664,4cdfa394-64ff-4519-b810-a64a28f59d56
2026-07-22T15:24:27.414Z,PATCH,/cars/record-mileage,200,1,161.641,72b0ffa7-b131-4dfa-96ea-06a9a4a61c65
2026-07-22T15:24:27.421Z,POST,/work/,200,1,154.116,11a68e58-3c97-4f73-b959-0f65d08ba91b
2026-07-22T15:24:27.431Z,POST,/cars/,200,1,144.892,21993deb-ae5e-42f2-8ff8-f73931f2f53b
2026-07-22T15:24:27.440Z,POST,/orders/,200,1,139.268,1b5837d6-26b3-4c9d-902e-cf26f28007f1
2026-07-22T15:24:27.428Z,PATCH,/work/change-description,200,1,150.911,2ecc911c-d4a0-4542-a188-45bff2c01c8a
2026-07-22T15:24:27.432Z,POST,/work/,200,1,147.263,5e9cc946-6c44-47b2-92ac-f818307dc9f3
2026-07-22T15:24:24.896Z,GET,/customers/e779404c-7304-4eda-96b4-837f607555a4/with-cars,200,1,2684.358,89878b7c-7283-4c31-9777-5a76329ff858
2026-07-22T15:24:27.450Z,POST,/work/,200,1,134.368,2e51856a-c540-434b-927a-c3744a3d7028
2026-07-22T15:24:27.453Z,PATCH,/users/change-password,200,1,131.997,8ba85836-1733-4325-bf1b-fd4579631a7e
2026-07-22T15:24:27.471Z,POST,/work/,200,1,113.784,da362238-1aba-4870-b608-8c76d33827c0
2026-07-22T15:24:26.697Z,GET,/orders/16884def-3b51-4008-8601-341efea93af6,200,1,904.157,11b10205-26b8-40a4-ac78-5a01461d8725
2026-07-22T15:24:27.488Z,POST,/customers/,200,1,120.148,3f0cede7-954f-4895-b5c4-086a11fc9b73
2026-07-22T15:24:27.480Z,PATCH,/orders/apply-discount,200,1,129.990,6d4272aa-53bd-4e3b-9425-e3f9d7f2fd66
2026-07-22T15:24:27.475Z,POST,/customers/,200,1,136.905,d3375042-caf7-44a5-97f3-b2ac6f5f7353
2026-07-22T15:24:27.487Z,POST,/customers/,200,1,124.563,8d4e56e4-fd22-4f7e-a4af-569c868c23db
2026-07-22T15:24:23.699Z,GET,/orders/?page=1&pageSize=10,200,1,3921.788,1814d343-74f9-4b72-9b61-dcacaf666ea8
2026-07-22T15:24:27.510Z,POST,/work/,200,1,130.341,5cf2a610-3cd7-4109-90b2-4c44c6c68843
2026-07-22T15:24:27.310Z,GET,/users/?page=1&pageSize=10,200,1,336.632,02e3f7d7-41d4-46db-a331-64706a6c9805
2026-07-22T15:24:27.511Z,POST,/customers/,200,1,150.936,655cda5f-6378-4ce1-a567-305e1bdee656
2026-07-22T15:24:27.516Z,POST,/work/,200,1,182.109,3fb4b06a-0efc-44d2-872f-330ea0b7f622
2026-07-22T15:24:27.521Z,POST,/users/,200,1,176.740,5b9eb621-36d4-47e2-8b38-5e154f968646
2026-07-22T15:24:27.524Z,PATCH,/orders/apply-discount,200,1,194.654,2acb9ad2-2a99-4615-bd6c-2e698d8c5cb5
2026-07-22T15:24:27.541Z,POST,/users/,200,1,192.582,5264d0ce-8e92-4960-aa64-f2c6e28577f7
2026-07-22T15:24:27.570Z,POST,/workers/,200,1,167.015,f314ceb1-4684-4d0c-bfbd-45611c2c7892
2026-07-22T15:24:27.572Z,POST,/workers/,200,1,165.243,776b6377-fc68-4675-b5a9-1b1217df7d92
2026-07-22T15:24:27.571Z,POST,/orders/,200,1,166.131,f140915f-50c4-4412-8a5f-512fa8685cdb
2026-07-22T15:24:27.565Z,PATCH,/workers/change-hourly-rate,200,1,175.014,3a9d6857-fbb9-4bab-b8e7-5772fb322d66
2026-07-22T15:24:27.567Z,POST,/customers/,200,1,173.484,d2c0deec-30f2-469d-8378-995f28c340d7
2026-07-22T15:24:27.587Z,PATCH,/orders/set-priority,200,1,160.961,54ec55a2-3946-40e8-85a9-c4fbecf2bfdb
2026-07-22T15:24:27.590Z,PATCH,/customers/rename,200,1,173.005,9a3b0ec3-29f7-4dbc-9a2f-6bfe57cd68ec
2026-07-22T15:24:27.622Z,POST,/workers/,200,1,165.859,4d444072-e17e-4a61-8395-f51cfe5d9382
2026-07-22T15:24:27.597Z,POST,/cars/,200,1,192.044,ddbc5e09-d7b4-484e-90e0-2268ed82a509
2026-07-22T15:24:27.642Z,POST,/orders/,200,1,180.116,9bfa9545-e2e2-491c-ac59-6e847e4706d1
2026-07-22T15:24:27.632Z,PATCH,/workers/change-role,200,1,199.888,8c9b3f1f-cc4e-4c27-b44c-cd6afbd96a76
2026-07-22T15:24:27.648Z,PATCH,/work/change-title,200,1,184.790,8baf37a2-5d66-42f9-9a35-cf5785646a41
2026-07-22T15:24:27.661Z,PATCH,/work/change-title,200,1,171.972,a8f46f11-83df-4c11-a46d-f918da37a6e6
2026-07-22T15:24:27.648Z,POST,/customers/,200,1,184.879,48f6fccf-a645-44e3-88ae-3801a48d18b6
2026-07-22T15:24:27.654Z,POST,/orders/,200,1,179.463,8bab71b8-429e-41cf-b229-3e9298a519c2
2026-07-22T15:24:27.705Z,PATCH,/cars/record-mileage,200,1,135.972,52bde6ed-24fa-4641-b5f7-23bfb700552f
2026-07-22T15:24:27.708Z,POST,/work/,200,1,134.100,15cc686c-641e-4b8b-8f6d-3721002abe77
2026-07-22T15:24:27.156Z,GET,/cars/?page=1&pageSize=10,200,1,688.537,166e7d50-dbc7-4eb6-acda-be9e168ea529
2026-07-22T15:24:27.724Z,POST,/users/,200,1,129.935,09d31dc7-7d8a-440a-992d-110312ef7b78
2026-07-22T15:24:27.733Z,POST,/customers/,200,1,132.468,fc72f91c-64d8-4b62-9d12-6c773c717ea5
2026-07-22T15:24:27.741Z,POST,/work/,200,1,127.575,947d557c-268f-4cb7-82a3-39d56e44b465
2026-07-22T15:24:27.741Z,PATCH,/orders/set-priority,200,1,129.832,2b7ea446-4cf4-4416-b083-15c78b9625b2
2026-07-22T15:24:25.831Z,GET,/customers/1bf19ab5-5ce8-4758-96d0-67cc515bc19e/with-cars,200,1,2050.231,52d5ab11-ccbf-42a3-94a2-2d632a29b063
2026-07-22T15:24:27.759Z,POST,/users/,200,1,125.661,76ec3c56-37e9-4e59-9f9a-75602a55a334
2026-07-22T15:24:26.540Z,GET,/customers/c50af99a-213f-4750-a0e7-802a4b79e935/with-cars,200,1,1355.445,94827422-90c0-4a34-980d-2bfdcfaf8f40
2026-07-22T15:24:27.772Z,POST,/customers/,200,1,131.024,1808051d-3577-49af-93ee-321222751e8f
2026-07-22T15:24:27.788Z,POST,/users/,200,1,132.263,738ee484-32cf-4830-9b0b-33cfe7571c64
2026-07-22T15:24:27.796Z,PATCH,/workers/change-role,200,1,142.876,d3468b0a-970d-4e54-b183-1ca9c4de0a7e
2026-07-22T15:24:27.855Z,POST,/users/,200,1,131.237,3b77dafa-1968-4bdf-ae1d-3f63c4836a22
2026-07-22T15:24:27.523Z,GET,/users/7daa576b-cea0-44f9-895d-5033cf379bd4,200,1,464.699,e854ba5e-36ea-445b-8d58-43124d540346
2026-07-22T15:24:27.859Z,POST,/cars/,200,1,129.048,9ce984fb-3c8b-4b33-b6be-b789ec5b5829
2026-07-22T15:24:27.864Z,POST,/customers/,200,1,124.905,3f7ce93f-501b-4fb3-9234-f3200cc20cf2
2026-07-22T15:24:26.271Z,GET,/orders/803f251c-3c2c-4102-bae4-1e136ba253bd,200,1,1723.743,d5791e18-1d6c-43de-bdb1-1f577e7179b6
2026-07-22T15:24:27.870Z,POST,/customers/,200,1,128.752,60fdfa15-d78a-47a7-8320-12b20b3af2d4
2026-07-22T15:24:27.873Z,PATCH,/orders/set-priority,200,1,126.255,b1b3936c-efa7-49e1-bcc6-4e7ff6f6f441
2026-07-22T15:24:27.882Z,POST,/orders/,200,1,133.347,d8f27da4-f119-4cdf-b5fd-c4d9c1e54fa1
2026-07-22T15:24:27.889Z,POST,/cars/,200,1,135.677,937ab2fe-1375-492a-a5c1-b67168fdb0e7
2026-07-22T15:24:27.897Z,POST,/cars/,200,1,127.868,bc850128-678e-42ba-b235-76dde1ea8c8c
2026-07-22T15:24:27.951Z,POST,/orders/,200,1,114.712,4a8ea2bf-8eb1-4b79-9fb4-848863006f19
2026-07-22T15:24:26.345Z,GET,/work/?page=1&pageSize=10,200,1,1726.800,ff532a6a-ed88-42d3-a778-f9e74994a8b5
2026-07-22T15:24:27.600Z,POST,/work/,200,1,479.738,5dbcf82c-38ec-46e6-a5fd-b93a40c02c3f
2026-07-22T15:24:27.596Z,POST,/work/,200,1,483.966,6f0eff45-25c2-40a7-9268-65189418be9a
2026-07-22T15:24:27.563Z,PATCH,/customers/change-contacts,200,1,516.505,d76185cc-6b0c-413b-9ccb-65c64bbe89e6
2026-07-22T15:24:27.576Z,POST,/customers/,200,1,504.434,65bc5d46-5b11-4625-84fc-bbb4d7f7c6bc
2026-07-22T15:24:27.575Z,POST,/customers/,200,1,505.680,c630db8e-df37-4ee3-84b8-ca5d79cd448d
2026-07-22T15:24:27.982Z,POST,/work/,200,1,111.917,3fc8a9d6-7141-4392-afee-c69ea9336e0a
2026-07-22T15:24:27.613Z,GET,/orders/?page=1&pageSize=10,200,1,506.351,afc5f97a-1045-4015-9fcc-e24a73ea2c9f
2026-07-22T15:24:27.989Z,POST,/workers/,200,1,134.222,d5c59946-0499-40d7-a7f0-1286da9f2af3
2026-07-22T15:24:27.991Z,PATCH,/orders/set-priority,200,1,134.054,3595ce78-9b2c-4d72-85a7-70a92f71e666
2026-07-22T15:24:27.996Z,POST,/users/,200,1,133.517,1d4fa326-4ff5-4f9e-b5eb-972241263e3a
2026-07-22T15:24:27.998Z,PATCH,/work/change-title,200,1,131.619,d6a2584d-1cfd-4b98-8e7e-3cb8fc29aac0
2026-07-22T15:24:28.002Z,POST,/work/,200,1,139.991,86828599-a719-4709-aa0c-90fcd2327186
2026-07-22T15:24:28.023Z,POST,/workers/,200,1,134.651,cebeb818-e632-4457-a326-efb0ba950f4a
2026-07-22T15:24:28.030Z,POST,/customers/,200,1,128.084,127cb4f0-ba46-4a94-af61-0d6f16508ce5
2026-07-22T15:24:28.029Z,POST,/orders/,200,1,129.125,fb2291b9-322b-460f-bae8-6ae5b55b55ba
2026-07-22T15:24:28.071Z,POST,/users/,200,1,121.125,04715621-f3fe-400a-90a4-51a8d2c396d8
2026-07-22T15:24:28.072Z,POST,/users/,200,1,119.950,63a7e8bd-9933-4d45-a019-112055d197f1
2026-07-22T15:24:28.091Z,PATCH,/workers/change-role,200,1,133.129,38914db1-4409-47c5-9495-ca900a84545c
2026-07-22T15:24:28.099Z,PATCH,/customers/change-contacts,200,1,135.073,cbe27bf6-b967-42be-8fdb-4ad8de038fd9
2026-07-22T15:24:28.132Z,POST,/workers/,200,1,114.288,0db7f4bd-56c9-4803-8b98-e8108d001c9b
2026-07-22T15:24:28.129Z,POST,/workers/,200,1,117.569,398527ba-1a76-4434-ab7c-e70800b6db24
2026-07-22T15:24:28.133Z,POST,/cars/,200,1,129.527,99dd7a1c-9753-481e-b3e3-56037d947048
2026-07-22T15:24:28.138Z,POST,/cars/,200,1,128.381,c35233f6-3be8-4158-a796-cd0727ef5f5c
2026-07-22T15:24:28.143Z,POST,/cars/,200,1,124.422,1be9e841-9f87-40e7-947d-e4a8fc6c9bd8
2026-07-22T15:24:28.140Z,POST,/orders/,200,1,127.133,3dac8c6b-1d72-4e61-aa7c-3ac4344da72c
2026-07-22T15:24:24.981Z,GET,/cars/?page=1&pageSize=10,200,1,3325.879,08a3c8e9-4a6a-40eb-b4b4-16add6d8acb0
2026-07-22T15:24:28.159Z,POST,/customers/,200,1,159.536,f1e1d557-4bc8-4e8c-80d0-5e3577fda55a
2026-07-22T15:24:28.170Z,POST,/customers/,200,1,153.895,adabe819-2320-4ee9-9679-6268945673f8
2026-07-22T15:24:28.055Z,POST,/orders/,200,1,271.265,a1bebe94-4895-4c5f-88dc-ffba595b6249
2026-07-22T15:24:28.058Z,POST,/cars/,200,1,268.585,14beadc9-cb72-4ae6-a380-b2022de763ea
2026-07-22T15:24:25.602Z,GET,/customers/0a219fc2-d89e-4289-b9fb-cff6c6f24326/with-cars,200,1,2733.421,24ac1073-a8d1-4603-9537-fb2d5be8ed7f
2026-07-22T15:24:28.193Z,POST,/users/,200,1,147.997,03b2a374-8c9b-4394-9cf0-b2a14c20a1a6
2026-07-22T15:24:28.073Z,POST,/customers/,200,1,269.708,a3005572-cb5c-4cc1-bdc7-3b9acc0df18d
2026-07-22T15:24:28.076Z,PATCH,/workers/change-hourly-rate,200,1,267.073,9a143c1a-a1a7-4923-a3e1-43f1c317d1b0
2026-07-22T15:24:28.228Z,POST,/customers/,200,1,143.348,ad617b5c-5a09-48ae-a992-79bbcc3b4b97
2026-07-22T15:24:28.235Z,POST,/workers/,200,1,147.072,9ad9cbd7-2163-4cc9-ad0b-ce2fa1343df7
2026-07-22T15:24:27.818Z,GET,/workers/aae84758-9f76-4c7d-91b3-77df2e116124,200,1,571.009,3b394131-893f-4890-962c-442ad996ba18
2026-07-22T15:24:27.123Z,GET,/cars/6729bb25-b802-4823-ab03-01edd3e30531,200,1,1270.370,546735c6-5456-4c23-88d9-d29415b4a10f
2026-07-22T15:24:28.255Z,PATCH,/workers/change-role,200,1,138.503,61879ef6-1101-4a74-86c3-4f5e5f650dd5
2026-07-22T15:24:28.155Z,POST,/customers/,200,1,261.259,3b24d2b3-4e08-445f-bd09-61ae32bfaf1c
2026-07-22T15:24:26.727Z,GET,/workers/?page=1&pageSize=10,200,1,1715.412,d766d880-75bc-40c6-9a2a-6af5a4b50da7
2026-07-22T15:24:28.299Z,POST,/orders/,200,1,148.963,e7f90ad9-46ea-4aea-a4bd-d018bc4a5585
2026-07-22T15:24:28.298Z,POST,/cars/,200,1,150.768,ce9f2691-3486-4752-b7f2-4e2b46e2a24b
2026-07-22T15:24:28.186Z,POST,/users/,200,1,262.811,3dabb88f-84a5-4aef-8c0e-dd292f25bf08
2026-07-22T15:24:28.081Z,GET,/work/7d11f74d-af14-4193-90d8-545221598c1a,200,1,376.139,7cb8157c-065c-4486-9248-6444b6ebfd96
2026-07-22T15:24:27.525Z,GET,/orders/?page=1&pageSize=10,200,1,944.930,0648295e-bc22-46fa-9379-0a8a23286c0b
2026-07-22T15:24:28.340Z,POST,/work/,200,1,137.029,a8816b25-9f8a-4d1c-80a4-2656203ea562
2026-07-22T15:24:28.229Z,POST,/orders/,200,1,248.539,b4f0189a-85ca-46f4-83ab-581bf18c8231
2026-07-22T15:24:28.347Z,POST,/orders/,200,1,130.973,b4aceb73-e8f3-4987-987a-319b3b880409
2026-07-22T15:24:28.236Z,PATCH,/cars/record-mileage,200,1,241.965,2bcb91f9-3f6c-43cb-b7ee-17e97664131f
2026-07-22T15:24:27.524Z,GET,/work/?page=1&pageSize=10,200,1,956.214,b6e220c9-2c62-4662-ab2c-9ebf8461d7d2
2026-07-22T15:24:23.069Z,GET,/workers/?page=1&pageSize=10,200,1,5412.454,b7c6f591-ae36-43d7-8a6f-5aef1faddec8
2026-07-22T15:24:26.304Z,GET,/work/?page=1&pageSize=10,200,1,2186.219,bb4b8222-ac85-4479-be10-5086f79c20f9
2026-07-22T15:24:27.647Z,GET,/customers/?page=1&pageSize=10,200,1,848.520,a3e6e27e-6ae1-46aa-9bf3-73c9e0a2cb06
2026-07-22T15:24:27.244Z,GET,/orders/?page=1&pageSize=10,200,1,1270.734,de9f94a1-2d1f-44b6-baaf-41d77462910f
2026-07-22T15:24:28.391Z,POST,/cars/,200,1,127.307,232c3b5e-bea8-4e9a-959b-35e590f0c90f
2026-07-22T15:24:28.399Z,POST,/users/,200,1,129.351,408b33d6-7556-4e5d-b944-d1343c967bcc
2026-07-22T15:24:28.401Z,PATCH,/workers/change-role,200,1,128.802,5191b07d-469c-4e18-a171-d6d97495990c
2026-07-22T15:24:28.276Z,GET,/workers/?page=1&pageSize=10,200,1,258.011,da4e950a-c71f-4185-b41d-d8e4f49215be
2026-07-22T15:24:23.483Z,GET,/users/?page=1&pageSize=10,200,1,5057.981,515a22e8-c0d7-4d1e-a606-84e284f68b9b
2026-07-22T15:24:28.423Z,POST,/workers/,200,1,121.109,3357f564-b506-4f85-a433-761f1064cd5e
2026-07-22T15:24:28.113Z,POST,/workers/,200,1,449.029,5d4fdd0e-fed0-41da-84db-69eedea752a8
2026-07-22T15:24:27.985Z,GET,/cars/?page=1&pageSize=10,200,1,594.366,59a684eb-b519-45b7-aa88-3822bf859264
2026-07-22T15:24:26.974Z,GET,/work/a954b010-02f3-4fac-9d90-7fddf4ec9709,200,1,1609.343,ccb395b1-d53d-49e9-a8ce-8447892dd1ed
2026-07-22T15:24:28.455Z,POST,/work/,200,1,134.942,32ecd6e8-19c8-4cdb-be6d-f1115dd6bb57
2026-07-22T15:24:28.023Z,GET,/cars/d3b12c45-9d04-45a9-b7b7-3bb66eb44c10,200,1,576.818,ff3b4fe7-d35b-489f-82b4-dbe1b10bd792
2026-07-22T15:24:28.483Z,POST,/orders/,200,1,134.739,1ac231b6-ae18-4e00-9901-d9d80e07932d
2026-07-22T15:24:28.487Z,POST,/workers/,200,1,131.616,38d0dca1-580b-4e24-b2f4-bd7e73fc7580
2026-07-22T15:24:28.491Z,POST,/customers/,200,1,133.566,fcca4c83-bd69-46b1-9d1f-d391243500e7
2026-07-22T15:24:28.521Z,PATCH,/work/set-estimate,200,1,125.370,427e2812-3737-454e-9502-c602aa4e5f50
2026-07-22T15:24:28.522Z,POST,/workers/,200,1,125.036,023453df-60aa-43b8-8cc4-c06403a524ad
2026-07-22T15:24:28.525Z,POST,/customers/,200,1,122.529,a821cd8d-168f-48b2-a511-0d058b2438bb
2026-07-22T15:24:28.523Z,POST,/orders/,200,1,129.932,d57873a0-cb25-4d02-aa53-d8eadc14482d
2026-07-22T15:24:27.276Z,GET,/work/db69f2b5-0797-443d-a18f-e51e0f8f8e8a,200,1,1392.147,a2fdff7e-3638-48b5-9c01-b171fe052852
2026-07-22T15:24:28.531Z,PATCH,/work/change-title,200,1,139.453,aa6b1730-a50f-44ad-ac92-60746967c1cc
2026-07-22T15:24:28.542Z,POST,/cars/,200,1,130.442,e66011d7-1375-4055-af97-f8f9e07042e3
2026-07-22T15:24:28.551Z,POST,/cars/,200,1,128.898,6f32b201-dd69-4d7b-9d50-1d58ac4683f1
2026-07-22T15:24:27.922Z,POST,/customers/,200,1,788.507,a56c7587-32e8-4cb9-b50e-f084d25464d1
2026-07-22T15:24:27.918Z,POST,/customers/,200,1,793.052,983e35a3-8d50-4048-8e04-068dfd568a08
2026-07-22T15:24:27.927Z,POST,/workers/,200,1,784.315,f1f84cdd-79f3-40bb-801a-f0ebc0013384
2026-07-22T15:24:23.853Z,GET,/customers/734fb336-632b-417d-94af-0eca9640d6e4,200,1,4860.013,caaac6b8-5b05-4bc8-b77c-83667cfc92b8
2026-07-22T15:24:28.580Z,POST,/orders/,200,1,138.847,845f8dc3-ddb2-42a9-b5f4-9dad538434c7
2026-07-22T15:24:28.585Z,PATCH,/customers/change-contacts,200,1,139.868,8d177ad0-2a59-4075-9848-4c1834e7f33f
2026-07-22T15:24:28.584Z,POST,/cars/,200,1,141.438,5313e4c1-2dde-483c-890e-d9388033ab7f
2026-07-22T15:24:28.592Z,PATCH,/work/change-title,200,1,133.710,f6347e69-54b2-419d-b57b-2adf0524de3f
2026-07-22T15:24:28.029Z,GET,/customers/525d3b9f-26b2-4a57-a973-9ebb4be17fa9/with-cars,200,1,698.157,1049f6f9-4289-4a77-b1e0-1b1f472f66ec
2026-07-22T15:24:28.032Z,GET,/orders/?page=1&pageSize=10,200,1,705.791,3172fb76-fadb-4418-b0fe-02304f54bec6
2026-07-22T15:24:26.793Z,GET,/work/?page=1&pageSize=10,200,1,1945.402,3273c6ca-6116-4244-87f2-5c32310ee24b
2026-07-22T15:24:26.344Z,GET,/orders/21045448-0140-4a1c-bb87-25ba5f690513,200,1,2397.313,1782cf7a-eb4a-4da4-993f-372b9e90939f
2026-07-22T15:24:28.632Z,POST,/workers/,200,1,118.165,07e82a4c-d5b7-4947-9ca3-aa70c219ae87
2026-07-22T15:24:26.397Z,GET,/cars/?page=1&pageSize=10,200,1,2359.641,d75f5fed-3774-421a-b549-2ee4ba523fb9
2026-07-22T15:24:28.646Z,POST,/work/,200,1,125.002,df6ed00b-7897-4d93-aa95-cf55fdfdf451
2026-07-22T15:24:28.647Z,POST,/orders/,200,1,124.073,72eb1571-2e21-40c7-a17f-f1c1132d4bb1
2026-07-22T15:24:28.650Z,POST,/orders/,200,1,124.338,91578d5b-93e6-4c8e-a980-a1e3e5357425
2026-07-22T15:24:28.683Z,POST,/users/,200,1,122.063,b74701a9-7820-4f8a-8cc6-d1b89b7b4e6e
2026-07-22T15:24:28.681Z,PATCH,/work/change-description,200,1,123.741,44390e49-af80-4919-9e4a-4e5fc472fa75
2026-07-22T15:24:26.849Z,GET,/cars/5ff46433-c8a2-4f4a-9e50-d0eb6eab8170,200,1,1957.367,9f045bd5-ad85-4668-9f76-021cab8283c7
2026-07-22T15:24:28.684Z,POST,/work/,200,1,128.695,fd7daeff-b247-40b0-ade4-77dd0e7dd265
2026-07-22T15:24:28.696Z,PATCH,/customers/rename,200,1,129.121,dec38ff1-0a51-44ae-bb8e-d3ef89b4141a
2026-07-22T15:24:26.287Z,GET,/work/2cd44e19-c154-4c4e-b113-1c94746f3b0b,200,1,2546.752,2346cfb0-35ec-4b02-8c9e-9bf404226ccf
2026-07-22T15:24:28.711Z,POST,/users/,200,1,129.500,64a26d69-3c07-49fa-9a75-12717d80eb91
2026-07-22T15:24:27.527Z,GET,/cars/?page=1&pageSize=10,200,1,1315.550,c150268c-7126-4ed8-a4b9-556380ec5494
2026-07-22T15:24:28.714Z,POST,/orders/,200,1,132.300,fc499c54-9753-456a-a011-686192c9846e
2026-07-22T15:24:28.728Z,POST,/orders/,200,1,131.416,fe68edda-09a8-49e3-b9f4-5d7933719480
2026-07-22T15:24:28.412Z,PATCH,/orders/apply-discount,200,1,447.096,ba3797c8-f1d8-43a7-9af6-c446263e4d4b
2026-07-22T15:24:26.543Z,GET,/workers/?page=1&pageSize=10,200,1,2325.033,8b5a698b-31d6-4670-8f32-7d1bd3a9c0f6
2026-07-22T15:24:26.563Z,GET,/orders/caffaaf0-7d6d-4271-89d1-8cb777755cb4,200,1,2316.790,0cc1b5dd-bf75-40a4-a7bb-b010510180fb
2026-07-22T15:24:27.369Z,GET,/customers/?page=1&pageSize=10,200,1,1512.298,d3ca6352-a666-40d4-9bbb-f036b0965561
2026-07-22T15:24:28.776Z,PATCH,/cars/record-mileage,200,1,139.923,e7faf3cd-a8fb-4096-9426-6d415076d31f
2026-07-22T15:24:28.782Z,POST,/orders/,200,1,134.199,2b0e3878-a194-4cbe-b380-902d1147889d
2026-07-22T15:24:28.792Z,PATCH,/work/change-description,200,1,136.328,42086961-c884-4900-8b1c-0684b7ea5e2c
2026-07-22T15:24:28.209Z,GET,/customers/e69b1530-bfcb-44d1-b84a-bcc6131fb6ad,200,1,729.829,ec2fa6fc-f9a5-495d-b061-d320735c7810
2026-07-22T15:24:27.389Z,GET,/customers/b2a98904-bf8c-456b-b21f-e1cb7905d2de,200,1,1561.854,a989ff9f-4e82-4d5c-8de0-eb5b89ad2f39
2026-07-22T15:24:25.531Z,GET,/users/5a5d5d97-2501-4ccb-b65b-b6481b2ef3e2,200,1,3427.465,48c71911-3b5a-48a6-954d-862c2a12fd7a
2026-07-22T15:24:26.666Z,GET,/orders/c581f989-e122-4427-b097-441cd854e803,200,1,2303.187,0eb3aae1-6a2d-4b2a-939b-bad7f1d38581
2026-07-22T15:24:28.832Z,POST,/work/,200,1,157.459,738fe57c-b062-49d9-8737-5c48d00c72ac
2026-07-22T15:24:28.831Z,POST,/work/,200,1,158.863,a6d69aaa-814c-4655-86aa-f471abd4381d
2026-07-22T15:24:28.827Z,POST,/users/,200,1,162.867,7224ff6e-a1f5-49c7-b1ab-9514d95afae0
2026-07-22T15:24:27.947Z,GET,/customers/4381ad57-a9fe-4a9b-85ae-917380c6fc22,200,1,1043.948,fdeed234-48be-45e9-9438-69a143afb61b
2026-07-22T15:24:27.954Z,GET,/workers/dfb021c2-68ff-49ed-9e77-587dcb565e7b,200,1,1048.069,e391bf77-4290-48aa-a6f6-f93f920ee009
2026-07-22T15:24:28.848Z,POST,/cars/,200,1,154.856,f70d50d1-51ad-42e2-b319-8eaf5dc2ec2b
2026-07-22T15:24:22.526Z,GET,/orders/?page=1&pageSize=10,200,1,6482.422,97aee3a3-8a01-4fc1-b60d-8725d7fb55d0
2026-07-22T15:24:28.865Z,POST,/workers/,200,1,147.435,133341f6-f81a-4356-9b93-ef2d1dfaba97
2026-07-22T15:24:28.870Z,POST,/customers/,200,1,145.359,0187edfc-9237-4f76-835f-dad42f10b312
2026-07-22T15:24:28.529Z,GET,/work/?page=1&pageSize=10,200,1,490.885,609778e8-e536-44b3-b783-21153eebe80e
2026-07-22T15:24:28.898Z,PATCH,/users/change-password,200,1,129.400,026a9c99-9882-4c20-a434-4b405c2217a2
2026-07-22T15:24:28.902Z,POST,/users/,200,1,133.453,d31cf622-ff6a-4b35-93c3-c76902c349c6
2026-07-22T15:24:28.899Z,PATCH,/orders/apply-discount,200,1,136.780,ff117e5d-b588-486a-a1cc-f8e510709272
2026-07-22T15:24:28.075Z,GET,/workers/?page=1&pageSize=10,200,1,967.454,e2b24ccd-5f00-49e1-b02e-e842235ce266
2026-07-22T15:24:28.918Z,POST,/work/,200,1,124.813,3b8cf2f8-50c3-4147-8927-046f70ec4d26
2026-07-22T15:24:28.927Z,PATCH,/users/change-password,200,1,119.953,2958b3a3-83b4-4b29-8cd0-fe486f2704cf
2026-07-22T15:24:26.735Z,GET,/orders/?page=1&pageSize=10,200,1,2319.523,52aa0d44-3534-4a43-a0ec-1ea856a19dd4
2026-07-22T15:24:28.937Z,PATCH,/work/change-description,200,1,124.654,cdec4504-616f-46c0-a71b-8a0ff9823645
2026-07-22T15:24:28.957Z,POST,/work/,200,1,129.418,a3dbccb0-3259-4f92-bb81-71de6f73bf93
2026-07-22T15:24:28.959Z,POST,/cars/,200,1,128.504,85c5501c-d0c8-437e-89f6-7de8f6070dae
2026-07-22T15:24:28.970Z,POST,/work/,200,1,139.845,1a3ddb61-471e-4f0d-9ee0-65be5f366fc3
2026-07-22T15:24:28.971Z,POST,/customers/,200,1,138.215,3ab14c2b-c7ad-4021-a5ee-598e6ceeec2a
2026-07-22T15:24:28.976Z,POST,/orders/,200,1,140.540,73c156fc-f7d3-4238-be0d-64b1a5efbf49
2026-07-22T15:24:26.950Z,GET,/customers/44af28f7-e75a-4b84-bfbd-cb83e0c5332b/with-cars,200,1,2173.453,2ba013ce-5749-4848-b99e-dc008642b914
2026-07-22T15:24:28.992Z,PATCH,/cars/record-mileage,200,1,135.330,85b6dfea-8edd-4493-9514-6da82a665fa7
2026-07-22T15:24:28.993Z,POST,/workers/,200,1,134.977,112be3d6-6c77-4893-b523-98d06a276902
2026-07-22T15:24:27.978Z,GET,/users/8f703905-506d-49da-9f10-6a0603e18ba9,200,1,1163.039,6b084fde-ae22-4432-80ff-e1cf29e3b96e
2026-07-22T15:24:29.010Z,POST,/users/,200,1,133.151,afe16a36-3a96-4c72-b58e-e89f8b5a4fdf
2026-07-22T15:24:26.675Z,GET,/work/4daed6b0-f5b3-4b42-865d-694a0f2405b2,200,1,2473.016,58fc7fed-8324-4954-8b3a-907a388b49ce
2026-07-22T15:24:29.019Z,POST,/users/,200,1,136.833,d966cfbd-1cd5-492d-a0b6-a4303dedb616
2026-07-22T15:24:29.017Z,POST,/workers/,200,1,139.385,41a68c03-aaa1-4037-b51c-455b730a6c88
2026-07-22T15:24:29.020Z,POST,/users/,200,1,136.167,87c2e877-4255-4d5e-bfef-c8810f5e979f
2026-07-22T15:24:28.579Z,GET,/orders/bace852c-16da-4d7c-a5f0-1a8478282811,200,1,611.603,fc686211-8849-464c-a5d4-a6deb8976826
2026-07-22T15:24:29.047Z,POST,/work/,200,1,143.856,f6940d68-4fbe-4fa3-a4b2-de8eed681e9b
2026-07-22T15:24:29.049Z,PATCH,/work/change-description,200,1,149.023,3422f917-6016-40c1-993d-0a1b52be9e1b
2026-07-22T15:24:27.879Z,GET,/customers/?page=1&pageSize=10,200,1,1332.329,e139a3b9-9125-47f0-bfe8-f0fa06e9a6ed
2026-07-22T15:24:27.360Z,GET,/customers/?page=1&pageSize=10,200,1,1852.289,cc6f56ef-20a6-4ac0-b00c-54a149c3c3af
2026-07-22T15:24:29.063Z,POST,/cars/,200,1,153.574,3805cf15-dd74-438a-9bcf-7c0efbc69c89
2026-07-22T15:24:29.062Z,POST,/cars/,200,1,167.279,f4507938-5682-4160-8565-49aa0aa8547e
2026-07-22T15:24:28.483Z,GET,/customers/6760547e-3b75-4b8b-9d3b-4c3d10716259/with-cars,200,1,754.058,4aeb619a-ffbf-43f3-a67c-0e58f1b5e393
2026-07-22T15:24:28.507Z,GET,/customers/6d704962-2673-4974-b389-9fc54bcd361d/with-cars,200,1,735.230,bf45d3ee-b5d1-4b73-8e9a-f61d5e5d33e4
2026-07-22T15:24:29.103Z,POST,/work/,200,1,146.595,d7b8cc88-8214-4ad3-a322-a742dec0a85d
2026-07-22T15:24:29.123Z,POST,/users/,200,1,127.350,2574b14b-378f-4596-89bc-758fb767cf50
2026-07-22T15:24:28.167Z,GET,/workers/?page=1&pageSize=10,200,1,1093.750,186ac111-f60b-44a2-b105-eded7b01034f
2026-07-22T15:24:29.129Z,POST,/users/,200,1,134.273,a19a50ed-a6e1-4eb3-af51-79a33bf5b7b9
2026-07-22T15:24:29.131Z,POST,/cars/,200,1,132.531,580814fd-3911-48d4-94a0-0f662616db51
2026-07-22T15:24:29.135Z,PATCH,/workers/change-role,200,1,129.424,0ac20887-47fc-4d3c-b968-04ef34a10e0e
2026-07-22T15:24:28.575Z,GET,/customers/1afc90ee-f737-44f4-a37c-e4f9610667da,200,1,719.059,634e10b8-240c-42e8-95e2-376494b5cc79
2026-07-22T15:24:29.175Z,POST,/workers/,200,1,142.203,71531bf7-2d65-4ce6-bbcc-9bcea795a34d
2026-07-22T15:24:29.181Z,POST,/workers/,200,1,136.843,53243233-8377-4b50-8dff-80e48bab6472
2026-07-22T15:24:29.182Z,POST,/users/,200,1,137.735,09948114-83d7-4df4-969a-4266536058a8
2026-07-22T15:24:29.192Z,PATCH,/orders/set-priority,200,1,133.068,b96f0b79-4fd6-4334-b58c-21662a8b27a1
2026-07-22T15:24:29.198Z,POST,/workers/,200,1,140.542,215fffa4-9b78-4e8d-b5cb-fa2f6cd2473c
2026-07-22T15:24:29.201Z,PATCH,/work/set-estimate,200,1,145.629,62af6adc-d96c-4a44-bd66-be8f4a165f40
2026-07-22T15:24:29.203Z,POST,/cars/,200,1,143.218,2e9061fa-569a-4c48-8c1d-820104b41cf0
2026-07-22T15:24:29.215Z,POST,/orders/,200,1,131.463,433fd25e-cbc8-450c-9275-c88ac7b4a201
2026-07-22T15:24:29.202Z,POST,/users/,200,1,144.832,6a314431-5c08-468f-a972-3ca69f852509
2026-07-22T15:24:29.208Z,POST,/workers/,200,1,139.086,5cdfcb1a-7dc8-4c27-8c33-eef54323262e
2026-07-22T15:24:28.975Z,GET,/workers/?page=1&pageSize=10,200,1,372.617,7f67086d-170e-4eb3-bb8c-5b846a388f40
2026-07-22T15:24:29.236Z,POST,/users/,200,1,118.194,86e3b9f5-fe5e-4b71-93f2-2c9da3efc767
2026-07-22T15:24:29.243Z,POST,/orders/,200,1,129.301,954432de-cd96-4f12-a4f7-9757ec827e5e
2026-07-22T15:24:26.104Z,GET,/cars/77b0ba49-ae82-4a10-bebd-107a90a68f0c,200,1,3274.228,4f75ab09-37db-401d-84cf-58a1b2b27dec
2026-07-22T15:24:29.256Z,PATCH,/users/change-password,200,1,128.192,da526b5c-a8c6-46a0-9155-3f3e6654b18c
2026-07-22T15:24:29.283Z,PATCH,/work/change-title,200,1,130.236,d5a2a1c8-0a8a-4bf9-8389-0cdd123f31a4
2026-07-22T15:24:29.286Z,POST,/workers/,200,1,127.355,fa6a48cc-34e8-4f74-bb0d-580aefc8d61c
2026-07-22T15:24:29.319Z,POST,/workers/,200,1,132.179,2d1daefb-e33d-4f07-9556-f33a9e0c462c
2026-07-22T15:24:29.322Z,PATCH,/customers/change-contacts,200,1,130.061,efb5f69c-4d6c-4455-8795-469208613c65
2026-07-22T15:24:28.222Z,POST,/orders/,200,1,1261.298,0cdb5593-fcf3-4879-b856-69ea98a4ad5a
2026-07-22T15:24:27.558Z,GET,/workers/22d78c57-0e49-492c-9067-66f7d6521dcc,200,1,1927.176,c4e1de5d-5af7-460b-9847-898f79d1b959
2026-07-22T15:24:29.360Z,POST,/workers/,200,1,131.886,cbdf5357-9d04-475b-98af-72cd5dd3216f
2026-07-22T15:24:25.909Z,GET,/workers/68a4f07d-7b0b-497b-96b2-92cbcdc54a1b,200,1,3584.465,fb4a370a-3d78-421d-9358-dd1226a30ce2
2026-07-22T15:24:29.358Z,POST,/cars/,200,1,137.694,ad0e8fb8-5584-401a-959e-ad043965315b
2026-07-22T15:24:29.359Z,POST,/cars/,200,1,137.402,60103adb-a496-4e40-a479-e2a60acb066b
2026-07-22T15:24:29.038Z,POST,/orders/,200,1,458.373,18d84d39-7410-4443-bf43-7558fde59f55
2026-07-22T15:24:29.374Z,POST,/work/,200,1,131.319,3342ca3e-6c0c-462b-b57e-9b08f3455ccb
2026-07-22T15:24:29.377Z,PATCH,/workers/change-hourly-rate,200,1,131.617,6b8143d7-fca8-422e-b57c-5a6c58193ec2
2026-07-22T15:24:29.374Z,PATCH,/work/set-estimate,200,1,135.039,f3a2b36c-5609-42c8-a831-0432d9516390
2026-07-22T15:24:28.295Z,GET,/orders/?page=1&pageSize=10,200,1,1215.705,fed8a500-63d5-415e-8c31-a78452e20a54
2026-07-22T15:24:29.383Z,POST,/customers/,200,1,131.742,8eb879e2-e094-4fb3-88b5-d14095abff30
2026-07-22T15:24:29.423Z,POST,/users/,200,1,116.392,57b8d4c0-38f8-47a8-92c5-453b2ccdae73
2026-07-22T15:24:29.419Z,PATCH,/work/set-estimate,200,1,121.393,b50ac7a2-e9c9-41b6-ae3d-4eb699734aae
2026-07-22T15:24:29.439Z,POST,/orders/,200,1,128.058,609f42b6-68a5-415f-aa23-dc839aeee98b
2026-07-22T15:24:29.452Z,POST,/work/,200,1,130.291,bf6f1778-8d03-4828-8c2b-a6665e4c10d8
2026-07-22T15:24:29.471Z,POST,/customers/,200,1,128.968,28a1d386-24a3-4f7a-ab9d-be657cfa27e5
2026-07-22T15:24:29.475Z,POST,/customers/,200,1,124.863,2944db05-5406-4612-957b-3a1a58425789
2026-07-22T15:24:25.610Z,GET,/customers/87f5e7d8-54f6-4fa2-bc03-8d75360bd38e/with-cars,200,1,3995.647,3f2d89d5-a3cc-4364-bce4-81f17604857b
2026-07-22T15:24:29.481Z,PATCH,/work/change-description,200,1,129.667,fa7fb637-7010-4ca5-b554-f202368225d0
2026-07-22T15:24:29.480Z,PATCH,/customers/change-contacts,200,1,131.496,855ad18a-a633-4335-bac0-ffa159167bde
2026-07-22T15:24:29.484Z,PATCH,/orders/apply-discount,200,1,132.785,cdefd765-bd83-4741-86ae-e5d7999b9497
2026-07-22T15:24:29.518Z,POST,/cars/,200,1,117.002,486472ad-6e84-448e-811a-686185521a11
2026-07-22T15:24:27.192Z,GET,/customers/?page=1&pageSize=10,200,1,2456.986,b61054e1-4e91-4c0a-b3d2-c5c85a5ac920
2026-07-22T15:24:27.784Z,GET,/workers/21cfc7ba-31d7-4bdc-9f03-a5070ffc577d,200,1,1868.174,523f4936-0130-43ed-83a5-49b10f4db3d2
2026-07-22T15:24:27.100Z,GET,/cars/1a7b0566-29ff-49bf-83f1-bf831aec57e0,200,1,2555.212,9b5be5b4-f182-4bd7-9cdc-b912686f4dc9
2026-07-22T15:24:29.540Z,POST,/users/,200,1,125.949,2c173754-c7f3-4f3b-97b7-8592eb17e480
2026-07-22T15:24:29.542Z,POST,/cars/,200,1,126.312,c95e78eb-440a-4c55-ba62-c5bdf771ba95
2026-07-22T15:24:24.614Z,GET,/orders/?page=1&pageSize=10,200,1,5058.380,ed9ec4a8-2f9e-4c65-9def-c2c1c6ece14d
2026-07-22T15:24:29.564Z,POST,/workers/,200,1,125.503,7202ecc3-ddbb-43de-a2bc-094ba763bf7c
2026-07-22T15:24:29.563Z,POST,/work/,200,1,126.660,e4e18e8e-f563-4c07-9f39-e95f4498ec0b
2026-07-22T15:24:29.566Z,PATCH,/orders/apply-discount,200,1,130.961,83e066bc-c4fb-4504-9e65-b6bf3581f4d9
2026-07-22T15:24:29.572Z,POST,/customers/,200,1,124.967,5a70ad0d-65d7-4cb0-87f0-e2954d275aff
2026-07-22T15:24:29.610Z,POST,/customers/,200,1,133.659,81447787-0f87-41e5-b7e6-3a01e7a92bf8
2026-07-22T15:24:29.620Z,POST,/cars/,200,1,133.924,8d7e759b-d20b-4f21-8099-597147a7a88c
2026-07-22T15:24:29.625Z,POST,/work/,200,1,134.745,fc55b5a8-7e08-4c81-a93f-18d5131040d8
2026-07-22T15:24:27.750Z,GET,/work/?page=1&pageSize=10,200,1,2017.825,4e235d41-cd36-49ea-8c89-8315c3ca17f9
2026-07-22T15:24:29.629Z,PATCH,/work/set-estimate,200,1,145.419,acfc6ec4-b5c0-48c0-a2ec-22a5d54449dd
2026-07-22T15:24:29.175Z,GET,/work/d3469bbd-01f9-4d9e-847c-27da87815371,200,1,603.135,db84ca6c-6e5e-4777-85bc-83d52a91cec6
2026-07-22T15:24:27.800Z,GET,/cars/?page=1&pageSize=10,200,1,1980.119,743d001d-7f29-4ff4-91b6-5de5acddad04
2026-07-22T15:24:29.632Z,PATCH,/orders/apply-discount,200,1,148.851,fd275d3c-f594-4a91-aa46-b35b0a5972f7
2026-07-22T15:24:27.618Z,GET,/cars/?page=1&pageSize=10,200,1,2170.113,250f347f-bf8d-477f-9e21-8dad9b2ea4e5
2026-07-22T15:24:29.667Z,PATCH,/orders/set-priority,200,1,148.195,e54449a9-9c22-4132-abc2-5b2fb7b8b460
2026-07-22T15:24:29.669Z,POST,/users/,200,1,147.354,262c209c-df1d-4e4a-9789-64b8b26e9147
2026-07-22T15:24:29.681Z,POST,/work/,200,1,135.042,5a9fbd0e-325a-4798-be1d-b8d31290bdd9
2026-07-22T15:24:29.109Z,GET,/workers/06f10954-43d8-459c-952b-423d89e4d329,200,1,710.887,a3c87702-b3fb-4e7c-a932-98081ab2db85
2026-07-22T15:24:29.678Z,PATCH,/users/change-password,200,1,145.122,7c931895-db7b-4a69-8314-1d4af8f36a62
2026-07-22T15:24:29.355Z,POST,/orders/,200,1,472.122,7c53718d-b004-4b5e-954d-1f589b58e0be
2026-07-22T15:24:29.688Z,POST,/workers/,200,1,138.867,3e78e4a9-5bea-4b72-9b19-dde89a53ed32
2026-07-22T15:24:29.710Z,PATCH,/workers/change-role,200,1,119.296,93e83552-4ef9-4f91-a304-13161ce58e6e
2026-07-22T15:24:24.644Z,GET,/customers/26261560-8a57-4d21-bcfe-ea77f724dad6/with-cars,200,1,5189.222,a5e2e1ca-0d5c-4efe-9e21-cfc4fa9c7ea1
2026-07-22T15:24:29.715Z,POST,/orders/,200,1,136.071,705930b8-9380-42cc-8e88-90ad75d778f7
2026-07-22T15:24:29.720Z,POST,/orders/,200,1,130.707,fdcfadeb-404f-4464-80a0-b8bf830717ef
2026-07-22T15:24:29.721Z,POST,/orders/,200,1,141.573,8d9d945d-a61e-4980-b17b-7e357b8a5395
2026-07-22T15:24:29.615Z,GET,/cars/70930283-3392-4802-b314-269c120fe5b3,200,1,250.967,b8e52178-07bb-49de-a887-9b2d155a3cf0
2026-07-22T15:24:29.729Z,PATCH,/cars/record-mileage,200,1,138.366,18571825-d67c-4158-8ab7-a0a5f1622ced
2026-07-22T15:24:29.762Z,POST,/orders/,200,1,128.625,7b90b517-7eca-40ae-9901-6ad622ffb52e
2026-07-22T15:24:28.449Z,GET,/cars/09ef9977-da48-46ee-96d3-5581dd9d0fde,200,1,1452.792,c3b6b67d-a124-4354-bc7a-afb67a65a921
2026-07-22T15:24:29.779Z,POST,/orders/,200,1,133.441,2985f60a-8073-4343-9355-471c881ea7eb
2026-07-22T15:24:29.566Z,GET,/work/d9ae72af-e11f-437e-9e1e-3417af278cec,200,1,363.520,601ea500-9ca3-45a5-baca-f8286edc550c
2026-07-22T15:24:27.554Z,GET,/orders/6b503b26-21a7-48f2-9653-17b7bd85191f,200,1,2382.548,83c9024a-7c1f-4f71-8447-e72b19cb4441
2026-07-22T15:24:29.782Z,POST,/work/,200,1,167.308,54cc1c0d-cbbf-4e01-8af9-92ce221d000d
2026-07-22T15:24:28.242Z,GET,/users/ad62d45e-1a79-494c-a4d3-bbe95797779b,200,1,1728.454,b7e762db-dc1b-4d23-914b-cdaa6e7f700a
2026-07-22T15:24:29.786Z,POST,/work/,200,1,187.667,f16ea8e2-385b-4aa9-a8cf-c6b1b4de78fb
2026-07-22T15:24:29.506Z,POST,/work/,200,1,470.753,a9e13357-b2f3-4c0d-87a9-80989b5133e8
2026-07-22T15:24:29.810Z,PATCH,/users/change-password,200,1,178.488,aecaf33d-c449-41f6-8e5b-2ad6e2fb9ca3
2026-07-22T15:24:29.811Z,POST,/cars/,200,1,185.130,2962e563-fa23-4ffa-a399-949ba0f7c25e
2026-07-22T15:24:29.838Z,POST,/orders/,200,1,162.146,64ba1417-d88d-4bb9-be06-2d99e17b29ac
2026-07-22T15:24:29.821Z,PATCH,/cars/record-mileage,200,1,180.023,f1bb1f27-2c38-4621-825a-890bf681f186
2026-07-22T15:24:29.825Z,POST,/workers/,200,1,176.458,40fd52be-81ac-4221-b409-1b4bf868693a
2026-07-22T15:24:29.844Z,PATCH,/cars/record-mileage,200,1,166.566,2180c217-db15-411a-9e91-e63c73a7df18
2026-07-22T15:24:29.541Z,PATCH,/work/change-description,200,1,469.835,829bcb16-5ab0-4acb-a888-d98b75ec7178
2026-07-22T15:24:29.840Z,PATCH,/customers/change-contacts,200,1,171.049,de454c03-2ced-4525-aa7f-93c5a203674f
2026-07-22T15:24:29.830Z,POST,/customers/,200,1,181.046,eb6e9622-13fd-4952-afcb-cdbab0fbfc41
2026-07-22T15:24:29.838Z,PATCH,/work/change-description,200,1,172.820,70781a27-1201-4408-8131-29dfc7bc7362
2026-07-22T15:24:29.843Z,POST,/cars/,200,1,174.061,af11a015-70d1-4572-9761-402d53732a1f
2026-07-22T15:24:29.434Z,GET,/work/b769b2df-89fd-40ee-af30-6d809adf072a,200,1,591.122,00624e30-6fdc-4ea2-8150-8aaa2c859d10
2026-07-22T15:24:29.851Z,PATCH,/workers/change-role,200,1,180.827,7e962d1c-469e-4e76-b61f-5bf62316367f
2026-07-22T15:24:29.856Z,PATCH,/work/change-description,200,1,176.333,1b29994e-9902-44ce-8a33-afc7d8f94408
2026-07-22T15:24:29.738Z,PATCH,/orders/set-priority,200,1,294.252,4fa9d979-72a5-409f-966b-cb2449df094d
2026-07-22T15:24:29.584Z,POST,/customers/,200,1,450.289,9263cc4a-2d85-48b6-b9b5-0c1b4b7fbbb2
2026-07-22T15:24:27.315Z,GET,/workers/21cfc7ba-31d7-4bdc-9f03-a5070ffc577d,200,1,2720.388,4b22d924-e17a-482d-a8c8-74726a5b7322
2026-07-22T15:24:29.885Z,PATCH,/customers/change-contacts,200,1,156.012,700590f8-b785-4475-a797-9be842405134
2026-07-22T15:24:29.906Z,PATCH,/orders/apply-discount,200,1,141.028,9fc79d0e-96ed-4cae-89a2-5440f98f0c3b
2026-07-22T15:24:29.884Z,PATCH,/orders/set-priority,200,1,163.721,df96c0ea-694b-4c33-ae84-97394a907e98
2026-07-22T15:24:29.914Z,POST,/customers/,200,1,134.062,69390e19-dcb4-4a65-a5ed-3b2daf55c96a
2026-07-22T15:24:24.859Z,GET,/users/?page=1&pageSize=10,200,1,5191.989,08957f03-7425-4dd9-8abf-93c9afbbef6c
2026-07-22T15:24:29.905Z,POST,/cars/,200,1,160.854,956ce210-e873-4b7e-87cc-7b20a49f9f10
2026-07-22T15:24:29.268Z,POST,/cars/,200,1,809.306,7af67123-84c4-4bec-84b1-709975650e9a
2026-07-22T15:24:29.947Z,POST,/users/,200,1,130.380,5dad4dae-abd5-4636-80ec-6492adeffe67
2026-07-22T15:24:29.952Z,POST,/users/,200,1,132.910,848134d3-08cf-4f4a-a5c2-4b7a37735164
2026-07-22T15:24:25.302Z,GET,/workers/?page=1&pageSize=10,200,1,4783.267,7b344339-350f-4a01-a5b3-963b635ea614
2026-07-22T15:24:29.969Z,POST,/users/,200,1,121.459,380e87e5-4c97-45a0-92e6-e9a04cb3a7f5
2026-07-22T15:24:29.972Z,PATCH,/cars/record-mileage,200,1,130.538,91e971a7-fc9d-4346-9065-89a942f618be
2026-07-22T15:24:29.973Z,POST,/cars/,200,1,134.901,7ad16c3d-09e1-40f1-b4db-4d78bc8ae3c7
2026-07-22T15:24:29.982Z,PATCH,/workers/change-hourly-rate,200,1,133.367,7ac3bed9-8e03-4138-86cc-4f0287d69285
2026-07-22T15:24:28.176Z,GET,/customers/0b5702c0-7a19-4ec1-947f-527a8175eb41,200,1,1944.216,9c8abfae-2c89-454c-89df-687a3d8aafa7
2026-07-22T15:24:29.982Z,POST,/cars/,200,1,137.934,e1410efc-9104-4c41-9dd7-1025acf77b95
2026-07-22T15:24:29.991Z,POST,/orders/,200,1,129.510,f77932cb-1053-41cf-8c97-b68f2b953e96
2026-07-22T15:24:30.004Z,POST,/work/,200,1,125.025,3644373f-68fe-4cbd-8342-0a75117e32a9
2026-07-22T15:24:30.006Z,POST,/workers/,200,1,129.082,892e6508-9979-47f5-8e06-43c7cf518b5e
2026-07-22T15:24:30.007Z,POST,/users/,200,1,130.701,70e2d205-188f-45ce-92d8-150ce7f6380c
2026-07-22T15:24:30.019Z,POST,/workers/,200,1,126.706,7aa5a7e9-6f88-4c95-95ec-0a4c02044048
2026-07-22T15:24:30.028Z,POST,/work/,200,1,121.981,7bf50339-5fd5-4159-bf9d-49ef9e101ba0
2026-07-22T15:24:29.340Z,GET,/users/?page=1&pageSize=10,200,1,821.171,177412c7-4c13-4f9a-acb8-40085b04b129
2026-07-22T15:24:30.050Z,POST,/cars/,200,1,112.167,5d0bb1d8-2c29-43de-8c88-1173285b8afd
2026-07-22T15:24:29.339Z,GET,/users/?page=1&pageSize=10,200,1,834.642,103efa4a-8073-48fe-9aaa-c49e136a7d47
2026-07-22T15:24:29.245Z,GET,/work/a5fc9d54-24ad-44f5-a71a-0e96910b0d87,200,1,943.263,dc10711e-1296-4862-8024-ae75daca43ee
2026-07-22T15:24:27.723Z,GET,/work/?page=1&pageSize=10,200,1,2478.275,e8f02a94-1930-41b3-86ab-6aab9f1f3260
2026-07-22T15:24:26.441Z,GET,/orders/?page=1&pageSize=10,200,1,3775.924,ec31444f-3086-436c-b39f-a9a6ebbf6671
2026-07-22T15:24:30.079Z,POST,/cars/,200,1,139.845,2f727b7c-7729-4b1a-affe-8a9d8cb7fb49
2026-07-22T15:24:30.103Z,PATCH,/work/change-description,200,1,116.265,73114ab6-8583-47c4-baf7-ce30504f0918
2026-07-22T15:24:30.104Z,PATCH,/customers/rename,200,1,115.412,40076a0f-22b9-47f9-9867-5c06f6901316
2026-07-22T15:24:30.119Z,POST,/work/,200,1,127.555,71708ddd-20f5-4005-99e2-d90f6074e146
2026-07-22T15:24:30.124Z,PATCH,/orders/set-priority,200,1,128.348,1095f537-570c-4446-9ea5-3c1ed46033cf
2026-07-22T15:24:30.128Z,PATCH,/work/change-title,200,1,124.090,188ec23e-318f-42bb-9b0f-13adea2d0197
2026-07-22T15:24:30.126Z,POST,/customers/,200,1,147.991,02b90acf-8ce8-4074-bc37-e3303644152f
2026-07-22T15:24:30.135Z,POST,/workers/,200,1,143.859,4c31eb54-904d-4a07-b96f-7eb86c084762
2026-07-22T15:24:30.131Z,POST,/workers/,200,1,148.500,f0bf4005-e8f5-4d4c-90fd-03c7f8a925d4
2026-07-22T15:24:30.136Z,POST,/customers/,200,1,152.555,bd85a5a6-c056-4f77-9e78-9d9aaadd1d7a
2026-07-22T15:24:30.137Z,POST,/workers/,200,1,152.982,415182ff-a435-4f68-a207-a89c1a7fe400
2026-07-22T15:24:28.768Z,GET,/orders/?page=1&pageSize=10,200,1,1531.442,82b51b9a-acd7-4863-b606-bf91e40a447f
2026-07-22T15:24:30.162Z,POST,/cars/,200,1,138.331,cd060670-0d2e-4ccc-9aa3-d4359069b428
2026-07-22T15:24:30.152Z,POST,/work/,200,1,153.077,b62ca0b4-8f58-4985-89b4-9281dc7e63d5
2026-07-22T15:24:30.149Z,POST,/customers/,200,1,158.731,befde3ab-e07a-45b0-8160-90a6c3423618
2026-07-22T15:24:30.182Z,POST,/orders/,200,1,135.074,510fe6e4-dad7-4fc1-8d2d-d09c600d5cd2
2026-07-22T15:24:30.175Z,POST,/customers/,200,1,151.521,a12ae137-55d4-4495-a2b7-e73922d6184d
2026-07-22T15:24:30.189Z,PATCH,/customers/rename,200,1,142.902,644626b7-e6a5-4220-a1d4-6bcd65c94221
2026-07-22T15:24:30.188Z,POST,/work/,200,1,145.017,29633af5-f6fc-4454-89bb-af0d6eb67906
2026-07-22T15:24:30.210Z,PATCH,/workers/change-role,200,1,131.420,02d1988d-a97a-48b4-8258-f306d73261a1
2026-07-22T15:24:28.104Z,GET,/cars/a4371f56-8df0-42fe-b5eb-e08dc116b804,200,1,2244.537,c2cf81ea-d892-47b0-a714-ce03a3301094
2026-07-22T15:24:28.909Z,GET,/users/8dac00c0-5363-415b-b70c-e6783ae05a36,200,1,1454.789,5f227abb-b3ea-4a1a-89b8-246a878b09f1
2026-07-22T15:24:30.215Z,POST,/orders/,200,1,151.043,2f7f41ca-0d2c-4bae-b025-b52d100724f3
2026-07-22T15:24:30.219Z,PATCH,/cars/record-mileage,200,1,146.791,5d3e11e1-8619-4671-9bae-e7f4d03d42dc
2026-07-22T15:24:29.633Z,GET,/customers/?page=1&pageSize=10,200,1,736.731,1b93e8ef-dc6a-4565-9393-c57a23e470b4
2026-07-22T15:24:30.216Z,POST,/customers/,200,1,159.883,7d3de5a8-e835-4a24-8831-849e0eb100d8
2026-07-22T15:24:30.224Z,PATCH,/workers/change-role,200,1,152.082,ef5da94d-62db-41b2-894d-3e8325ea1a9c
2026-07-22T15:24:30.226Z,POST,/work/,200,1,156.317,fd407160-33b2-4838-9aa8-9d4dce5763ce
2026-07-22T15:24:30.251Z,POST,/orders/,200,1,132.797,b8eacc67-2f0b-4363-b8b8-80807aefe1bc
2026-07-22T15:24:30.256Z,PATCH,/cars/record-mileage,200,1,135.712,c6e91d22-44ee-43fc-b0ca-e759d106f98d
2026-07-22T15:24:30.331Z,POST,/workers/,200,1,110.172,e7540449-7615-45c1-943a-cfaee9c81d33
2026-07-22T15:24:30.333Z,POST,/cars/,200,1,108.967,1731247e-5b62-4772-b7b4-944749985e18
2026-07-22T15:24:30.345Z,PATCH,/work/change-title,200,1,109.206,5747b695-a318-41a7-8a2d-01a20511975f
2026-07-22T15:24:23.384Z,GET,/work/eae0437f-82a3-4fb7-8409-4b8357ffd5dc,200,1,7075.143,2c67911f-c20a-4168-bc45-1509d2f863c7
2026-07-22T15:24:30.355Z,POST,/workers/,200,1,110.985,d63ddfe7-fa93-49f3-804b-e18881e807bf
2026-07-22T15:24:29.308Z,GET,/cars/9c367747-76cb-49af-820a-12acaa61a33f,200,1,1176.159,a0c88b7d-8ff6-424d-8756-1194e7b81498
2026-07-22T15:24:30.227Z,PATCH,/workers/change-hourly-rate,200,1,269.439,6a46d6f1-2d3c-40b8-b989-eaabd6cec457
2026-07-22T15:24:30.016Z,POST,/workers/,200,1,482.278,3f9ecda9-87fc-43b7-8203-0f7b35690cc6
2026-07-22T15:24:30.027Z,POST,/customers/,200,1,475.359,b7dd595b-e002-451a-abe5-366ceef4abdd
2026-07-22T15:24:30.026Z,POST,/work/,200,1,477.619,d05a4e3b-9ed2-4692-a317-ee199031375f
2026-07-22T15:24:30.230Z,POST,/orders/,200,1,273.430,24ee0d77-c209-4e86-b1aa-aea6eb268d49
2026-07-22T15:24:29.664Z,GET,/orders/a64245a1-e7bf-4892-baf9-33df3931295a,200,1,840.979,097f2330-09c4-41ee-bf22-68cd9fb97e6a
2026-07-22T15:24:30.368Z,POST,/work/,200,1,137.867,bc41ac19-b8fe-4b39-be7d-0cefffa308b2
2026-07-22T15:24:30.238Z,POST,/work/,200,1,275.502,ca99f596-6cbd-4946-8555-0e7c6204802a
2026-07-22T15:24:30.137Z,GET,/work/78330dd3-2a74-467e-9ab1-1c097bfdc56d,200,1,384.002,cde14053-1bf7-423e-bced-7997ce33236d
2026-07-22T15:24:29.930Z,GET,/workers/76e184cb-28f1-4984-8fe8-dbcb4d656b7f,200,1,591.468,d2a7aa6b-08ec-4c08-a462-953d3d4699dc
2026-07-22T15:24:30.389Z,POST,/cars/,200,1,133.742,40b1992e-7055-48b1-946a-a4c8264654d7
2026-07-22T15:24:30.402Z,PATCH,/orders/apply-discount,200,1,134.776,0bd2ea3c-fcb7-48e0-8b27-4a78f177cc1f
2026-07-22T15:24:30.409Z,POST,/users/,200,1,127.378,9cb032d6-3325-4287-859c-d4365136a899
2026-07-22T15:24:30.427Z,POST,/orders/,200,1,135.291,73d94f06-a4de-474b-aa6c-5eec8ed4ed0f
2026-07-22T15:24:30.432Z,POST,/customers/,200,1,131.188,bb32ab6f-6ab1-4bc3-b390-4a4e8004c5c8
2026-07-22T15:24:30.212Z,GET,/orders/?page=1&pageSize=10,200,1,356.950,3af76d3f-d72d-454b-9a98-36c44ce277bd
2026-07-22T15:24:30.437Z,PATCH,/orders/set-priority,200,1,134.443,1b38f7b9-c1bd-4a76-a80f-4b478a9cd9c1
2026-07-22T15:24:29.155Z,GET,/customers/14fcffa7-2f3d-4d53-be07-89e1ca8501d6,200,1,1418.487,aaa9cf07-0705-4be4-ab44-fe5ed9931cde
2026-07-22T15:24:24.728Z,GET,/orders/9642b97f-0be6-4b1b-bf4a-681eecca035c,200,1,5846.116,703cdbb4-5a40-43da-8ae7-3c888cd86782
2026-07-22T15:24:30.444Z,POST,/users/,200,1,133.444,37c3b05c-02af-4eef-bfc4-ad729de90a18
2026-07-22T15:24:30.445Z,PATCH,/workers/change-hourly-rate,200,1,132.629,f2b51ec6-e2bb-43f6-8ee3-ded19bb4f3b0
2026-07-22T15:24:30.446Z,POST,/work/,200,1,132.018,7c462cfb-c0b3-456a-8c31-428776027bc5
2026-07-22T15:24:30.442Z,POST,/work/,200,1,138.096,1a748966-72b4-4c39-b43d-a6a929e0a16b
2026-07-22T15:24:30.362Z,GET,/customers/6760547e-3b75-4b8b-9d3b-4c3d10716259/with-cars,200,1,226.649,224437f5-a3e8-45c3-b49c-aecef39b51ab
2026-07-22T15:24:30.497Z,POST,/cars/,200,1,115.433,f48d45e0-68af-43d0-9f80-7e53e397cbd6
2026-07-22T15:24:30.502Z,PATCH,/workers/change-hourly-rate,200,1,139.635,d863565b-1fc2-443c-abe6-483487f6ae28
2026-07-22T15:24:30.504Z,PATCH,/workers/change-hourly-rate,200,1,137.515,04943703-b2df-435a-a1f3-4e3dd0fbc7ce
2026-07-22T15:24:29.726Z,GET,/work/8c84947e-4217-4de5-a1a9-db077a5c434e,200,1,933.348,62499c9a-8123-487f-869f-8152c4bf2f0c
2026-07-22T15:24:29.731Z,GET,/cars/?page=1&pageSize=10,200,1,932.301,6481dc3b-e228-400b-b6c9-00efc1368565
2026-07-22T15:24:30.537Z,PATCH,/workers/change-role,200,1,130.050,8907708a-0b68-45e8-8503-62f48ef08521
2026-07-22T15:24:27.512Z,GET,/work/b1da4a83-ae6d-416e-9764-75b970d68f1f,200,1,3159.962,0f9300aa-6f30-4306-99f4-0ce9b3a4b6f2
2026-07-22T15:24:30.536Z,POST,/cars/,200,1,138.977,2871bb27-26d6-47ea-af24-ee5ac681b779
2026-07-22T15:24:28.484Z,GET,/users/c5cd3ac3-a812-41c0-821e-cee16f9968ba,200,1,2193.483,c396331c-b25a-4c4d-b7c5-ab0090b2f821
2026-07-22T15:24:30.544Z,POST,/cars/,200,1,153.468,beba786d-1131-4fcf-9a14-8360e0519a83
2026-07-22T15:24:30.261Z,GET,/cars/?page=1&pageSize=10,200,1,464.824,43da4a94-0734-41b0-b390-e9b7eb9736a2
2026-07-22T15:24:30.551Z,POST,/cars/,200,1,176.482,e9c1b109-0651-468a-9023-3566a70a272a
2026-07-22T15:24:30.560Z,POST,/users/,200,1,168.046,547db52b-fc1d-4def-8c72-c3886de4ca60
2026-07-22T15:24:30.567Z,PATCH,/workers/change-role,200,1,164.321,c611fb35-581c-4fbb-8700-5c5cc4f4ad02
2026-07-22T15:24:30.562Z,PATCH,/workers/change-role,200,1,168.805,e69799d2-8184-465c-b989-9c312d3c4843
2026-07-22T15:24:30.578Z,PATCH,/work/change-description,200,1,153.491,a446a540-0a9d-4d2b-a956-0a3998d06ec1
2026-07-22T15:24:30.587Z,PATCH,/orders/set-priority,200,1,144.601,28a7895a-f8ca-4d12-87e9-837eeb6240cf
2026-07-22T15:24:30.303Z,POST,/cars/,200,1,428.648,3f4d8a4b-1493-4a1e-b3ca-8dbd04f4ba42
2026-07-22T15:24:30.285Z,POST,/workers/,200,1,446.611,78412f44-2a06-4511-a8ee-9cb204652b06
2026-07-22T15:24:30.289Z,POST,/cars/,200,1,443.067,1f444937-a3a2-43a8-a25b-84fa1c307790
2026-07-22T15:24:30.284Z,POST,/workers/,200,1,447.585,b6cd6eb6-cae0-4ed7-927e-7aa4e45d1333
2026-07-22T15:24:30.598Z,PATCH,/customers/change-contacts,200,1,134.074,01bb0e01-94ca-4b58-ab4a-7c41216b6cc7
2026-07-22T15:24:26.840Z,GET,/orders/0968bbb0-8813-438b-a99b-e4a209de5612,200,1,3900.368,2738099f-3b7b-4fd4-9fc2-ad4d627e7383
2026-07-22T15:24:28.026Z,GET,/users/22c10f25-aba4-48ae-a531-fc2367119fea,200,1,2715.459,018df5e3-5f9c-49e1-87b0-6d4308affd52
2026-07-22T15:24:30.606Z,POST,/users/,200,1,146.515,4b18162f-49e8-4e93-bb93-e82fec11983f
2026-07-22T15:24:30.615Z,POST,/work/,200,1,137.647,d4124345-6a48-4f7e-bb8d-bb19a90281e0
2026-07-22T15:24:30.619Z,POST,/work/,200,1,135.376,27fadb86-43ad-4fd7-9ec2-429cbf01077c
2026-07-22T15:24:28.835Z,GET,/work/?page=1&pageSize=10,200,1,1925.256,2f8e9edb-46c2-42d2-bfc5-31610832d7f5
2026-07-22T15:24:30.627Z,POST,/users/,200,1,145.089,663be5a2-fc2a-433d-acca-e96005c65069
2026-07-22T15:24:30.304Z,POST,/work/,200,1,469.992,73535957-a6f3-4113-830f-7fc62b63307f
2026-07-22T15:24:30.641Z,POST,/users/,200,1,137.461,0fa14557-3a3b-4ace-8889-2daca392a4b4
2026-07-22T15:24:30.643Z,POST,/cars/,200,1,136.136,d26acc98-b353-4108-b78a-141bb248ff91
2026-07-22T15:24:30.653Z,PATCH,/work/change-title,200,1,133.153,63e860d7-b441-46cb-8fdd-af6d69d35c49
2026-07-22T15:24:30.660Z,PATCH,/work/change-description,200,1,132.784,ce1359af-e27d-4e51-9f60-a824f4275cb6
2026-07-22T15:24:30.670Z,POST,/users/,200,1,124.708,e97b2414-400e-44e7-8544-fa4e463bb19f
2026-07-22T15:24:25.387Z,GET,/orders/?page=1&pageSize=10,200,1,5435.610,42ded8b2-1d1b-47fe-b8dd-92e4208e6513
2026-07-22T15:24:30.689Z,POST,/cars/,200,1,138.422,b96d8144-26aa-48a2-b2fc-e812aa7d8751
2026-07-22T15:24:30.695Z,POST,/users/,200,1,139.505,3163c90e-f0d1-44d7-b661-4771a9e1f6a3
2026-07-22T15:24:30.689Z,PATCH,/workers/change-role,200,1,146.237,82156d05-53f6-42c5-9db0-ae847896e342
2026-07-22T15:24:28.952Z,GET,/work/71dfa8b8-efef-46b2-977d-29a091284be3,200,1,1884.635,90401892-2164-4286-a123-41a1087f591a
2026-07-22T15:24:30.703Z,PATCH,/orders/apply-discount,200,1,136.667,2cb238b5-44e1-433d-8d14-f8555fe2f498
2026-07-22T15:24:30.700Z,POST,/customers/,200,1,139.978,48ed2a93-2107-49a5-8844-966d25e1819d
2026-07-22T15:24:30.718Z,PATCH,/customers/change-contacts,200,1,124.780,ce909059-e0e5-4120-afb2-c3a70bbf8e52
2026-07-22T15:24:27.095Z,GET,/cars/?page=1&pageSize=10,200,1,3768.398,92e39f92-f02d-42ee-b3fc-f9aedcdeba83
2026-07-22T15:24:27.555Z,GET,/workers/?page=1&pageSize=10,200,1,3308.471,f1a39854-5c2f-46b1-8b19-0c6f6b0ebfc1
2026-07-22T15:24:30.739Z,POST,/users/,200,1,130.039,4aee80fc-8d2f-4c87-8f5e-58c777bceab8
2026-07-22T15:24:30.738Z,POST,/orders/,200,1,135.678,9bd043fd-faf8-439c-98fc-38b140a8452c
2026-07-22T15:24:30.754Z,POST,/orders/,200,1,124.118,345b54f0-2eff-4a62-9d98-fb067250d294
2026-07-22T15:24:30.765Z,POST,/cars/,200,1,131.353,2ca47e35-43bd-4050-971b-0db7045442a2
2026-07-22T15:24:27.624Z,GET,/orders/30806a15-e9a2-4dfb-a1d2-eb7ed4e64eef,200,1,3274.750,a166f79d-93ad-43c9-a042-e2ad5d2dbf18
2026-07-22T15:24:30.769Z,PATCH,/work/set-estimate,200,1,134.877,3dd160b2-5372-4973-9b83-89db6d7efcef
2026-07-22T15:24:28.573Z,GET,/cars/?page=1&pageSize=10,200,1,2342.015,a17be8f6-cb7e-4e2a-82b9-f51f7f3a1773
2026-07-22T15:24:30.798Z,POST,/workers/,200,1,134.991,984dbfea-b141-4628-a5b7-e4fca99196ff
2026-07-22T15:24:30.796Z,PATCH,/work/set-estimate,200,1,136.883,9b344bbd-51ea-42ae-ac20-b2e6c67c0596
2026-07-22T15:24:30.799Z,POST,/work/,200,1,134.010,370840a6-7779-4b40-bb2e-e3909df84aec
2026-07-22T15:24:30.807Z,PATCH,/cars/record-mileage,200,1,131.000,eb661ec3-56fc-4101-89ab-fecca00dd91d
2026-07-22T15:24:30.808Z,PATCH,/work/change-description,200,1,130.169,af51b5f2-82aa-4583-96b9-c4437b5f54e3
2026-07-22T15:24:30.819Z,PATCH,/customers/rename,200,1,128.594,cec09960-d101-4e1a-aaac-231a2f21d087
2026-07-22T15:24:30.831Z,POST,/workers/,200,1,125.569,6969ea74-c218-4855-a9e0-65c130363d08
2026-07-22T15:24:29.067Z,GET,/workers/55d54bfa-e5e3-4c88-bed6-5a02a29bc598,200,1,1893.285,4c32cda8-ad87-47a3-961f-fb1ffcb8ff2e
2026-07-22T15:24:30.265Z,GET,/cars/?page=1&pageSize=10,200,1,708.799,505ea3bd-6120-4de0-a9f1-e9bf701cff90
2026-07-22T15:24:30.843Z,POST,/cars/,200,1,135.257,244794c7-91c4-4bbd-a925-2d8a3354e3ae
2026-07-22T15:24:30.852Z,POST,/users/,200,1,128.039,1656e374-2ccd-4739-850b-06ff0e1a3f48
2026-07-22T15:24:30.286Z,GET,/orders/2c0515e7-dca2-45d0-9e37-6efc9b6241bc,200,1,728.077,79cac700-d7a0-4d0b-a170-841f7a29f8f5
2026-07-22T15:24:30.893Z,POST,/workers/,200,1,129.664,c53cbaa2-ce72-4595-842c-5888b87515e4
2026-07-22T15:24:30.891Z,POST,/customers/,200,1,136.149,ee3a352f-132d-4445-a6af-0371e9c46a27
2026-07-22T15:24:27.648Z,GET,/customers/eaa81316-e59a-40af-a35d-e97736af1c2b,200,1,3392.191,7d88a428-26f1-48ef-a453-4b190fa1118d
2026-07-22T15:24:30.914Z,POST,/cars/,200,1,133.253,70e8847e-b29e-4ee7-9b77-f62c89a5bfe0
2026-07-22T15:24:30.922Z,POST,/workers/,200,1,129.171,3ba99fa5-b0f0-4b55-b9fb-372be1185e7f
2026-07-22T15:24:30.924Z,POST,/cars/,200,1,131.604,b2df474b-bd45-4a57-8b96-c257451b5991
2026-07-22T15:24:30.927Z,POST,/customers/,200,1,136.868,722a0331-5e71-464e-b344-43afb79b883d
2026-07-22T15:24:30.928Z,POST,/work/,200,1,135.864,56aae696-1046-4dc1-ac6f-4fca48d4fc99
2026-07-22T15:24:30.945Z,POST,/cars/,200,1,132.844,94166e1b-4e0e-4ce7-b2da-d63b43426828
2026-07-22T15:24:28.515Z,GET,/work/2c53bdc1-04de-46b0-8dce-5b97e3eb28b7,200,1,2576.994,54a70082-258c-4bab-b64b-1f09b3288160
2026-07-22T15:24:28.491Z,GET,/customers/69139bb8-bd2b-4b02-a7ee-1196560b2edd,200,1,2603.940,cca6dfa0-e978-483e-85c2-6a34f3689e1d
2026-07-22T15:24:30.970Z,POST,/orders/,200,1,128.533,a53f876d-a298-4259-b22b-6f491adec355
2026-07-22T15:24:30.971Z,PATCH,/workers/change-hourly-rate,200,1,135.247,6c58836f-6123-4b11-9e35-8308645b2e30
2026-07-22T15:24:30.970Z,PATCH,/orders/apply-discount,200,1,146.839,f1174e02-7dfa-4fb3-ab0d-e66af00fca0c
2026-07-22T15:24:30.978Z,POST,/work/,200,1,144.581,9ad79a94-604c-4a10-ab2b-e7cabd179920
2026-07-22T15:24:30.971Z,POST,/customers/,200,1,151.630,e585bb73-05e8-4427-8a95-2725ec23674f
2026-07-22T15:24:30.963Z,PATCH,/work/change-title,200,1,159.732,e04ef860-cb67-4491-bd05-c2058db9935c
2026-07-22T15:24:31.009Z,POST,/workers/,200,1,121.023,39a2fd56-e80d-44f9-98d8-b49efe821d5b
2026-07-22T15:24:30.186Z,GET,/cars/?page=1&pageSize=10,200,1,945.517,67f8b4d9-b414-43ac-a7e6-d8f7ff884ee0
2026-07-22T15:24:31.017Z,POST,/cars/,200,1,126.657,7c7ced8d-3388-4952-ba0f-4789da1e73e6
2026-07-22T15:24:31.016Z,POST,/cars/,200,1,127.287,fab01d41-3018-4a97-9d67-1469f7a81da4
2026-07-22T15:24:31.019Z,PATCH,/work/set-estimate,200,1,124.459,959bd45b-6b01-4c1f-8192-88bc914b4079
2026-07-22T15:24:28.886Z,GET,/customers/838ff0b1-c717-486e-95cb-ae2a3323b52a/with-cars,200,1,2257.681,960dcf8c-54dd-4e0a-9e9c-c7840d22654c
2026-07-22T15:24:30.089Z,GET,/cars/06755763-92ee-4a12-b3ef-08cf2af4ed79,200,1,1059.457,8c07f2f1-f244-42d6-b916-803c7b3eb641
2026-07-22T15:24:29.273Z,GET,/customers/70d08ea5-2d95-46d5-8483-b329792da906,200,1,1893.133,b5d89ee6-e674-484a-8507-61aee4b29c63
2026-07-22T15:24:30.570Z,GET,/workers/18c69258-6f30-4221-b8d7-43b459c90480,200,1,606.572,28e390fb-6ed3-4586-afac-16a0691e5155
2026-07-22T15:24:31.049Z,POST,/cars/,200,1,136.755,7ca26df9-75b2-46e4-ac32-527be5ba8c52
2026-07-22T15:24:31.048Z,POST,/customers/,200,1,137.748,e6e75c18-0e48-4104-9d91-90f193dda9b8
2026-07-22T15:24:31.051Z,POST,/customers/,200,1,134.918,f7b1d43f-c982-4958-9de1-3499e6c257da
2026-07-22T15:24:31.053Z,POST,/customers/,200,1,136.761,530d670b-8e11-4663-9981-5e20e2b34fe2
2026-07-22T15:24:31.058Z,POST,/work/,200,1,134.679,fb0633de-efea-426f-9a35-487628edc846
2026-07-22T15:24:31.064Z,PATCH,/work/change-description,200,1,128.776,bb68647a-b17a-4d48-9483-d45e884ab7ac
2026-07-22T15:24:29.327Z,GET,/work/eae0437f-82a3-4fb7-8409-4b8357ffd5dc,200,1,1865.648,1e1b74c9-2756-4c1d-8764-ea3e959b22d3
2026-07-22T15:24:31.070Z,PATCH,/customers/change-contacts,200,1,128.778,3bfe5126-0497-4aeb-bab4-f6bf85c017f1
2026-07-22T15:24:31.078Z,POST,/customers/,200,1,132.406,05ebce12-8149-4483-bf8b-236277cde601
2026-07-22T15:24:31.080Z,POST,/work/,200,1,132.504,e1402bd2-1c41-403a-bd99-6263de042611
2026-07-22T15:24:31.076Z,POST,/customers/,200,1,138.227,d9f17235-12c9-438a-b2c5-db9089c6aed8
2026-07-22T15:24:30.626Z,GET,/orders/0ef730fa-0d42-4bdf-a7ec-9e1ed4d12386,200,1,595.376,b0a241a5-6369-4033-a2f7-817c7d4b8a71
2026-07-22T15:24:31.089Z,POST,/customers/,200,1,136.088,fe61306b-4fa9-4c9f-b7dd-40af015c7031
2026-07-22T15:24:31.093Z,POST,/cars/,200,1,135.230,ed0a8212-1f46-4227-bfd8-69735ba98074
2026-07-22T15:24:30.623Z,GET,/users/?page=1&pageSize=10,200,1,609.423,cf6c197c-a734-4149-9d6d-9228264ba1d4
2026-07-22T15:24:31.105Z,POST,/orders/,200,1,127.439,3b79e223-c2c1-4057-9972-e3001f97f1c7
2026-07-22T15:24:31.121Z,POST,/workers/,200,1,126.299,b49bb076-49a2-4dec-bd12-2e925c388213
2026-07-22T15:24:31.134Z,POST,/users/,200,1,120.631,a12a0d77-a9e6-4255-bbd0-cbbf778821c7
2026-07-22T15:24:28.010Z,GET,/users/?page=1&pageSize=10,200,1,3275.805,d5fde50c-ff05-4612-90b9-e2eb05a6ca42
2026-07-22T15:24:29.429Z,GET,/orders/8436f69d-465a-44ea-8a10-68d06695be22,200,1,1864.826,a6a54ecd-4928-41f7-a144-00a94a6510ee
2026-07-22T15:24:31.171Z,POST,/workers/,200,1,130.195,dbdaa896-636e-4d5c-bff5-451f05cdc891
2026-07-22T15:24:31.194Z,POST,/users/,200,1,129.037,ce21f840-dc55-4463-b890-6c5ccf342077
2026-07-22T15:24:28.289Z,GET,/work/?page=1&pageSize=10,200,1,3036.808,9cc4c175-32f8-4942-93a1-8b2cacceef10
2026-07-22T15:24:28.998Z,GET,/customers/91f8b364-00c5-4b6b-9176-87e82777c473,200,1,2330.862,8c48e8f3-25b2-40e7-8500-790022a5fb63
2026-07-22T15:24:31.232Z,POST,/cars/,200,1,102.141,3f84eaa1-5702-41dd-873c-20b933dc585d
2026-07-22T15:24:30.527Z,GET,/users/15c49dc2-1d26-455f-be83-b9a81c8d6b07,200,1,812.467,63a1504d-3952-40f0-a27e-ece6ab6738fe
2026-07-22T15:24:28.757Z,GET,/work/42e1ba28-e453-4d56-9e31-7bb02b69a4de,200,1,2600.485,de91e20f-4e77-4330-ba0d-a7b452c8ccfe
2026-07-22T15:24:30.226Z,GET,/users/?page=1&pageSize=10,200,1,1154.825,d5143977-4291-4b0a-9f1a-1fb539a8fd05
2026-07-22T15:24:31.245Z,PATCH,/orders/apply-discount,200,1,150.972,2b9c68e1-4133-413f-8ff4-eaf7ca4e7772
2026-07-22T15:24:31.257Z,PATCH,/workers/change-role,200,1,144.233,bcc9323a-e1d0-4b49-b013-0a1d46eed448
2026-07-22T15:24:31.283Z,POST,/orders/,200,1,118.409,9fd671a3-de20-4555-87a1-27866d8932bd
2026-07-22T15:24:31.279Z,POST,/workers/,200,1,127.538,abd6c293-158c-438c-b63c-3faa458d4119
2026-07-22T15:24:31.290Z,POST,/work/,200,1,116.723,b9f45e45-3a68-49b6-b246-98fa6eb5ed40
2026-07-22T15:24:29.528Z,GET,/workers/?page=1&pageSize=10,200,1,1891.920,0b217919-0545-419d-aceb-8ceb66cf56d8
2026-07-22T15:24:31.297Z,POST,/cars/,200,1,123.089,e2b6ef9d-fb30-479f-8f18-f1e10ae259a2
2026-07-22T15:24:31.304Z,POST,/users/,200,1,126.897,bb997a11-227f-4d78-80f0-7581178738b8
2026-07-22T15:24:31.301Z,POST,/orders/,200,1,130.149,7345bcd5-0663-4e98-b644-f2260bd5005b
2026-07-22T15:24:31.306Z,POST,/customers/,200,1,146.720,4138c20c-5e4a-4739-8be9-d730c8cf86e2
2026-07-22T15:24:31.325Z,POST,/users/,200,1,140.186,a17e6dd7-a424-4223-b497-654c7dc6d814
2026-07-22T15:24:31.327Z,POST,/workers/,200,1,137.928,455dc420-9ad9-4fb3-b03c-d175d952b671
2026-07-22T15:24:31.328Z,PATCH,/cars/record-mileage,200,1,170.891,f7558402-3459-455f-a7a1-f11901b4b895
2026-07-22T15:24:31.328Z,POST,/customers/,200,1,173.928,22dd83c8-eea7-4450-b04e-0aef05454201
2026-07-22T15:24:31.344Z,POST,/orders/,200,1,160.226,f1daab2d-7ffa-4046-b887-7763b0c9cb65
2026-07-22T15:24:30.359Z,GET,/work/aa791a32-20b2-408a-b280-dccd3fe03434,200,1,1150.483,030d0103-e805-4b67-ae7e-a77816608af1
2026-07-22T15:24:27.738Z,GET,/work/b54f8bd5-6f6e-4935-b634-2b42df5b0923,200,1,3785.242,257230e3-e54a-4603-9377-fd69a9e5f589
2026-07-22T15:24:31.345Z,POST,/users/,200,1,186.048,e6065809-0204-4d62-9463-442dee18e930
2026-07-22T15:24:31.334Z,POST,/cars/,200,1,197.407,ae718a11-818b-4025-ad5a-5eee0d8a77f8
2026-07-22T15:24:31.333Z,PATCH,/workers/change-hourly-rate,200,1,197.736,3939cdce-4661-4002-866d-41ca42a82f45
2026-07-22T15:24:28.103Z,GET,/users/751605f3-2d43-4f45-956d-9d1c1afe62ad,200,1,3433.741,8ec2abc3-2f30-4b5b-a928-34f05a0b58a1
2026-07-22T15:24:31.360Z,POST,/work/,200,1,178.361,0b39521f-6694-47d4-ac4e-f6bfe45fe170
2026-07-22T15:24:31.359Z,POST,/cars/,200,1,183.999,edca0794-cc90-40b2-b48e-d47e5d71dd12
2026-07-22T15:24:31.364Z,POST,/customers/,200,1,187.509,2ed5588d-9298-4975-a163-4e9bb6fe91b0
2026-07-22T15:24:31.374Z,POST,/cars/,200,1,178.021,df1d8647-1465-404b-9934-36b0aab1b7bc
2026-07-22T15:24:28.883Z,GET,/customers/784dc4f1-315d-4135-a22a-4c82f5802921,200,1,2669.066,2fc05b30-09b9-46c6-bf38-fd7491ab0e43
2026-07-22T15:24:31.427Z,POST,/users/,200,1,135.764,94550376-4782-475a-925d-16be5df73518
2026-07-22T15:24:29.255Z,GET,/users/657a9e71-fda6-4808-994e-73ada78d9f14,200,1,2312.218,c51d6eef-1504-4f39-b4df-3348913a172a
2026-07-22T15:24:31.410Z,POST,/workers/,200,1,158.019,d098a0fe-e861-4c49-b3ae-d7a9c655deea
2026-07-22T15:24:31.431Z,POST,/users/,200,1,143.383,4e6f1b1a-033e-45d6-9cd5-9b89c9776ed2
2026-07-22T15:24:31.398Z,PATCH,/work/change-description,200,1,176.461,08c25d6f-2461-480e-ab19-874ebab94af2
2026-07-22T15:24:31.411Z,POST,/customers/,200,1,163.837,89d5d801-9ce4-49b7-9770-22fe81bc04bc
2026-07-22T15:24:31.430Z,PATCH,/work/change-title,200,1,145.120,1919b276-a86d-48ca-8b9d-6a929b75ee20
2026-07-22T15:24:31.448Z,POST,/cars/,200,1,137.926,9c88fba0-9e56-46b5-bdb1-f4944fd0b8fb
2026-07-22T15:24:31.452Z,POST,/workers/,200,1,148.233,b5f3e77d-a19e-4dc9-8cee-c0d1d7b7b967
2026-07-22T15:24:31.476Z,POST,/workers/,200,1,134.783,152f53e4-9a64-494a-b010-d8d802486f04
2026-07-22T15:24:28.637Z,GET,/workers/?page=1&pageSize=10,200,1,2987.240,c98e8b4a-16c7-4a34-ae8a-6e41ed21372d
2026-07-22T15:24:31.480Z,PATCH,/workers/change-role,200,1,145.050,678e262e-3eaf-4c6f-9b0c-ebdddb32bd78
2026-07-22T15:24:31.477Z,PATCH,/customers/change-contacts,200,1,147.274,f0814c66-f0c8-43ec-8242-f48f42df92ba
2026-07-22T15:24:31.490Z,POST,/workers/,200,1,139.155,faaaeeb3-27d3-4cee-acee-e02784e4adb4
2026-07-22T15:24:30.694Z,GET,/cars/?page=1&pageSize=10,200,1,941.456,cb977fdd-bb26-4752-b652-a7da70760a33
2026-07-22T15:24:31.501Z,PATCH,/customers/rename,200,1,134.455,5ce482e6-9f51-49b1-9639-680ef3b4e057
2026-07-22T15:24:31.508Z,PATCH,/customers/change-contacts,200,1,127.760,9faadd9e-4605-41d0-8741-6945387aa3c6
2026-07-22T15:24:25.397Z,GET,/orders/008351fe-3870-4204-8d8e-a5fb25383c62,200,1,6246.069,2230b470-317f-4526-ad65-002781e5e901
2026-07-22T15:24:31.512Z,POST,/orders/,200,1,131.133,e047b14b-1d0a-4aa9-b6b5-d8bffebba530
2026-07-22T15:24:31.515Z,PATCH,/orders/set-priority,200,1,136.760,72a1319c-c8aa-419c-98e2-5b91668703a1
2026-07-22T15:24:29.089Z,GET,/work/24cb4260-4dc2-4293-a769-a5fe30c730f1,200,1,2565.049,a95f4c9d-6d05-48a4-bed8-6467091e6acd
2026-07-22T15:24:31.521Z,POST,/customers/,200,1,134.724,4726dd6b-3742-4380-8d51-8fb1c56cded1
2026-07-22T15:24:31.517Z,PATCH,/workers/change-hourly-rate,200,1,143.138,81bae3a0-0bd0-42b8-9139-84681942a49c
2026-07-22T15:24:31.523Z,POST,/customers/,200,1,141.848,7d242a31-35bf-49c7-a12f-235c9eb38967
2026-07-22T15:24:31.526Z,POST,/cars/,200,1,140.127,cc79a3cb-9af6-454a-8338-e31de704e040
2026-07-22T15:24:31.530Z,PATCH,/customers/rename,200,1,140.055,1c28efdc-8503-40f4-9277-c8d1bdd50941
2026-07-22T15:24:30.881Z,GET,/users/401dd2c7-3fbd-4d1f-99d9-db0409be12a8,200,1,798.776,88306785-c5be-41f8-bb7e-068671fbda76
2026-07-22T15:24:27.180Z,GET,/workers/9dcee880-1fee-458e-83b1-79f20382ed46,200,1,4500.330,b2e5ea33-72cb-4a6f-9ee3-a74faa5d5642
2026-07-22T15:24:29.038Z,GET,/cars/?page=1&pageSize=10,200,1,2647.252,d722466a-d433-41bd-ab99-ab57399215a8
2026-07-22T15:24:31.562Z,POST,/workers/,200,1,123.732,39684c05-c80d-4fc7-85f7-b8721d7304ea
2026-07-22T15:24:31.561Z,POST,/cars/,200,1,124.826,4409e289-29ba-44bf-82cc-1251988b062c
2026-07-22T15:24:31.593Z,POST,/work/,200,1,122.370,ad33d9cc-1ba0-4c51-90c1-f3b35a8e7a38
2026-07-22T15:24:31.594Z,PATCH,/workers/change-role,200,1,123.925,9f8d625a-4c6e-4f69-a58b-1a72b562322f
2026-07-22T15:24:31.591Z,PATCH,/customers/rename,200,1,129.187,7a5ced51-dfb0-4e78-9e59-97cbbcbdcff2
2026-07-22T15:24:29.356Z,GET,/orders/6b503b26-21a7-48f2-9653-17b7bd85191f,200,1,2376.486,ff338900-6db0-4185-8d19-086281298ad5
2026-07-22T15:24:31.627Z,POST,/orders/,200,1,128.485,1478507f-75d4-4877-8777-a9f578ce35f8
2026-07-22T15:24:29.886Z,GET,/orders/?page=1&pageSize=10,200,1,1879.081,84096a78-49c9-453f-86dc-44cf5ae1fabc
2026-07-22T15:24:31.638Z,POST,/users/,200,1,140.512,a54412d9-21ee-4f0c-a9b3-c6e7842eb2d3
2026-07-22T15:24:28.510Z,GET,/cars/?page=1&pageSize=10,200,1,3275.753,83a53311-d3a3-462c-97ba-2e995c0217e7
2026-07-22T15:24:31.661Z,POST,/orders/,200,1,147.812,f57b2e25-6239-46c0-ad31-aee33751a575
2026-07-22T15:24:28.778Z,GET,/work/?page=1&pageSize=10,200,1,3033.268,4006c786-eab9-4c3c-8211-237895de8ec3
2026-07-22T15:24:31.671Z,POST,/customers/,200,1,145.898,b75d6e4f-db20-4245-bafe-ec616faac02f
2026-07-22T15:24:31.683Z,PATCH,/workers/change-hourly-rate,200,1,133.917,14f2bb16-1f1b-4d0a-a184-fe4a003800ca
2026-07-22T15:24:31.679Z,POST,/orders/,200,1,137.583,0ad9cb5c-b1a8-4886-b273-94b1fcf58edb
2026-07-22T15:24:31.678Z,POST,/orders/,200,1,138.992,c55ac287-4cb9-46b6-be8d-f543e74db34e
2026-07-22T15:24:31.685Z,POST,/workers/,200,1,137.803,df05ba08-3208-4e18-ac9c-5dd02b55b1ac
2026-07-22T15:24:31.347Z,GET,/customers/940e507f-c13b-43f1-b896-581cea2e9766/with-cars,200,1,476.040,5a23a0c6-9a85-4b43-912b-bf715aa3ebf3
2026-07-22T15:24:31.699Z,POST,/users/,200,1,132.396,f3b17211-4e29-426c-9e62-418a786e3a88
2026-07-22T15:24:31.705Z,POST,/orders/,200,1,127.314,21491604-2ad7-494f-939f-61e66fada6ad
2026-07-22T15:24:31.704Z,POST,/cars/,200,1,127.882,e8591a9f-b2aa-4e7d-bbab-74d765e11edd
2026-07-22T15:24:29.198Z,GET,/users/?page=1&pageSize=10,200,1,2642.553,8e5bb3bb-9532-4d00-a788-89059b0aeec7
2026-07-22T15:24:31.707Z,PATCH,/cars/record-mileage,200,1,136.191,d9029ac4-6517-4d90-9130-7c1346d0e7b1
2026-07-22T15:24:31.719Z,PATCH,/work/change-title,200,1,124.482,9c6fbba3-7ba7-40bd-94af-db1f8dd8af80
2026-07-22T15:24:31.720Z,PATCH,/work/change-description,200,1,133.896,87c3128a-dd41-44e9-8e97-1055f0fbee6b
2026-07-22T15:24:31.487Z,GET,/cars/967815b3-f5ad-4f45-8acf-7ab05d71c722,200,1,369.070,82c7869a-23a0-4226-b28b-1e25d2aa233f
2026-07-22T15:24:31.730Z,PATCH,/users/change-password,200,1,127.728,8e5b0dc0-8764-4892-8eb0-d2cc6b1768c2
2026-07-22T15:24:31.741Z,POST,/customers/,200,1,124.920,ce2913b2-2af4-47bb-822f-16a36d48211b
2026-07-22T15:24:26.335Z,GET,/customers/7c0524c4-1ac0-4037-97eb-a9fc3921e47a,200,1,5533.254,2ceb2fa7-264e-4abf-8c0c-9228759941ea
2026-07-22T15:24:31.745Z,POST,/customers/,200,1,130.374,f106cd0c-2714-4775-95dc-beecc017eb68
2026-07-22T15:24:31.744Z,POST,/users/,200,1,130.946,2fae2437-696d-4919-ac5d-962073de6eed
2026-07-22T15:24:31.748Z,POST,/users/,200,1,127.488,2657c519-21da-412b-aa1d-50aa4f5c225a
2026-07-22T15:24:31.749Z,POST,/orders/,200,1,126.434,cc2bf32c-4f85-455d-87cd-a5baa791cd6e
2026-07-22T15:24:31.753Z,PATCH,/work/change-title,200,1,136.245,08417f49-ece6-4f3f-8f49-98f02aaa2431
2026-07-22T15:24:31.760Z,POST,/orders/,200,1,129.435,69f0b568-e618-431f-ab68-42ec645f2190
2026-07-22T15:24:29.665Z,GET,/customers/363ee49a-06b0-4b02-bb88-1026456d5a66,200,1,2258.444,4758d5ab-ae64-4a7a-9803-a0437e6bd042
2026-07-22T15:24:31.784Z,PATCH,/customers/rename,200,1,141.033,55ab2c4c-040e-43ec-a3db-6f636c153578
2026-07-22T15:24:31.806Z,POST,/workers/,200,1,135.955,b600cb49-45d5-4c32-b75a-c246dbd26eff
2026-07-22T15:24:31.805Z,PATCH,/cars/record-mileage,200,1,137.262,e2372d5b-d92f-42c5-9dbf-1cab75b9d91f
2026-07-22T15:24:31.038Z,GET,/workers/?page=1&pageSize=10,200,1,905.000,968626a4-aea1-43dc-ad50-a474614ad09e
2026-07-22T15:24:31.821Z,POST,/users/,200,1,128.981,53dd635d-f292-4307-9b0c-5581cdcf4321
2026-07-22T15:24:31.842Z,POST,/workers/,200,1,127.118,79793f1b-ecf1-418a-9993-d5f91010fec0
2026-07-22T15:24:31.864Z,PATCH,/work/change-description,200,1,127.769,faddfbb4-ba0f-472d-a3e0-95f976e5383b
2026-07-22T15:24:31.881Z,POST,/orders/,200,1,123.162,bd58fea2-7f8d-4a43-a209-941b1e55d7e9
2026-07-22T15:24:31.900Z,PATCH,/users/change-password,200,1,130.567,804c6926-eee7-4ad0-b663-99c96304680b
2026-07-22T15:24:31.571Z,PATCH,/workers/change-role,200,1,460.684,0ceaf456-9ca5-4619-9931-921d210232c5
2026-07-22T15:24:31.906Z,POST,/orders/,200,1,131.567,519782b8-48a6-435d-87fa-48b478c232fa
2026-07-22T15:24:31.906Z,PATCH,/orders/apply-discount,200,1,132.461,eaae9666-efc3-40f1-86d9-f5663e9dbe93
2026-07-22T15:24:31.908Z,POST,/work/,200,1,133.020,621bf3aa-8f79-4a4c-81e5-a9bd8608eab3
2026-07-22T15:24:31.922Z,POST,/workers/,200,1,129.715,8a7631f2-7412-4ce1-8ee4-4ccc10eaa8a9
2026-07-22T15:24:31.938Z,PATCH,/workers/change-hourly-rate,200,1,121.762,419cd7c0-05c0-46d5-9b18-8c93155b3d6a
2026-07-22T15:24:28.556Z,GET,/customers/?page=1&pageSize=10,200,1,3508.042,8eff5d73-fe2c-4213-80ed-b3f990b5ca26
2026-07-22T15:24:31.951Z,PATCH,/users/change-password,200,1,124.813,72235405-9dec-4337-9fd2-2a11261cd1a7
2026-07-22T15:24:30.124Z,GET,/cars/7228ddec-a208-4e45-a077-f67e516f8747,200,1,1951.920,80761476-2934-4a6e-9624-21448d681387
2026-07-22T15:24:31.962Z,PATCH,/orders/set-priority,200,1,120.163,c07900d6-6de6-4f9f-b527-742507326969
2026-07-22T15:24:31.964Z,POST,/workers/,200,1,118.120,3f67feee-c143-40b7-af7f-798dfdf2d8e8
2026-07-22T15:24:31.960Z,PATCH,/orders/set-priority,200,1,128.298,f75659d3-fdeb-41f7-8598-33a1bd854236
2026-07-22T15:24:31.970Z,PATCH,/work/change-description,200,1,124.879,d3cb009d-dcb1-4a8a-9783-125e10db31c5
2026-07-22T15:24:31.977Z,POST,/workers/,200,1,140.426,d0bf26b4-3d5c-4f4f-80d5-ac09c9be7fa2
2026-07-22T15:24:31.979Z,POST,/users/,200,1,139.717,c35394be-1617-4c60-8d85-a5adbb130236
2026-07-22T15:24:31.978Z,POST,/customers/,200,1,140.778,a159b817-0ed4-4b1f-87b6-76230059059f
2026-07-22T15:24:31.998Z,POST,/customers/,200,1,121.136,23554b76-c9f8-4c97-807b-75e5bbef8b60
2026-07-22T15:24:32.006Z,POST,/orders/,200,1,113.105,9b26e82f-2cc7-4472-a094-ff4ba691a332
2026-07-22T15:24:32.005Z,POST,/orders/,200,1,114.134,8de27611-154a-4710-a59e-b5bed54c3e4f
2026-07-22T15:24:31.770Z,GET,/orders/?page=1&pageSize=10,200,1,361.910,8acbf710-e83a-48fa-9c6b-f49f6ffc819c
2026-07-22T15:24:32.020Z,POST,/orders/,200,1,145.102,5a17890a-0868-4258-853a-12ae0e79f0bb
2026-07-22T15:24:32.030Z,POST,/orders/,200,1,135.411,b089177b-daac-4a73-9149-4ceb566f101d
2026-07-22T15:24:32.028Z,POST,/workers/,200,1,138.183,83791ce2-adfb-452d-bf2d-18f1f7cecff8
2026-07-22T15:24:32.041Z,POST,/work/,200,1,129.266,9e225053-7170-450b-9eab-313002d26b7d
2026-07-22T15:24:32.037Z,PATCH,/customers/rename,200,1,133.290,c0722136-6402-422a-afe8-12f831cfe5be
2026-07-22T15:24:32.044Z,POST,/orders/,200,1,131.728,3f498dde-752a-4931-9c13-d2cfbf3239db
2026-07-22T15:24:32.046Z,POST,/orders/,200,1,130.618,a7c18516-9074-4c51-a778-da24507ce20a
2026-07-22T15:24:32.061Z,PATCH,/orders/set-priority,200,1,137.614,32ead4aa-bb9a-4510-b23a-9bcc619dc549
2026-07-22T15:24:32.063Z,PATCH,/work/set-estimate,200,1,141.331,b3f08e1b-5bfc-4e61-bf2d-7841d63e0dc0
2026-07-22T15:24:32.070Z,POST,/work/,200,1,136.020,1823eedb-1770-4166-ba54-0577e491553b
2026-07-22T15:24:32.073Z,POST,/orders/,200,1,133.448,3feb7048-5154-4c0d-9130-54e728fca3eb
2026-07-22T15:24:32.067Z,POST,/customers/,200,1,139.346,8face8cb-edf0-44e9-a9cb-deeb84a01323
2026-07-22T15:24:32.081Z,PATCH,/workers/change-role,200,1,136.703,e1828170-1558-4f78-98f0-5ed7697fc5f1
2026-07-22T15:24:32.097Z,PATCH,/customers/change-contacts,200,1,136.345,fbfb2240-2e73-40e4-9280-b61e055a0d07
2026-07-22T15:24:32.098Z,POST,/workers/,200,1,135.092,c60ff5bc-5866-47fb-8b7b-1431ede0be3e
2026-07-22T15:24:32.108Z,PATCH,/work/set-estimate,200,1,137.072,141d3035-2d2c-4baa-adf8-834e022a1f75
2026-07-22T15:24:32.106Z,POST,/users/,200,1,138.936,9b7db31b-fe0f-4301-ab8b-ed4a0c3ded02
2026-07-22T15:24:30.504Z,GET,/customers/5263d3ee-6ab8-4380-890a-8bb9aa3cde65/with-cars,200,1,1745.695,8f160f90-e971-42ac-ad48-eefd3094e7d2
2026-07-22T15:24:32.117Z,POST,/work/,200,1,134.556,08613d45-0592-45f2-ae08-dbbeee273b44
2026-07-22T15:24:32.130Z,PATCH,/work/set-estimate,200,1,126.970,af503636-ea7c-4eec-b7a0-2f15dd326faa
2026-07-22T15:24:29.713Z,GET,/orders/0c361d09-d633-4431-bb63-587d652d9028,200,1,2564.924,4fb649e0-0128-4495-b90a-9c239e894c22
2026-07-22T15:24:32.142Z,POST,/cars/,200,1,163.039,dd8647fd-00ec-4d2d-b592-64f702f3d349
2026-07-22T15:24:32.167Z,POST,/users/,200,1,164.922,4b1c712d-2ae6-45d7-b99b-516301fcb282
2026-07-22T15:24:32.168Z,POST,/work/,200,1,163.832,34aff27f-8c94-4d8e-853e-67d57fb19012
2026-07-22T15:24:32.161Z,POST,/work/,200,1,170.586,3a0056ed-044c-4579-89f5-0ab28adcf71d
2026-07-22T15:24:32.184Z,POST,/cars/,200,1,148.238,3a7ac510-7aed-4628-9b0f-73f3276cdd27
2026-07-22T15:24:32.183Z,POST,/users/,200,1,163.682,8046beec-de34-40a5-804c-62b95c61ec83
2026-07-22T15:24:28.869Z,GET,/users/?page=1&pageSize=10,200,1,3481.332,4bc165dd-9c9a-4645-be0d-b3fad1dfe631
2026-07-22T15:24:32.213Z,POST,/orders/,200,1,140.063,3550b1b1-38d2-4897-9f01-0485be1c8298
2026-07-22T15:24:32.214Z,POST,/users/,200,1,150.247,968e9429-41cc-481e-8737-e7015d1bb84e
2026-07-22T15:24:32.218Z,PATCH,/workers/change-hourly-rate,200,1,146.217,d0dba7c0-7345-478b-b834-26d2a370d9d3
2026-07-22T15:24:30.838Z,GET,/cars/5de6777a-2507-415b-b22b-063279631423,200,1,1531.628,198640e7-ee32-4cd3-9ff7-c4e6b957d822
2026-07-22T15:24:32.017Z,GET,/cars/db9ad385-5bfd-4acb-a619-ef6b5196538b,200,1,360.542,34351548-c52a-4ead-94e4-ecfbcd321938
2026-07-22T15:24:32.244Z,POST,/work/,200,1,133.648,d6a4e179-9033-4bea-a74e-ed1a022e5cb7
2026-07-22T15:24:31.926Z,POST,/customers/,200,1,457.172,3d2f9d75-0c79-48a9-a8d1-6338e4653161
2026-07-22T15:24:32.260Z,PATCH,/work/change-description,200,1,130.401,2c7a9de2-5ab5-4e46-b43b-90e3bef4bb67
2026-07-22T15:24:32.266Z,POST,/users/,200,1,132.237,96b4c83a-d416-47e9-bde8-6a00b8c09f50
2026-07-22T15:24:30.986Z,GET,/orders/6b503b26-21a7-48f2-9653-17b7bd85191f,200,1,1412.656,5eff2d69-c5dd-4d1b-984f-e94c3d638fbc
2026-07-22T15:24:32.271Z,POST,/workers/,200,1,128.079,5c4be663-874a-4ec5-889e-01bb702e0c2c
2026-07-22T15:24:32.279Z,POST,/customers/,200,1,131.160,8bc5e6b2-7080-4568-8656-7e1ebf93ab5f
2026-07-22T15:24:32.303Z,PATCH,/work/change-title,200,1,133.123,654ba8e0-7b9b-4813-88d8-ec20039e4236
2026-07-22T15:24:32.304Z,PATCH,/workers/change-hourly-rate,200,1,132.328,397228c3-d0a2-4f41-9ad4-5c2497ee3440
2026-07-22T15:24:32.305Z,POST,/customers/,200,1,131.122,692df351-39f3-47c8-804a-637ffee5f7c8
2026-07-22T15:24:31.956Z,POST,/work/,200,1,487.805,17c4ea92-8047-453f-bc57-7617bd347edc
2026-07-22T15:24:25.906Z,GET,/workers/aa61dc6d-e1e1-44dd-bea8-97631babb379,200,1,6556.062,4e7f0b44-df42-43ae-a90f-ac45498cafcd
2026-07-22T15:24:32.321Z,POST,/orders/,200,1,141.690,f3100252-7fa6-4527-a659-dec0df87ed9e
2026-07-22T15:24:32.317Z,POST,/customers/,200,1,146.156,f9b09056-77f7-4baa-bbef-92682596423b
2026-07-22T15:24:27.296Z,GET,/work/?page=1&pageSize=10,200,1,5175.722,aa6856be-7c4d-48f1-a495-3aeb8dfb4adf
2026-07-22T15:24:32.356Z,PATCH,/work/change-description,200,1,143.224,b98567c7-73a1-4748-becf-3df9c9dbe462
2026-07-22T15:24:32.357Z,POST,/customers/,200,1,141.879,16e9af92-2aac-4cdb-a3ff-c18f2b3a62b4
2026-07-22T15:24:32.365Z,POST,/workers/,200,1,134.081,d5ab72ec-e56d-4e6a-8a8c-13a2aa560373
2026-07-22T15:24:27.509Z,GET,/workers/5b63aee8-2b4d-485f-90c1-571e00a2cdb1,200,1,5020.677,e3efbc23-d732-4c19-8506-e400bac13597
2026-07-22T15:24:32.387Z,POST,/users/,200,1,147.800,ad54ed90-1c03-4172-8963-4e21436b180d
2026-07-22T15:24:28.804Z,GET,/customers/90ea00c3-5e8b-4d8a-9565-a68948e763b2/with-cars,200,1,3732.403,325903de-fec3-4a5f-bb69-b9da748c8bab
2026-07-22T15:24:32.386Z,POST,/customers/,200,1,151.149,f6e6dc44-70ee-49e1-abfd-75441b7ba571
2026-07-22T15:24:32.408Z,PATCH,/work/set-estimate,200,1,128.948,7cc7fc54-d1e1-40b6-828d-b6a22efba61c
2026-07-22T15:24:32.412Z,POST,/customers/,200,1,132.958,5e4a0e62-0afa-4be5-b7e8-1a6b7a8a67cc
2026-07-22T15:24:32.417Z,POST,/users/,200,1,127.971,f686afd0-041d-43b5-8d2f-0b03ebc1d4f5
2026-07-22T15:24:32.418Z,POST,/orders/,200,1,134.733,811c75fd-4185-46da-b226-e82ccca99711
2026-07-22T15:24:32.416Z,POST,/customers/,200,1,137.363,6bafee79-1d10-433f-8b27-53a59f748c52
2026-07-22T15:24:32.416Z,PATCH,/work/change-title,200,1,137.641,1e6e8e21-0028-4d4c-8fcd-a25e2c500f66
2026-07-22T15:24:29.782Z,GET,/work/?page=1&pageSize=10,200,1,2794.573,f46ad8fd-c0eb-4099-9442-9f3934b311d3
2026-07-22T15:24:32.448Z,PATCH,/work/set-estimate,200,1,137.589,f64cfb58-b991-44d1-98f0-525efc872516
2026-07-22T15:24:32.448Z,POST,/work/,200,1,138.072,b6444137-59b3-4007-948b-0cdfef1b8e01
2026-07-22T15:24:32.445Z,PATCH,/orders/set-priority,200,1,140.879,8aaed313-3570-463b-9bbc-54997faac332
2026-07-22T15:24:27.645Z,GET,/orders/ec0c6f2a-33bd-4f6b-8d56-f29953b356e2,200,1,4951.863,a4cc3859-48cc-4981-81db-9729c9793023
2026-07-22T15:24:31.637Z,GET,/cars/?page=1&pageSize=10,200,1,963.330,70737f84-9314-4e61-a02f-bec1137452e3
2026-07-22T15:24:32.460Z,PATCH,/work/change-title,200,1,143.832,31a238fd-a154-4d20-b319-83d7a747703f
2026-07-22T15:24:32.480Z,PATCH,/workers/change-hourly-rate,200,1,131.741,28600dde-88ff-4c87-8323-5f6e52d11a3c
2026-07-22T15:24:32.118Z,PATCH,/cars/record-mileage,200,1,493.121,2ada822d-518c-4857-b535-4866547b447a
2026-07-22T15:24:31.987Z,GET,/orders/?page=1&pageSize=10,200,1,627.736,239b1bb1-3f64-4f1e-ab4c-feb651e641df
2026-07-22T15:24:29.938Z,GET,/cars/?page=1&pageSize=10,200,1,2681.948,b13f75a7-66b4-4fde-93f8-26c20a8adc82
2026-07-22T15:24:29.467Z,GET,/workers/?page=1&pageSize=10,200,1,3155.625,05a98513-055a-47ca-89ca-6d36992a733d
2026-07-22T15:24:29.277Z,GET,/orders/008351fe-3870-4204-8d8e-a5fb25383c62,200,1,3358.242,0a9b513c-ef61-46e5-a347-c21c1c5148dd
2026-07-22T15:24:31.098Z,GET,/cars/35899348-8fa6-4d32-b7c8-b3c833bde436,200,1,1542.149,fe67e63c-c8c6-4c32-86fd-46ac1b42b08d
2026-07-22T15:24:32.509Z,POST,/work/,200,1,132.172,92528309-3441-4fc5-8670-c66d8ee3578b
2026-07-22T15:24:32.505Z,PATCH,/work/change-description,200,1,135.914,fd19cc48-588e-4a24-921f-4a8c39b29b6a
2026-07-22T15:24:32.517Z,POST,/work/,200,1,128.497,af319c1c-a4ab-4d32-97c8-eb32d57ddf9f
2026-07-22T15:24:30.132Z,GET,/orders/?page=1&pageSize=10,200,1,2514.572,d46dbd2f-c759-4cec-8ef8-73fc330a5c8c
2026-07-22T15:24:32.157Z,GET,/cars/6bb8dc87-a145-46c2-b1ce-fc45efc5e7b5,200,1,490.826,384d892d-d74d-435e-8811-3268ba5c27ca
2026-07-22T15:24:31.312Z,GET,/workers/53a3b228-5666-4b84-81d0-fda5a921bb94,200,1,1336.723,8f312cb5-9121-4f6e-ab94-395e3ef0521f
2026-07-22T15:24:28.202Z,GET,/work/6411196a-b687-429e-89fc-48256efb360e,200,1,4449.731,31da8206-cb6c-486a-bdd1-69befbc29f5f
2026-07-22T15:24:32.534Z,POST,/orders/,200,1,120.460,716c61e8-71fb-4fcf-a7e0-d96f579195e6
2026-07-22T15:24:31.148Z,GET,/workers/?page=1&pageSize=10,200,1,1510.916,c51a2318-eed7-4401-9a2a-e6b9a6b9e7bf
2026-07-22T15:24:29.544Z,GET,/work/?page=1&pageSize=10,200,1,3128.182,ff76feb3-941e-45e2-b621-531723d0f8f6
2026-07-22T15:24:32.534Z,PATCH,/cars/record-mileage,200,1,138.152,18647cd9-d9e4-4aef-8aeb-456da146aff2
2026-07-22T15:24:32.537Z,POST,/users/,200,1,135.514,032e1ba3-1402-4d3c-b469-aa5b679d47b0
2026-07-22T15:24:31.978Z,GET,/workers/8ba57c7b-a536-4d4e-bc5c-309bb48dda32,200,1,716.586,709460b7-0a72-4dd5-8e04-a6a101890765
2026-07-22T15:24:31.167Z,GET,/work/2875eeb7-d0ee-4b16-9717-0e16e6e2049c,200,1,1528.261,206ae36c-2ef6-4899-b677-f2bd2a638953
2026-07-22T15:24:32.586Z,POST,/customers/,200,1,131.018,0feef436-132a-40ed-baa0-d54ce27556fd
2026-07-22T15:24:32.592Z,PATCH,/users/change-password,200,1,133.540,e5a967c3-164a-4353-b114-1eeba0be82e5
2026-07-22T15:24:32.599Z,POST,/cars/,200,1,144.467,0c8e5655-9f32-435c-a521-0c1029f4d97f
2026-07-22T15:24:32.606Z,POST,/cars/,200,1,148.023,205421e5-8aaa-4e84-9d02-0ec26fbcdb44
2026-07-22T15:24:32.621Z,POST,/orders/,200,1,132.813,33217e81-158d-4cf6-9cda-55d084144458
2026-07-22T15:24:32.653Z,POST,/work/,200,1,125.615,4ef7761e-760c-4826-ad4f-b4c5be00dd81
2026-07-22T15:24:32.648Z,POST,/orders/,200,1,138.078,a1ff23f0-a62f-48f0-b037-a03cacb7d3f0
2026-07-22T15:24:32.643Z,PATCH,/work/set-estimate,200,1,142.966,d95b0006-d1cf-47bf-ae66-190d3dc41bf3
2026-07-22T15:24:30.218Z,GET,/work/?page=1&pageSize=10,200,1,2573.188,d1587d7a-f27e-479b-b35f-0f830a7c708f
2026-07-22T15:24:32.656Z,POST,/workers/,200,1,137.183,2e541155-33ec-4cad-881d-524dfbc76e9a
2026-07-22T15:24:32.667Z,POST,/customers/,200,1,130.051,6137c766-58c7-43dc-866b-9a390515c6cf
2026-07-22T15:24:32.666Z,POST,/orders/,200,1,134.027,bf806863-b4d5-46f3-bdef-180acd4cafbc
2026-07-22T15:24:32.673Z,POST,/workers/,200,1,127.120,87db20ff-99aa-425a-bd05-d51bb6d8594e
2026-07-22T15:24:32.702Z,POST,/work/,200,1,129.671,0a28e344-14d5-41d1-9add-9a771d428ad3
2026-07-22T15:24:32.362Z,PATCH,/customers/rename,200,1,469.196,053cc2b7-1ce2-4e29-97d8-3a962114d876
2026-07-22T15:24:32.707Z,PATCH,/orders/apply-discount,200,1,127.109,71ddc98b-be6b-4950-a520-de6fec33f398
2026-07-22T15:24:32.713Z,POST,/workers/,200,1,128.007,2660b947-2d52-420c-b7f6-0c903fdc108e
2026-07-22T15:24:32.722Z,POST,/cars/,200,1,127.945,a1087b39-99f2-46d3-8d7b-ae6756f5d2bd
2026-07-22T15:24:32.737Z,PATCH,/customers/change-contacts,200,1,127.732,996abfcd-2e4d-4166-9bd5-da5343925b2c
2026-07-22T15:24:28.832Z,GET,/cars/403d4e30-28a0-47dd-95c1-a5a6eea823ea,200,1,4043.206,6e702735-9135-4408-8a6a-de2c2b93db45
2026-07-22T15:24:32.749Z,PATCH,/work/change-title,200,1,132.266,fc6b4e0f-afb5-45a6-ab14-e3298ef3170a
2026-07-22T15:24:30.092Z,GET,/cars/d8e26e58-1b7a-4a1e-b1de-c6d08bab71a1,200,1,2790.252,b1ff01eb-3dfd-4f4d-a954-d977d76f13e3
2026-07-22T15:24:31.949Z,GET,/users/627d75e1-4abd-44cd-ae04-d65a31d6257e,200,1,943.808,fc3e3a6d-230a-4959-92a2-c40df513d88b
2026-07-22T15:24:29.381Z,GET,/workers/dcf9f6a1-82a8-4ab7-b995-b2f9bb52b6ec,200,1,3542.776,5216fd7e-18ff-48b5-aa2c-05e533d7f7de
2026-07-22T15:24:32.802Z,POST,/cars/,200,1,147.037,756c02aa-a4d8-4f51-aab8-d68c9d0ae7c3
2026-07-22T15:24:32.799Z,PATCH,/customers/rename,200,1,150.070,54e38166-f81f-46cd-a5a6-58c6a7463adc
2026-07-22T15:24:32.805Z,POST,/orders/,200,1,144.262,79b9f9e8-b121-4a45-a6f4-6d7d6f70add1
2026-07-22T15:24:32.807Z,POST,/users/,200,1,142.479,a790353a-81e5-43c5-85fd-545da1ca0172
2026-07-22T15:24:32.841Z,PATCH,/work/set-estimate,200,1,127.458,d291fc20-692b-4241-9963-6f3f040232b8
2026-07-22T15:24:32.870Z,PATCH,/customers/rename,200,1,138.538,952cbcd6-1b87-4649-96f9-d082ba0c5bb0
2026-07-22T15:24:32.876Z,PATCH,/work/set-estimate,200,1,134.812,49aff51e-6ae4-4b72-8ea4-27f9175f5c3f
2026-07-22T15:24:32.881Z,PATCH,/customers/rename,200,1,129.703,bcf6537e-6ea6-45f6-8b16-9edc9a9f53ac
2026-07-22T15:24:32.887Z,PATCH,/customers/change-contacts,200,1,129.953,1cc0ad16-b234-4201-96f2-f282d1fcb345
2026-07-22T15:24:32.298Z,GET,/cars/?page=1&pageSize=10,200,1,723.545,9bb0636a-ccfe-4ffa-baf4-57cb85bb21fc
2026-07-22T15:24:31.765Z,GET,/cars/b7d7839c-b952-4c20-9461-e5fe3eb61beb,200,1,1271.111,d29f6d7c-c8a2-4a87-b667-277865477a29
2026-07-22T15:24:32.321Z,GET,/customers/f0c89419-3eb5-4636-a3e8-08423c1d8a7f/with-cars,200,1,718.497,80ead30b-1980-4c60-9fa3-733e52d9007e
2026-07-22T15:24:32.924Z,PATCH,/work/set-estimate,200,1,125.540,4f70bc01-92e8-4330-ac3b-cdb7645e45fe
2026-07-22T15:24:32.581Z,PATCH,/cars/record-mileage,200,1,470.452,55a6d811-5b21-469a-b398-78c3bdb43539
2026-07-22T15:24:32.582Z,PATCH,/users/change-password,200,1,470.496,bbbf142c-39d0-4788-a079-9b24e738b7e3
2026-07-22T15:24:32.585Z,POST,/users/,200,1,467.113,ed8d2cd7-0faa-492d-9620-71d3ab01895e
2026-07-22T15:24:32.925Z,PATCH,/orders/apply-discount,200,1,127.550,b64eadf6-1c98-4ee9-a44e-7d61b37af902
2026-07-22T15:24:32.936Z,POST,/orders/,200,1,126.801,a83af24b-cefd-458d-adc2-4c259f7009c0
2026-07-22T15:24:32.937Z,POST,/cars/,200,1,127.039,ac58073c-38e3-41e1-8df8-da42b6ef94dc
2026-07-22T15:24:32.945Z,POST,/cars/,200,1,119.488,1c2adea2-2817-4140-9378-5f45a838deb6
2026-07-22T15:24:32.623Z,POST,/orders/,200,1,453.225,c3cb6297-124f-45a6-bb0f-0fefacfda059
2026-07-22T15:24:32.974Z,POST,/users/,200,1,112.357,944136a1-8553-41f0-b964-f937767f3c1e
2026-07-22T15:24:32.975Z,POST,/workers/,200,1,111.606,72d183f4-6ff7-4508-9941-0ef8b3288d98
2026-07-22T15:24:32.485Z,GET,/cars/?page=1&pageSize=10,200,1,609.274,ee90ff71-6841-44f7-9108-9ae2860dbc29
2026-07-22T15:24:32.977Z,POST,/workers/,200,1,118.327,8fa4d9c4-2fb2-4be0-84e1-ab91472a978f
2026-07-22T15:24:32.993Z,POST,/workers/,200,1,110.961,70ed9f8c-4845-4fc3-acaa-6678cf824f65
2026-07-22T15:24:30.141Z,GET,/workers/f8d2c571-7256-4557-8835-cd1f47910757,200,1,2966.447,e799cef3-b861-4524-a89f-d057382b7ea1
2026-07-22T15:24:30.427Z,GET,/users/6f0b2ea5-2fb2-4f9c-801e-f899d73c19ce,200,1,2684.379,9314d426-6120-445f-b256-dabbc0ed5e1f
2026-07-22T15:24:33.001Z,POST,/customers/,200,1,118.081,cc6de3ff-69e9-44fd-9620-29ddd9714ef6
2026-07-22T15:24:30.499Z,GET,/customers/?page=1&pageSize=10,200,1,2644.888,c1a3dc83-9586-4c81-b019-c35a6a6f2c46
2026-07-22T15:24:33.017Z,PATCH,/users/change-password,200,1,132.045,4dfb63fd-3a62-4a09-8c76-981f76d08b54
2026-07-22T15:24:29.307Z,GET,/users/?page=1&pageSize=10,200,1,3854.132,4c50e00f-6029-4ac2-957a-bd06f6bcc0e6
2026-07-22T15:24:33.059Z,POST,/orders/,200,1,112.831,3c6643a9-c4a9-4dba-821c-c96e1a933122
2026-07-22T15:24:32.450Z,GET,/customers/?page=1&pageSize=10,200,1,729.196,18496d89-7f4d-4b83-ae18-3d33d345fb53
2026-07-22T15:24:33.063Z,POST,/work/,200,1,125.279,9fcb74b3-ac0e-4875-8f22-86f5fc5b656b
2026-07-22T15:24:33.069Z,POST,/users/,200,1,119.760,91ff61f3-af4d-4e92-aeaf-85ef454a5bad
2026-07-22T15:24:33.071Z,POST,/users/,200,1,126.466,b34c0924-eb84-413b-ba83-a86766cf4c41
2026-07-22T15:24:33.075Z,PATCH,/orders/set-priority,200,1,126.865,48acd3ae-03bd-438e-9fa9-02f429ffa234
2026-07-22T15:24:32.739Z,POST,/customers/,200,1,463.051,09eceafe-c123-435e-8bf2-11d73caa73d1
2026-07-22T15:24:33.085Z,PATCH,/workers/change-hourly-rate,200,1,116.897,ad499bf4-5a98-448b-a0a0-49f8d8d6502b
2026-07-22T15:24:33.094Z,POST,/customers/,200,1,111.563,32865b88-2497-44bf-b909-f4c3c0efc72b
2026-07-22T15:24:33.101Z,POST,/work/,200,1,123.711,0cbb79b5-413e-4738-93ba-a3066db43fef
2026-07-22T15:24:33.099Z,PATCH,/workers/change-hourly-rate,200,1,134.578,3f45b9a6-449d-4a2a-b778-6fa4a8343315
2026-07-22T15:24:33.104Z,POST,/work/,200,1,131.149,359e7795-ada8-434a-a640-721515edaf59
2026-07-22T15:24:33.108Z,POST,/work/,200,1,127.590,6b27df57-b244-4205-875b-8026d596fbe7
2026-07-22T15:24:32.775Z,PATCH,/workers/change-role,200,1,460.081,db340603-d43d-405d-a11d-b75dac0d7faa
2026-07-22T15:24:33.110Z,POST,/cars/,200,1,131.270,6a8f6b3a-2705-438b-ba79-1e9480403c34
2026-07-22T15:24:33.115Z,POST,/cars/,200,1,129.355,720c8d8c-0ae6-4749-9192-374af963feed
2026-07-22T15:24:30.078Z,GET,/workers/?page=1&pageSize=10,200,1,3170.499,0cc426da-1aae-4bf5-8253-c881ae11bc5c
2026-07-22T15:24:33.135Z,POST,/workers/,200,1,118.242,40524dcf-5f92-4010-a77a-15fe2d965597
2026-07-22T15:24:27.379Z,GET,/work/?page=1&pageSize=10,200,1,5878.127,bd80b9cc-1488-4191-b721-f92eedb5ad95
2026-07-22T15:24:33.147Z,POST,/work/,200,1,112.728,59b19d30-4641-4d00-8410-b0d90d7f9a2a
2026-07-22T15:24:33.152Z,POST,/cars/,200,1,119.303,fdeead0f-34fd-442b-a141-e1784e6b1abd
2026-07-22T15:24:33.158Z,POST,/work/,200,1,119.685,da81b50d-a96b-4199-9b0e-49b8f1d81711
2026-07-22T15:24:33.160Z,POST,/customers/,200,1,117.843,6bee79c4-0305-43f0-ab36-4ef9a0aacf69
2026-07-22T15:24:33.156Z,POST,/customers/,200,1,130.361,c45a73d1-e737-400f-bef6-6dbb07114da8
2026-07-22T15:24:33.175Z,PATCH,/work/set-estimate,200,1,116.707,66e61e96-7bd9-41ea-83ad-8aa41fccd022
2026-07-22T15:24:30.164Z,GET,/cars/42c280c1-8015-4b94-9d57-1c939b260484,200,1,3152.604,6b57d2e4-97e4-44e8-b48d-e132d4e94cf8
2026-07-22T15:24:33.188Z,POST,/work/,200,1,148.424,1622836a-c5da-439d-9d7a-15a5eaea4308
2026-07-22T15:24:33.208Z,POST,/workers/,200,1,129.396,88498142-c76d-4f69-bc96-e1ad10093c88
2026-07-22T15:24:33.205Z,POST,/workers/,200,1,132.362,d75ca9fa-915b-4d99-bd84-778518d33d36
2026-07-22T15:24:33.206Z,POST,/workers/,200,1,134.292,c542ce5a-c6e0-4c4b-8088-042f4584dcda
2026-07-22T15:24:29.334Z,GET,/orders/?page=1&pageSize=10,200,1,4008.904,4c5fe605-97e1-4a48-97ea-e84a9784ef5b
2026-07-22T15:24:33.183Z,POST,/work/,200,1,162.798,4a523249-ce02-42e1-964b-76e1e7fd736b
2026-07-22T15:24:33.199Z,POST,/customers/,200,1,146.936,be797220-9f8f-433d-8e63-89b344a84c62
2026-07-22T15:24:33.205Z,PATCH,/customers/change-contacts,200,1,141.210,d74e56c3-45af-4286-af9b-6432f5361acc
2026-07-22T15:24:33.217Z,POST,/workers/,200,1,131.874,da62896c-6c84-42f5-8c64-8bcf8154f010
2026-07-22T15:24:33.227Z,PATCH,/orders/set-priority,200,1,131.528,4685a622-0dfe-4c04-8219-3d803c41eb08
2026-07-22T15:24:33.229Z,POST,/orders/,200,1,129.709,6f1a6876-d7ed-4863-b85d-5730422acd32
2026-07-22T15:24:33.247Z,POST,/customers/,200,1,124.471,0a2adaed-93b9-417a-a425-1ce46f461431
2026-07-22T15:24:33.242Z,POST,/work/,200,1,129.406,dddca5ce-c98f-4020-83d3-38d61f38625a
2026-07-22T15:24:33.254Z,PATCH,/orders/set-priority,200,1,124.991,34e89454-2256-43cc-8fb6-c56c6fa593fa
2026-07-22T15:24:33.261Z,POST,/users/,200,1,130.640,263f4562-3b51-4820-8cff-4bce016a8728
2026-07-22T15:24:33.270Z,PATCH,/orders/apply-discount,200,1,130.313,eb6882bf-4a71-4d41-b8c6-0fbc84b32624
2026-07-22T15:24:33.274Z,PATCH,/customers/rename,200,1,126.684,043e6e25-0256-4cc6-8d52-5d23524d8a98
2026-07-22T15:24:33.278Z,POST,/customers/,200,1,132.734,fca2e0c7-5905-4dd5-aafc-7bf95792a62c
2026-07-22T15:24:31.298Z,GET,/workers/?page=1&pageSize=10,200,1,2118.267,dd4fc10c-2db2-4302-9997-5a272cf96044
2026-07-22T15:24:33.314Z,POST,/workers/,200,1,126.792,f6a44c3c-02e2-4daf-860c-c94ad902c91b
2026-07-22T15:24:33.312Z,POST,/customers/,200,1,128.495,11d134b5-fd3f-451e-a316-5c60a27bda8e
2026-07-22T15:24:31.797Z,GET,/workers/b9a124e2-39b0-4783-8fed-c4ac5cde6377,200,1,1644.816,483b75e5-5e17-49ce-beb9-8fca88381123
2026-07-22T15:24:33.324Z,POST,/cars/,200,1,133.871,289c8785-81f6-4a30-b807-42275b6bc087
2026-07-22T15:24:33.323Z,PATCH,/orders/set-priority,200,1,135.185,002d8f43-c33d-4730-81c6-b23b586eb8ae
2026-07-22T15:24:33.336Z,POST,/workers/,200,1,122.219,c1fc62ec-27ab-4084-9143-ec6a39ca78af
2026-07-22T15:24:31.700Z,GET,/users/f3682860-2a73-4e82-8ae3-552d33c045a9,200,1,1765.140,906cd1af-f40c-4856-8e95-5391b7ff9772
2026-07-22T15:24:31.692Z,GET,/cars/?page=1&pageSize=10,200,1,1775.214,b84a61dd-4b1d-44b5-b6ce-4061a0b0da50
2026-07-22T15:24:33.346Z,PATCH,/cars/record-mileage,200,1,125.951,4087acfa-b760-4f82-9f6b-20fb172be9cc
2026-07-22T15:24:31.570Z,GET,/cars/?page=1&pageSize=10,200,1,1904.222,ba864a19-a180-4830-9172-b5bdfcef6be5
2026-07-22T15:24:33.350Z,PATCH,/orders/apply-discount,200,1,130.907,191a1ed9-b07a-4cc5-ae9c-f0e513372adb
2026-07-22T15:24:33.356Z,POST,/orders/,200,1,130.903,36625435-27fb-416a-b3d1-61bcec9da7f0
2026-07-22T15:24:33.357Z,POST,/users/,200,1,129.392,adacdf59-31f8-45e2-9262-b8aca261b912
2026-07-22T15:24:33.364Z,POST,/work/,200,1,123.210,e963ea0f-7bc2-4188-a10f-5dd93d4b9e77
2026-07-22T15:24:33.370Z,POST,/customers/,200,1,129.518,3db33a3f-841a-4e03-8684-46f5c3f67ec1
2026-07-22T15:24:33.369Z,PATCH,/customers/change-contacts,200,1,132.073,048d8582-74ba-4494-8fff-8454e0ec1083
2026-07-22T15:24:32.797Z,GET,/orders/?page=1&pageSize=10,200,1,715.740,6d7f9520-2c82-4903-a685-55be054b6e2b
2026-07-22T15:24:28.638Z,GET,/workers/?page=1&pageSize=10,200,1,4876.735,280157fc-a670-4703-86a5-7b25b9daa491
2026-07-22T15:24:30.731Z,GET,/workers/?page=1&pageSize=10,200,1,2790.357,54f3e4d0-5eac-48f9-a89f-50ef6dc33236
2026-07-22T15:24:33.403Z,POST,/workers/,200,1,130.161,1488b82c-f475-43eb-a988-123917a5ff82
2026-07-22T15:24:33.401Z,POST,/cars/,200,1,135.377,b63df288-10d6-4c76-a35e-d403097d33ca
2026-07-22T15:24:29.048Z,GET,/customers/?page=1&pageSize=10,200,1,4490.561,5eb8e558-9152-4a63-892f-f50f36f21a12
2026-07-22T15:24:33.413Z,POST,/workers/,200,1,129.898,3a2d7983-6357-489b-96b8-546e7735ee25
2026-07-22T15:24:32.244Z,GET,/cars/?page=1&pageSize=10,200,1,1299.100,7d5987b2-a8fd-4911-a245-d56e47481106
2026-07-22T15:24:30.846Z,GET,/customers/0a219fc2-d89e-4289-b9fb-cff6c6f24326,200,1,2704.342,30e59793-28ea-406b-bbd4-3b4535839000
2026-07-22T15:24:33.427Z,PATCH,/users/change-password,200,1,133.155,14636d89-1f1e-496a-b935-9525179de952
2026-07-22T15:24:32.534Z,GET,/customers/44c92ff1-0241-4e5e-9fe2-a877b989a111,200,1,1026.537,02e2b54e-0848-4a79-9c30-1b27e1308a31
2026-07-22T15:24:31.861Z,GET,/cars/?page=1&pageSize=10,200,1,1719.359,af63e791-d680-4b32-9a6d-5650534825aa
2026-07-22T15:24:33.458Z,POST,/orders/,200,1,131.062,354001fa-8115-4f30-9ed3-926d7e42797e
2026-07-22T15:24:33.472Z,POST,/users/,200,1,122.644,5fdab640-4e5c-4c22-9918-565217ff1555
2026-07-22T15:24:33.471Z,PATCH,/cars/record-mileage,200,1,123.584,1f862912-5dd6-487b-9056-47bdb52bb30f
2026-07-22T15:24:33.479Z,POST,/cars/,200,1,128.536,649f52cb-95fc-4ab5-979c-1391e18ee46f
2026-07-22T15:24:33.481Z,POST,/cars/,200,1,128.771,ee7860d0-df9e-40e0-aed4-25259042476f
2026-07-22T15:24:33.503Z,POST,/cars/,200,1,118.977,6474d09b-e398-4e60-95d9-9e8507a17a6c
2026-07-22T15:24:33.507Z,POST,/workers/,200,1,114.686,6b7f9824-474d-46d6-a7fe-fcc899660820
2026-07-22T15:24:33.509Z,POST,/workers/,200,1,119.410,af5b0d5a-ce12-4744-b5ec-d36eb62a185b
2026-07-22T15:24:33.518Z,POST,/customers/,200,1,118.438,0d89a8ca-ed55-4456-9c2f-a6f0259a1094
2026-07-22T15:24:32.469Z,GET,/users/?page=1&pageSize=10,200,1,1169.729,7006a87a-749e-40b9-9c30-569ce44bf418
2026-07-22T15:24:33.527Z,PATCH,/customers/rename,200,1,114.210,ec4e5f3d-195b-42f5-8371-39154a75ac54
2026-07-22T15:24:30.280Z,GET,/orders/?page=1&pageSize=10,200,1,3363.759,114fda31-e514-48f1-ba48-13f39e5f0566
2026-07-22T15:24:33.536Z,POST,/orders/,200,1,108.974,f7dc51a8-2130-4884-8fd0-15b74b96a22a
2026-07-22T15:24:33.541Z,POST,/customers/,200,1,112.980,9b36c328-3f46-4368-9069-ae853d27ec41
2026-07-22T15:24:31.466Z,GET,/workers/4285f6a9-840b-4604-b469-3c3f68b8516a,200,1,2188.072,fa5d0f96-9381-4150-ab7f-93a6babbead8
2026-07-22T15:24:33.561Z,POST,/orders/,200,1,109.459,55283892-c735-42e9-ba5b-ad5e42c5ec3d
2026-07-22T15:24:33.567Z,POST,/users/,200,1,115.940,ec33b3d8-477c-4286-9e54-559a1b5681ac
2026-07-22T15:24:33.568Z,POST,/cars/,200,1,115.299,7d7ac957-d433-4e8f-a286-48e560f23da1
2026-07-22T15:24:30.827Z,GET,/orders/?page=1&pageSize=10,200,1,2856.193,9d062892-8ca1-4d57-89fe-643a4162a27a
2026-07-22T15:24:33.580Z,POST,/workers/,200,1,117.814,5eeb625e-55cc-4e5a-9a8c-9134e68abaaf
2026-07-22T15:24:33.590Z,POST,/workers/,200,1,107.276,4366c401-0246-490d-9d59-db50684d6761
2026-07-22T15:24:33.589Z,PATCH,/cars/record-mileage,200,1,114.862,01b9bb49-09dd-474d-905a-738c274ba015
2026-07-22T15:24:31.860Z,GET,/orders/?page=1&pageSize=10,200,1,1848.031,f0b7a24f-0c75-4d95-96d4-9bad5f7cd8f8
2026-07-22T15:24:31.153Z,GET,/workers/?page=1&pageSize=10,200,1,2566.765,c6992cb4-5f9b-4a92-a072-c4c3eca79740
2026-07-22T15:24:32.087Z,GET,/cars/?page=1&pageSize=10,200,1,1634.445,3913ff14-6214-49b8-89dc-86de0ac0c96b
2026-07-22T15:24:32.061Z,GET,/work/11e4cb2e-b5fa-41e0-9a19-0b59aa700f82,200,1,1661.532,0180e07d-8813-45d7-a878-1b6e5494687e
2026-07-22T15:24:33.603Z,PATCH,/users/change-password,200,1,120.562,9400330d-e6f8-4a14-a112-9cc442f6eccb
2026-07-22T15:24:33.611Z,POST,/orders/,200,1,112.970,0f4d93f3-e1c7-4ae6-b744-08b2be852b84
2026-07-22T15:24:33.615Z,POST,/users/,200,1,109.264,e1f153b9-655d-4d9d-addf-3fc16964d727
2026-07-22T15:24:33.623Z,PATCH,/workers/change-hourly-rate,200,1,110.668,670d6915-2e96-4990-9ddc-6d72eb66b494
2026-07-22T15:24:31.103Z,GET,/cars/09974c6c-ce3c-4095-93d5-5ffdbd3e63b1,200,1,2631.658,7f8ba224-1765-4ae0-ae25-1dc6df8380c5
2026-07-22T15:24:33.638Z,POST,/customers/,200,1,112.491,6b8d6121-73fa-41f4-af02-cc63c50d5c61
2026-07-22T15:24:33.644Z,POST,/customers/,200,1,117.024,f7eee820-b04b-42aa-bf5f-2b4b7db8c41e
2026-07-22T15:24:33.659Z,POST,/users/,200,1,124.669,d64de424-4515-456d-a671-d07b57ec067e
2026-07-22T15:24:33.663Z,POST,/cars/,200,1,120.606,1b1e6e78-4640-46c7-989c-6e3d9bde50ee
2026-07-22T15:24:32.097Z,GET,/work/?page=1&pageSize=10,200,1,1707.209,924593ec-6f9e-49ea-a8fd-35003e2670fb
2026-07-22T15:24:33.682Z,POST,/orders/,200,1,124.650,539630a4-2773-4d02-9d04-5ba5fd8f0e42
2026-07-22T15:24:33.684Z,POST,/orders/,200,1,124.267,20ad91cc-d369-4f75-8094-4b13663cd92e
2026-07-22T15:24:33.702Z,POST,/work/,200,1,114.108,53776f2f-291a-4fbc-9719-3dc776b9fe8e
2026-07-22T15:24:33.707Z,PATCH,/workers/change-role,200,1,115.963,dfebbd19-0c1b-46c8-838a-b798f1badac9
2026-07-22T15:24:33.718Z,PATCH,/orders/set-priority,200,1,123.998,1f9ca4f7-b22f-4011-a6b8-468ffb12725b
2026-07-22T15:24:33.717Z,POST,/orders/,200,1,127.874,223dc903-4a51-4a95-a2c4-b94832b0c856
2026-07-22T15:24:33.720Z,POST,/work/,200,1,127.333,b7147aa4-aaf0-40cd-9a41-80e91420c10c
2026-07-22T15:24:32.152Z,GET,/customers/44c92ff1-0241-4e5e-9fe2-a877b989a111/with-cars,200,1,1698.844,dd8d0b17-3515-48a4-9d0b-e2f09cfd3a95
2026-07-22T15:24:32.606Z,GET,/users/657a9e71-fda6-4808-994e-73ada78d9f14,200,1,1245.436,47aa6e1b-7452-4d3b-9c07-b3ea93d36e19
2026-07-22T15:24:33.737Z,POST,/orders/,200,1,121.111,a4fda4e5-0538-4985-aff1-c4d265e0faf7
2026-07-22T15:24:33.734Z,POST,/cars/,200,1,124.371,6e5c814a-119c-4590-a5c7-bc43e29513c3
2026-07-22T15:24:33.752Z,POST,/cars/,200,1,113.810,74048fb4-a8f3-47ad-9618-35f32447f6ee
2026-07-22T15:24:32.377Z,GET,/orders/7049c77a-0c9d-4253-8cfb-5914faa66081,200,1,1507.089,c43e55b3-6113-4ab7-86a0-92202b0d5859
2026-07-22T15:24:33.781Z,POST,/users/,200,1,119.272,f99b23cd-b2e7-489d-99af-2ecb8bfedd3f
2026-07-22T15:24:33.784Z,POST,/work/,200,1,123.777,320e90bb-80b4-4297-861f-55b9659685ee
2026-07-22T15:24:33.789Z,PATCH,/customers/change-contacts,200,1,127.743,8f2038f5-000c-4610-856b-b8ea265ccc86
2026-07-22T15:24:33.800Z,POST,/users/,200,1,116.158,dc455c3a-7d8b-4832-bfa6-8b5548501b35
2026-07-22T15:24:30.486Z,GET,/work/baff6099-ce0a-40ea-92f0-86933a26ee0b,200,1,3442.655,b94c436b-1b1b-4925-8503-a022e03c5ae8
2026-07-22T15:24:32.556Z,GET,/work/e11eebe8-6df6-4189-ac41-4127ec6847ec,200,1,1373.920,39736249-32d5-463f-b45f-79ad3c949cd5
2026-07-22T15:24:33.808Z,POST,/orders/,200,1,128.630,eb839d42-dbd3-4860-addb-ad110a88b728
2026-07-22T15:24:33.836Z,PATCH,/workers/change-hourly-rate,200,1,137.563,2d9f9495-0bec-44b3-9ac6-d4d58333669d
2026-07-22T15:24:32.153Z,GET,/customers/5245f59c-5297-4788-bfde-78cc73877d02/with-cars,200,1,1821.217,1561fc01-fd82-4dcb-a302-9599229cab47
2026-07-22T15:24:33.847Z,PATCH,/customers/change-contacts,200,1,133.112,602736bc-0267-46d2-b855-a6656ece3a4d
2026-07-22T15:24:33.858Z,POST,/work/,200,1,124.746,975af62d-91f1-4bc8-b04f-4bd86de26b19
2026-07-22T15:24:33.862Z,POST,/work/,200,1,120.844,3f1e20aa-f061-41a5-91af-775517ddc1e0
2026-07-22T15:24:31.788Z,GET,/work/aa791a32-20b2-408a-b280-dccd3fe03434,200,1,2204.943,c065ce24-1721-4d33-8964-b9726fc769e4
2026-07-22T15:24:30.328Z,GET,/work/51ab4037-41f9-4d3a-8cdf-f1d741f04c18,200,1,3679.711,f523a14a-25ed-467d-880f-b5d4ae8e6596
2026-07-22T15:24:31.990Z,GET,/orders/8d063525-6724-49f9-9dca-c249895328b1,200,1,2064.908,82d31819-7059-4ac0-9967-cc7f4e2160da
2026-07-22T15:24:33.885Z,POST,/users/,200,1,171.555,dff68bb2-625b-4ab9-9804-52e0ce10c8f2
2026-07-22T15:24:31.261Z,GET,/users/?page=1&pageSize=10,200,1,2806.143,91ff51c7-22d6-4122-9dce-a1ec5c1f5a74
2026-07-22T15:24:31.584Z,GET,/orders/?page=1&pageSize=10,200,1,2483.255,d7661dbf-c8c6-420a-b143-fcfb9c71cf80
2026-07-22T15:24:33.882Z,PATCH,/users/change-password,200,1,185.285,7df2e507-6619-472e-9e84-c0728520ebb4
2026-07-22T15:24:33.903Z,POST,/customers/,200,1,169.607,4c62e377-4466-451b-816e-691d9353d805
2026-07-22T15:24:33.905Z,POST,/cars/,200,1,168.625,737d8469-500f-4a48-8751-e48b5d81bb0f
2026-07-22T15:24:32.205Z,GET,/orders/?page=1&pageSize=10,200,1,1875.280,bdbf9240-05d9-4cdf-8add-1529f1a151cb
2026-07-22T15:24:33.918Z,PATCH,/workers/change-hourly-rate,200,1,162.656,a2880d96-58cd-4e03-b049-7d550d078b27
2026-07-22T15:24:33.917Z,POST,/customers/,200,1,164.029,89dc8364-9ce6-468a-bae3-b9fbbf46dbbe
2026-07-22T15:24:33.912Z,PATCH,/orders/apply-discount,200,1,178.042,2f0e08ee-848a-4f6c-843c-aa69855c1db1
2026-07-22T15:24:33.939Z,POST,/customers/,200,1,156.700,8ccfcf77-5313-4177-8442-aa357646f9c1
2026-07-22T15:24:33.972Z,POST,/work/,200,1,130.071,40704009-8433-418e-99d7-68adcac60706
2026-07-22T15:24:33.311Z,GET,/customers/363ee49a-06b0-4b02-bb88-1026456d5a66,200,1,793.713,b6d8e598-0c92-43a4-b404-6bd65183804a
2026-07-22T15:24:33.971Z,PATCH,/work/set-estimate,200,1,140.095,2042ed7a-1ba6-486e-83d0-abdca92e5ba9
2026-07-22T15:24:30.963Z,GET,/work/?page=1&pageSize=10,200,1,3167.637,86dbb243-7331-47ad-96cd-9efb7eb7d413
2026-07-22T15:24:33.975Z,POST,/users/,200,1,166.731,ea8b0fac-151b-4abe-9146-8a8c1d4a1837
2026-07-22T15:24:33.975Z,PATCH,/users/change-password,200,1,169.686,b4215174-bd63-47ab-ac46-cd45c72bce05
2026-07-22T15:24:33.980Z,POST,/customers/,200,1,171.579,d6e9c85e-3241-42f0-846c-df1342267ca2
2026-07-22T15:24:33.981Z,POST,/customers/,200,1,171.290,c08c3963-4e2c-47b8-a0b9-5a4d3b5a0735
2026-07-22T15:24:34.004Z,POST,/orders/,200,1,148.310,bfd146af-ede4-44c0-b48c-75a925356759
2026-07-22T15:24:33.992Z,POST,/customers/,200,1,161.938,14aacc50-987c-4e0e-aaf3-bc98469c77ca
2026-07-22T15:24:30.687Z,GET,/work/?page=1&pageSize=10,200,1,3468.024,e8e58347-8ca6-4511-a889-10a8d5371fb8
2026-07-22T15:24:32.772Z,GET,/customers/036755b7-37c9-4197-a5d7-57b430ac5828/with-cars,200,1,1384.103,7e7b0849-7e8e-4eee-8318-b9159418c213
2026-07-22T15:24:34.005Z,POST,/customers/,200,1,156.244,a119b648-0ef8-4faf-8fa9-58867d55682f
2026-07-22T15:24:33.986Z,PATCH,/orders/apply-discount,200,1,175.504,d349422c-ff5d-41ad-afa4-6118f059989f
2026-07-22T15:24:32.200Z,GET,/work/?page=1&pageSize=10,200,1,1961.382,2a4de156-f92f-40ec-8586-6def4a6c58c5
2026-07-22T15:24:33.999Z,POST,/work/,200,1,165.405,37f15949-a4e5-4a73-91f4-786dfe796670
2026-07-22T15:24:28.530Z,GET,/cars/d674258c-0101-46b2-8cf3-c10e07d8b346,200,1,5638.834,38f010bf-b675-4a6b-8c2c-8b4ef121e182
2026-07-22T15:24:34.026Z,PATCH,/orders/set-priority,200,1,143.352,05336d77-518c-49f5-b6e5-756c98319db5
2026-07-22T15:24:30.831Z,GET,/cars/?page=1&pageSize=10,200,1,3340.562,c745848b-a2e2-483c-b9f7-6f5f02182a7f
2026-07-22T15:24:34.056Z,PATCH,/orders/apply-discount,200,1,124.052,2acca3d6-7dca-4992-994b-a9fe4080c843
2026-07-22T15:24:34.066Z,POST,/customers/,200,1,136.703,0ac07228-2248-4a8d-8b7e-2f9d510d860a
2026-07-22T15:24:34.065Z,POST,/cars/,200,1,143.281,4065e5a8-806b-46d3-910d-612c9b4c6c90
2026-07-22T15:24:32.088Z,GET,/users/192b4675-ebf2-4984-a3a1-b625742343ae,200,1,2128.220,eb32f455-7096-4fb5-a1e0-66edc979144b
2026-07-22T15:24:34.074Z,PATCH,/orders/set-priority,200,1,142.246,b109f23d-e386-4537-8763-0e3676bd0809
2026-07-22T15:24:34.085Z,POST,/customers/,200,1,140.864,0487ee4a-69fb-4d6e-aa04-505c94fff4de
2026-07-22T15:24:34.083Z,POST,/customers/,200,1,143.009,0519a2c1-07aa-44fa-b626-d50a96e400c3
2026-07-22T15:24:34.082Z,PATCH,/users/change-password,200,1,143.641,86a4e1f8-d9d5-424c-b5ef-bd550c7dddb5
2026-07-22T15:24:34.086Z,PATCH,/work/change-description,200,1,155.958,fbcfe905-ea2c-45c2-9860-a8f57113fc1d
2026-07-22T15:24:34.091Z,POST,/workers/,200,1,154.602,8cc48cb9-53aa-459c-b1df-cc94bbfef9c9
2026-07-22T15:24:34.109Z,POST,/workers/,200,1,141.604,999bbf76-07f1-4024-b302-ec4b8614d367
2026-07-22T15:24:34.124Z,POST,/workers/,200,1,126.353,3b11fbbd-aac5-4a8b-bc77-cc81653c8367
2026-07-22T15:24:31.636Z,GET,/orders/?page=1&pageSize=10,200,1,2638.672,16cd094f-1c84-49e2-a8c8-513cd955423b
2026-07-22T15:24:32.182Z,GET,/cars/1457cc9c-402b-4160-b5ba-74f58194f551,200,1,2107.369,354c09ef-fa14-4336-982d-de69aee0cfee
2026-07-22T15:24:34.153Z,PATCH,/users/change-password,200,1,136.180,57c12f0a-fded-44c8-bb55-6f17cd74caca
2026-07-22T15:24:34.160Z,POST,/work/,200,1,132.717,cf243df4-ca8d-4307-822f-16494869d745
2026-07-22T15:24:34.165Z,POST,/cars/,200,1,141.677,6dc71c5f-aa69-4f46-b1a0-cf1931a50ddc
2026-07-22T15:24:34.201Z,POST,/orders/,200,1,131.183,806ad4b9-3097-496a-a6d7-aafeaccac436
2026-07-22T15:24:34.204Z,POST,/workers/,200,1,127.805,33bc78a9-0b8f-4463-8581-d84199d2d4c2
2026-07-22T15:24:31.430Z,GET,/customers/?page=1&pageSize=10,200,1,2905.023,fd62c9bd-c4bf-4128-bfab-74500c675451
2026-07-22T15:24:32.357Z,GET,/work/a3365fe4-eb8a-4b98-9b5b-3c12ccb7a3bd,200,1,1987.236,521432e7-fcac-4266-9573-a45e11331a31
2026-07-22T15:24:34.219Z,POST,/orders/,200,1,129.076,6b806015-84b4-4c39-a9b9-9a8fcf580848
2026-07-22T15:24:34.224Z,POST,/customers/,200,1,130.177,8fda82b8-3e2d-429d-849a-a60b9a8601e8
2026-07-22T15:24:34.231Z,POST,/work/,200,1,123.349,1e10d8f5-ad8f-4c28-a032-d032d252d14c
2026-07-22T15:24:34.229Z,POST,/workers/,200,1,125.288,ab05ee94-b0e7-4897-8c98-5974dfd9c79d
2026-07-22T15:24:33.449Z,GET,/workers/?page=1&pageSize=10,200,1,919.759,ae6849d0-14b2-4b2b-baf5-b780691606f0
2026-07-22T15:24:30.086Z,GET,/orders/?page=1&pageSize=10,200,1,4284.441,b93df29a-8a96-4527-a232-5ac9715d001a
2026-07-22T15:24:34.235Z,POST,/cars/,200,1,145.058,2342fe78-bdb1-4087-832f-6918b0ce4e49
2026-07-22T15:24:34.252Z,PATCH,/users/change-password,200,1,137.988,be19c94e-9c5f-4432-b05f-d0c3e416af50
2026-07-22T15:24:31.619Z,GET,/users/2696b6de-5dcc-46e5-be7e-440827f508fd,200,1,2777.200,4997d410-94ea-4ec7-a090-746beb8190b3
2026-07-22T15:24:34.265Z,PATCH,/users/change-password,200,1,135.025,e227850c-ae08-4742-9b6b-6b93661e72a0
2026-07-22T15:24:34.280Z,POST,/work/,200,1,131.202,57174313-bbf6-4bb0-bc4e-7cd4b4855189
2026-07-22T15:24:34.278Z,POST,/customers/,200,1,132.547,a8d45142-9a6f-4d9e-8bf7-a66d4220ffdb
2026-07-22T15:24:34.291Z,POST,/workers/,200,1,127.364,bdd2a16b-e1b1-4f2f-a2f0-c29eae70dd88
2026-07-22T15:24:34.292Z,POST,/workers/,200,1,126.637,5808d2fa-4e67-4e74-8945-8068846366f4
2026-07-22T15:24:34.308Z,POST,/cars/,200,1,139.582,fac57689-f7bd-437c-9b3f-d92514c95ebb
2026-07-22T15:24:34.311Z,POST,/workers/,200,1,140.571,5205a566-fd53-4a0e-b2fb-fae281c91b24
2026-07-22T15:24:34.318Z,POST,/orders/,200,1,135.907,fb83ade2-bc53-439f-990e-52d9962dbd6d
2026-07-22T15:24:34.320Z,POST,/workers/,200,1,134.404,9b12ae7b-a8de-40b8-a06a-ee2c0e904362
2026-07-22T15:24:34.321Z,POST,/customers/,200,1,133.538,7d8c991c-4b00-40b4-b570-a522741fab8a
2026-07-22T15:24:34.328Z,POST,/work/,200,1,138.344,7dd5d032-ac9d-4c85-9318-ae9b63eee45a
2026-07-22T15:24:34.327Z,POST,/cars/,200,1,144.316,fcc3cef1-9685-474e-a97a-d4ac4a44253c
2026-07-22T15:24:32.015Z,GET,/users/83a5b307-2786-45f8-b70a-2645813a1d12,200,1,2457.442,142d10d2-6be4-43e2-9ee4-9b34ab868b34
2026-07-22T15:24:34.338Z,POST,/cars/,200,1,135.161,501e6bd0-5524-4ca7-9efc-ffa649e69e73
2026-07-22T15:24:34.355Z,POST,/users/,200,1,136.769,696a0643-1e7c-4fb7-a285-8a9377c914ad
2026-07-22T15:24:34.379Z,POST,/work/,200,1,128.394,d2d53a82-a2bb-4643-ba89-7c80d30305e0
2026-07-22T15:24:34.378Z,POST,/cars/,200,1,134.886,2549307a-0a11-45e2-8d4b-36fb04f6a23d
2026-07-22T15:24:34.389Z,POST,/workers/,200,1,123.777,ec77278d-8c90-4cf5-a4ac-c226dd1675d8
2026-07-22T15:24:30.685Z,GET,/orders/ec0c6f2a-33bd-4f6b-8d56-f29953b356e2,200,1,3833.551,23dcd683-5511-45c0-836b-e061f312f310
2026-07-22T15:24:34.407Z,POST,/cars/,200,1,127.552,76943fd7-0bd9-43ea-a3d5-58ce84874be6
2026-07-22T15:24:32.659Z,GET,/customers/a18bc9c4-bea1-4740-9c60-faeae16e7745/with-cars,200,1,1879.408,1be8c3e5-2556-4a2d-86a1-328f4762ff56
2026-07-22T15:24:34.425Z,PATCH,/orders/apply-discount,200,1,130.422,76bb80d1-fc29-4bb3-94c1-1857e3fdcc73
2026-07-22T15:24:34.426Z,PATCH,/customers/change-contacts,200,1,129.605,54f4b1e1-7c38-455e-bc42-c4d8299b4e98
2026-07-22T15:24:31.638Z,GET,/orders/42263b06-9b08-4ec5-85a6-a0d316807fa6,200,1,2930.231,008a6f32-b3fb-4999-b96e-6ca21d7610c2
2026-07-22T15:24:31.310Z,GET,/workers/777000f6-9086-4d88-8526-07f6bf11d79b,200,1,3279.865,57ea9b3e-b233-4054-a58a-e5941f11e3f3
2026-07-22T15:24:34.459Z,PATCH,/work/change-description,200,1,134.348,7201dec7-397b-4c52-a754-adff446362cb
2026-07-22T15:24:34.461Z,POST,/work/,200,1,132.687,83228156-1765-444f-b364-8f1156881900
2026-07-22T15:24:34.511Z,POST,/cars/,200,1,135.579,c1c3c151-4f5c-4a3a-9dcc-c4baed25fb45
2026-07-22T15:24:34.542Z,PATCH,/orders/set-priority,200,1,125.989,0cdf7f2e-f36c-4fa0-9a31-9341776e55fc
2026-07-22T15:24:34.554Z,PATCH,/work/change-title,200,1,131.787,dc7d1734-5e7a-44fd-a5eb-14f23250b70f
2026-07-22T15:24:34.557Z,PATCH,/work/change-description,200,1,129.459,fe43c550-995e-4e57-be3b-68fa292c22e9
2026-07-22T15:24:32.033Z,GET,/orders/5cba6255-4769-4734-8110-c499d90ead85,200,1,2680.746,f611c0d3-5c45-4c8c-b386-0b2f47d75562
2026-07-22T15:24:34.582Z,POST,/users/,200,1,140.004,381fb7f2-4de5-4518-abbb-ba003c6ee1c8
2026-07-22T15:24:34.591Z,PATCH,/cars/record-mileage,200,1,138.260,9fb6b657-6659-4e9c-b829-91897a628c64
2026-07-22T15:24:31.311Z,GET,/workers/?page=1&pageSize=10,200,1,3418.834,4c2cc0f5-2603-4f30-803b-080a71e8bc51
2026-07-22T15:24:33.875Z,GET,/workers/?page=1&pageSize=10,200,1,854.792,2b5409e4-d28b-4fb5-8044-23d5d540010f
2026-07-22T15:24:34.598Z,POST,/orders/,200,1,135.298,f241435b-a495-41a5-9cdd-ff4e4d645db4
2026-07-22T15:24:34.598Z,PATCH,/work/set-estimate,200,1,134.959,223bc563-5722-408c-90a0-ab9f4a930978
2026-07-22T15:24:34.617Z,PATCH,/customers/rename,200,1,129.808,6aee0601-3665-45a9-bb45-292b58694d90
2026-07-22T15:24:34.628Z,POST,/workers/,200,1,127.774,7fccc9ee-ce47-4f43-87f5-3a083f98e21a
2026-07-22T15:24:34.622Z,POST,/cars/,200,1,136.957,611044a3-f5c3-481f-8d96-9a9ba0cfe81c
2026-07-22T15:24:34.633Z,POST,/cars/,200,1,132.687,41597b1b-1db4-4f66-a094-bcc80a9bbc24
2026-07-22T15:24:32.930Z,GET,/workers/6e38b473-fda8-4363-b9f8-d8c85fb57005,200,1,1836.010,ff7f62fa-a5ec-4420-9766-567281e2d42c
2026-07-22T15:24:33.012Z,GET,/customers/?page=1&pageSize=10,200,1,1755.197,568c90eb-6f23-4830-9934-7c8d4d9f6476
2026-07-22T15:24:34.654Z,POST,/customers/,200,1,140.778,6207a312-8ed3-4660-8f92-ac310cbcadac
2026-07-22T15:24:34.665Z,POST,/users/,200,1,139.278,7eb9b432-ff2d-4e37-bdbd-a3c30abd79bb
2026-07-22T15:24:34.664Z,POST,/workers/,200,1,139.833,b0005a75-6f78-4bef-8e80-39e5ddefec01
2026-07-22T15:24:34.664Z,PATCH,/orders/set-priority,200,1,140.716,78e99d08-6f00-4f5c-82be-a3ea214c6f70
2026-07-22T15:24:34.671Z,POST,/workers/,200,1,157.892,acc7d13f-15d1-4441-b7f4-a4111ccc01f3
2026-07-22T15:24:34.669Z,POST,/users/,200,1,160.251,d349205c-0f62-416f-b375-f697b9ce849e
2026-07-22T15:24:34.673Z,POST,/workers/,200,1,156.788,f207d7d4-0fb8-4980-818f-f2a92ebf6242
2026-07-22T15:24:34.674Z,POST,/workers/,200,1,162.122,99aed094-a764-4292-a6e1-8b39054977f4
2026-07-22T15:24:34.670Z,POST,/customers/,200,1,166.302,3142b003-7df3-4b3e-bcca-cc0db755abd2
2026-07-22T15:24:31.658Z,GET,/cars/2fd7364c-b6f3-4a95-b410-590b2d687ed6,200,1,3191.999,03efaf76-333a-4337-9ac7-be6cb4da16da
2026-07-22T15:24:34.687Z,POST,/cars/,200,1,167.051,82d8c6f0-dd59-4a9d-a4e3-bf8a7e8f3f5b
2026-07-22T15:24:34.691Z,PATCH,/orders/apply-discount,200,1,163.007,a922c806-3482-4b75-a3fd-caa92cd21085
2026-07-22T15:24:34.676Z,POST,/cars/,200,1,177.812,6d9a48b7-c13e-4bc3-b8a3-696a7564f0fc
2026-07-22T15:24:34.682Z,PATCH,/workers/change-hourly-rate,200,1,171.931,52e8a541-f0bb-4de6-9d48-e6b2f88ac054
2026-07-22T15:24:34.675Z,PATCH,/customers/rename,200,1,179.445,6b7504e5-5113-4c0b-8b62-091470de8817
2026-07-22T15:24:34.697Z,PATCH,/users/change-password,200,1,157.180,a3941616-58fc-44f8-9e99-46d0fb1db551
2026-07-22T15:24:34.716Z,POST,/orders/,200,1,138.992,8b939612-8cf6-4635-a39b-08e47e5cfa51
2026-07-22T15:24:34.714Z,POST,/workers/,200,1,140.754,31836a08-5b3d-4630-966a-56bcf143a156
2026-07-22T15:24:34.724Z,POST,/users/,200,1,130.631,e26a7c47-b2e1-4a02-bdc9-c186c0bafb3b
2026-07-22T15:24:32.945Z,GET,/users/ee299aa7-1e85-4a10-8758-173d21bab9b0,200,1,1978.432,ed0d31ce-d901-4ba3-9206-ccddf14a41ab
2026-07-22T15:24:30.196Z,GET,/orders/33c9fa20-dfe6-4999-9b30-c90d0af992bf,200,1,4730.038,3f9c8ccc-ac93-489e-8e82-ed4f403537eb
2026-07-22T15:24:34.727Z,POST,/orders/,200,1,271.565,e79f7cf1-a46b-4eb7-aa2f-1f832ab2ff41
2026-07-22T15:24:34.740Z,POST,/work/,200,1,265.468,c595bb6c-7461-447a-8384-b7923d410f8d
2026-07-22T15:24:34.728Z,PATCH,/workers/change-hourly-rate,200,1,283.540,1ac2bd66-f075-46d4-b4b5-b05326b7ab07
2026-07-22T15:24:34.851Z,POST,/work/,200,1,161.495,6dffa4c1-bcf8-4690-8182-40c86b2a2065
2026-07-22T15:24:34.840Z,POST,/work/,200,1,182.624,ca5da6f9-7ead-458c-aba8-45c294516968
2026-07-22T15:24:34.841Z,POST,/workers/,200,1,184.275,3fe29eb2-150d-4aa9-97c2-7c6e8cfa20ba
2026-07-22T15:24:34.776Z,POST,/orders/,200,1,249.139,7c4a96e4-5d68-4e77-a76d-71f20b27d84b
2026-07-22T15:24:34.788Z,POST,/workers/,200,1,237.633,70f06a87-6609-47f6-a49d-89d2965c0ddc
2026-07-22T15:24:34.785Z,POST,/work/,200,1,240.646,11d2efa6-efa3-401f-8137-b67efc9adfc1
2026-07-22T15:24:34.773Z,PATCH,/workers/change-hourly-rate,200,1,252.775,4033823d-dc51-47df-9426-3ac3109501f3
2026-07-22T15:24:33.264Z,GET,/work/09ea84d0-3e72-4063-b965-5c41a2a28a8c,200,1,1762.414,64b1d4dd-2938-4de2-a707-f28ed9c841c0
2026-07-22T15:24:33.235Z,GET,/orders/?page=1&pageSize=10,200,1,1792.662,84907fb3-2a82-4ea8-99f4-d215db075dab
2026-07-22T15:24:34.834Z,POST,/cars/,200,1,197.306,fbae94ef-0344-409b-819a-950c51cfcee9
2026-07-22T15:24:31.614Z,GET,/workers/?page=1&pageSize=10,200,1,3422.747,5c2927d4-5e29-43d0-8210-8c8ca28a7f1f
2026-07-22T15:24:33.916Z,GET,/cars/06755763-92ee-4a12-b3ef-08cf2af4ed79,200,1,1121.520,f9fb32de-5926-4513-a26c-ec4b894511b3
2026-07-22T15:24:34.802Z,PATCH,/work/set-estimate,200,1,235.654,9bf1f7d6-619c-4947-8d38-5eb964de0d71
2026-07-22T15:24:33.727Z,GET,/work/?page=1&pageSize=10,200,1,1312.913,8a8c3e72-9d74-49ba-b00e-c7e0ada67d76
2026-07-22T15:24:33.136Z,GET,/orders/4d551ca0-003f-4f64-932a-9d59743258e7,200,1,1908.661,cc32ee58-257f-443d-a03e-5519d668121d
2026-07-22T15:24:34.868Z,POST,/workers/,200,1,177.902,9cf491ff-5dea-484e-8a5a-cc16d5ba1853
2026-07-22T15:24:34.887Z,PATCH,/workers/change-hourly-rate,200,1,166.929,76b4bbb4-adb7-4200-8f03-b2d7aa5c4e0f
2026-07-22T15:24:34.906Z,POST,/users/,200,1,150.792,0bdbc3c3-08ca-4013-86f5-2bffea0a3444
2026-07-22T15:24:34.920Z,POST,/customers/,200,1,137.709,6aabd83b-d4bf-4a3d-b4e5-bb2f8e4403a3
2026-07-22T15:24:34.926Z,POST,/users/,200,1,131.227,b5ada663-d6c6-47c0-b211-91b75987f328
2026-07-22T15:24:34.315Z,GET,/cars/86289cc0-f0c2-49b9-98af-24a81a7f3171,200,1,749.725,c4158748-88ca-43d7-bf71-5f007862ad25
2026-07-22T15:24:34.933Z,POST,/workers/,200,1,139.408,050b4341-39d7-46f0-a86a-eafd7f272f51
2026-07-22T15:24:34.943Z,POST,/cars/,200,1,132.891,5c87069c-9bb3-4ace-860f-f94260605a94
2026-07-22T15:24:34.957Z,PATCH,/cars/record-mileage,200,1,124.176,602bb481-3f7e-4171-b1ba-a4d3218f71c9
2026-07-22T15:24:34.984Z,POST,/work/,200,1,119.006,3ba22b9a-0cd5-4c43-8c5c-75f8a1bf45dd
2026-07-22T15:24:33.100Z,GET,/customers/c6a01350-f758-464a-8fc9-58b60b7bf1b8,200,1,2004.818,45dc5724-46ae-4241-8280-7a63b3feaca5
2026-07-22T15:24:33.200Z,GET,/work/aa791a32-20b2-408a-b280-dccd3fe03434,200,1,1907.500,1a9d597c-eb11-482e-916c-495c925a1fcc
2026-07-22T15:24:34.988Z,PATCH,/cars/record-mileage,200,1,130.883,8d4c1a1f-e250-4440-b574-f28b428e874d
2026-07-22T15:24:35.003Z,POST,/work/,200,1,125.459,9eab6052-1170-48dd-b2d8-b0b441dd8575
2026-07-22T15:24:35.035Z,POST,/work/,200,1,118.381,2ba52c3a-e430-4d44-812e-183949d378e3
2026-07-22T15:24:35.040Z,POST,/workers/,200,1,118.500,bb337a24-f97d-4588-9b71-dcb80664ac03
2026-07-22T15:24:35.042Z,PATCH,/orders/set-priority,200,1,116.927,470bdb17-6ebd-4fd4-8962-dcb6ea8fc505
2026-07-22T15:24:33.387Z,GET,/users/dd5210a3-0c4a-4c63-ad11-37c8f049ad67,200,1,1794.125,5c38e64a-7777-45f2-9d2a-f2a232291a5b
2026-07-22T15:24:33.956Z,GET,/customers/0368b8a1-825c-464d-8576-eb19f0edf214/with-cars,200,1,1243.332,703e36ea-9508-42c3-81a7-3d1cdbdd7b9f
2026-07-22T15:24:35.090Z,POST,/work/,200,1,123.677,35e7a482-5027-4948-a512-ed7ed1dbd410
2026-07-22T15:24:35.110Z,POST,/customers/,200,1,126.171,5d0b0779-4c61-4569-952c-a7fb97b19439
2026-07-22T15:24:35.120Z,POST,/workers/,200,1,123.574,daad4174-1286-46f3-85ae-ad9b48016be7
2026-07-22T15:24:35.133Z,PATCH,/work/change-title,200,1,126.994,94b2031b-fb99-46d2-ab8f-2d07082f7a39
2026-07-22T15:24:35.172Z,PATCH,/workers/change-role,200,1,126.417,1592029d-d21d-4bc3-ac86-f3de483b08d4
2026-07-22T15:24:35.175Z,POST,/orders/,200,1,146.571,7fc01319-7318-4fbe-a8c0-083d008fd2f3
2026-07-22T15:24:35.179Z,POST,/customers/,200,1,143.448,40176dd5-3a8a-43b4-ac7e-f0637c06bdd2
2026-07-22T15:24:33.422Z,GET,/customers/?page=1&pageSize=10,200,1,1924.867,276d8143-e068-4cac-bf33-1ae7d45b309b
2026-07-22T15:24:33.551Z,GET,/workers/?page=1&pageSize=10,200,1,1807.363,d782ad39-4762-4a9f-b53d-ef6ec1207f90
2026-07-22T15:24:35.227Z,POST,/customers/,200,1,132.040,dc348077-ee26-415b-852a-749e6e8dc0df
2026-07-22T15:24:35.250Z,POST,/orders/,200,1,144.957,9ab6e2dc-96fd-410c-bcd6-5f343ca13a49
2026-07-22T15:24:33.813Z,GET,/orders/0b9cee9b-d925-469c-b555-2ab6f9891d40,200,1,1584.175,580d18fa-6ac2-41f0-9198-ee6ce2240e01
2026-07-22T15:24:33.165Z,GET,/workers/?page=1&pageSize=10,200,1,2233.799,1dc7b97c-8f3c-4c3d-b8a7-c14842fc2756
2026-07-22T15:24:35.247Z,POST,/users/,200,1,154.587,3ec8157e-5e71-421c-8a67-3a46db3d5d84
2026-07-22T15:24:35.257Z,POST,/orders/,200,1,148.490,3e9e0fb5-9e90-4064-8121-7570cfefbe4b
2026-07-22T15:24:35.265Z,PATCH,/customers/change-contacts,200,1,157.397,9d2a048d-55d8-4d73-828a-5120d42598e1
2026-07-22T15:24:35.283Z,POST,/work/,200,1,143.132,99337031-8850-483f-8bf1-1793c45daa06
2026-07-22T15:24:35.281Z,PATCH,/work/set-estimate,200,1,145.131,bc892bde-ca20-4965-ab01-7ccf2c84cd0c
2026-07-22T15:24:35.297Z,PATCH,/work/set-estimate,200,1,132.125,111b5a33-6055-46a5-8286-1e6975ea82ee
2026-07-22T15:24:35.291Z,PATCH,/work/change-title,200,1,140.926,d3764c69-72a9-42a0-b294-0fbb3f82e14e
2026-07-22T15:24:35.292Z,PATCH,/cars/record-mileage,200,1,139.820,d001aea5-24cc-4368-9be7-1e79ec455155
2026-07-22T15:24:34.678Z,GET,/orders/886b2dec-9f72-4553-baaf-0ace784f8c17,200,1,754.991,0dd7e8e8-d2ae-4c41-957c-aa3cf35bfe97
2026-07-22T15:24:33.401Z,GET,/work/d817b67d-3fd3-4970-b0d0-34237d3237d5,200,1,2039.346,451a4474-2079-4e01-b1f6-c747a6bae624
2026-07-22T15:24:35.311Z,POST,/users/,200,1,136.416,9025bc3b-459a-4c5b-9602-392a7ccc41d8
2026-07-22T15:24:35.325Z,PATCH,/work/set-estimate,200,1,137.594,12246afc-3d6b-4322-8e4f-8a7ddb9744d8
2026-07-22T15:24:33.412Z,GET,/customers/?page=1&pageSize=10,200,1,2051.705,77c27d46-5f88-4c03-8a4c-ac12ff9ca52f
2026-07-22T15:24:35.339Z,POST,/cars/,200,1,130.329,c6b7b64e-25f1-4a67-a372-dea07789514a
2026-07-22T15:24:33.658Z,GET,/work/?page=1&pageSize=10,200,1,1813.280,7d1c2702-8c56-4a48-b3a7-bc54398f2d9a
2026-07-22T15:24:35.342Z,POST,/customers/,200,1,136.805,f5b6e566-7d70-4984-b38e-29f58f70d22b
2026-07-22T15:24:33.010Z,GET,/orders/?page=1&pageSize=10,200,1,2480.331,88a1eccd-a84b-4c06-bade-ac6891055748
2026-07-22T15:24:33.787Z,GET,/customers/05c4fc29-e504-4b27-9517-fc100da74439,200,1,1711.220,c2bb9e30-1646-4c7d-888b-c3b17e6fa773
2026-07-22T15:24:35.359Z,POST,/workers/,200,1,139.793,adbaf34f-e5ad-428f-975c-f2969e9651e5
2026-07-22T15:24:35.360Z,PATCH,/work/change-description,200,1,138.814,8f05ebde-0cd7-48cf-ba5c-86daab76e01c
2026-07-22T15:24:35.361Z,PATCH,/customers/rename,200,1,137.796,4d7b3176-59bd-4ede-aa01-346402f15307
2026-07-22T15:24:31.047Z,GET,/customers/?page=1&pageSize=10,200,1,4455.416,dd861ced-71c2-4c52-abf1-31f7b94a6828
2026-07-22T15:24:35.363Z,POST,/orders/,200,1,140.544,93e32d1a-c28b-4179-98df-ba99ca0e92ac
2026-07-22T15:24:35.365Z,POST,/cars/,200,1,142.997,1ca20f28-c9da-4b10-b4c0-5a72b940f51a
2026-07-22T15:24:35.373Z,PATCH,/work/set-estimate,200,1,137.508,ca190079-37ff-4b6d-bffd-ed3b9fa57ed8
2026-07-22T15:24:35.388Z,PATCH,/customers/change-contacts,200,1,123.952,b0f96203-6eed-4e85-80cb-6572c6719d6b
2026-07-22T15:24:33.284Z,GET,/users/?page=1&pageSize=10,200,1,2231.171,d5d86501-efd8-4e96-80e7-919842a7d72d
2026-07-22T15:24:32.621Z,GET,/work/3c10f9de-4fb4-427d-b739-e74f7df3427a,200,1,2894.487,2450cd6f-6ed7-48a8-8b06-aab2b89f4acc
2026-07-22T15:24:35.391Z,POST,/work/,200,1,127.811,1ba58006-c2c9-4d55-a218-a469819f9899
2026-07-22T15:24:34.066Z,GET,/workers/?page=1&pageSize=10,200,1,1453.939,9442f55e-632d-4e92-96d3-b9d10e354bf7
2026-07-22T15:24:35.396Z,POST,/work/,200,1,128.425,70802281-73ba-4d67-8cf7-ded53b760513
2026-07-22T15:24:35.395Z,PATCH,/workers/change-hourly-rate,200,1,131.508,50df3873-945b-490b-a1c3-aff849c85484
2026-07-22T15:24:35.410Z,POST,/users/,200,1,129.811,9727b022-f61b-43ba-963e-77bf58e03a8e
2026-07-22T15:24:35.410Z,PATCH,/work/change-description,200,1,130.435,997eb64f-a2a2-4e69-8293-967e7575c2a5
2026-07-22T15:24:35.414Z,POST,/workers/,200,1,132.932,76c01821-49c8-44e6-8d36-a873e34cd929
2026-07-22T15:24:35.416Z,PATCH,/work/change-title,200,1,131.105,4ffd226e-8b0b-4d2d-abb0-51017d8fd333
2026-07-22T15:24:35.438Z,POST,/cars/,200,1,125.318,c0339e70-3e39-4985-bf46-121caa35fcb7
2026-07-22T15:24:33.846Z,GET,/users/?page=1&pageSize=10,200,1,1725.762,011d170c-66fc-4005-ba7f-793513846ef9
2026-07-22T15:24:35.451Z,POST,/workers/,200,1,128.104,87095f7e-b9a8-4fa3-b6dc-3ee3762f4719
2026-07-22T15:24:32.091Z,GET,/cars/f9e3351a-2f81-46a2-9559-68e635a1d056,200,1,3505.832,b2ed295f-4f0f-45e9-9ffb-6453cc8d2f82
2026-07-22T15:24:35.473Z,POST,/orders/,200,1,125.126,2a003777-8773-49b1-a591-69cbdecda036
2026-07-22T15:24:35.478Z,PATCH,/orders/set-priority,200,1,124.347,1bcd05f4-8d6a-4092-aec0-a8689a24a482
2026-07-22T15:24:32.796Z,GET,/cars/?page=1&pageSize=10,200,1,2814.153,075864fa-8bb2-4928-ad72-a6213ae37380
2026-07-22T15:24:35.483Z,POST,/workers/,200,1,127.345,ac0d99a8-2847-449b-906d-4491b28b1f88
2026-07-22T15:24:35.495Z,POST,/users/,200,1,128.732,2e7ae0f8-32ac-4aa1-a844-577fffb4f666
2026-07-22T15:24:35.493Z,POST,/orders/,200,1,130.821,aee9442b-a37f-432a-935a-e51d828f05a2
2026-07-22T15:24:35.501Z,POST,/orders/,200,1,133.420,ed79f67d-bbd2-49a0-9ffa-2da2e9ab6d23
2026-07-22T15:24:35.509Z,PATCH,/customers/rename,200,1,132.137,fd4858b6-95e7-4c52-b92f-e7453e49a2ab
2026-07-22T15:24:35.507Z,PATCH,/work/set-estimate,200,1,134.533,bff28534-58f6-48de-96dd-201ba4d3aeb1
2026-07-22T15:24:35.531Z,POST,/work/,200,1,124.677,a2f8aace-1ff8-42cb-a759-b86842ce13b8
2026-07-22T15:24:35.526Z,POST,/cars/,200,1,129.448,35118693-2389-447b-86d8-726625331a6e
2026-07-22T15:24:35.533Z,POST,/work/,200,1,124.150,976a7b8d-4f17-4b0e-ac4e-ddc4996c8aab
2026-07-22T15:24:32.134Z,GET,/users/1ccf831a-0046-4600-bac3-27332a95d84a,200,1,3550.304,d9894a33-17a4-41eb-8bbe-dfe5605e60bc
2026-07-22T15:24:35.559Z,POST,/work/,200,1,125.770,0633472f-669e-443f-9fc8-78233429edd6
2026-07-22T15:24:35.596Z,POST,/orders/,200,1,126.590,bde090bd-7179-4894-a7ea-093456336eaf
2026-07-22T15:24:33.878Z,GET,/customers/8e0b662a-7987-4ef1-94e1-f6a037ceacc2/with-cars,200,1,1854.402,78e041a9-142e-4585-b597-eecf02011729
2026-07-22T15:24:33.836Z,GET,/orders/?page=1&pageSize=10,200,1,1901.691,ad4b63ee-0ea3-4963-ad4a-a92d8c85e863
2026-07-22T15:24:35.608Z,POST,/customers/,200,1,135.073,efc79ce0-9ae9-4086-b7f6-b850404298e5
2026-07-22T15:24:35.620Z,POST,/customers/,200,1,133.310,20bd8775-e330-4825-b9a6-8dfa4f349cf3
2026-07-22T15:24:35.644Z,POST,/workers/,200,1,123.666,09cce19e-74fe-4d6f-aab1-fd2f8f32d3dd
2026-07-22T15:24:35.655Z,POST,/orders/,200,1,124.430,b60b784a-6706-4e06-9d7c-96dee5d939c6
2026-07-22T15:24:35.648Z,PATCH,/cars/record-mileage,200,1,131.484,47711592-8e45-4d7f-bafb-edad5671e9ac
2026-07-22T15:24:35.683Z,POST,/work/,200,1,131.483,344412f8-e4f0-422e-a8c5-30571485c434
2026-07-22T15:24:35.684Z,POST,/workers/,200,1,130.007,9a64e4c8-0a71-47f9-adca-f4e2ab6e6d87
2026-07-22T15:24:35.689Z,POST,/orders/,200,1,132.887,f3096613-830e-4181-886e-a506775ea246
2026-07-22T15:24:35.695Z,POST,/users/,200,1,138.081,e889f00b-c155-43e1-99a6-c39584643d1e
2026-07-22T15:24:35.742Z,PATCH,/work/change-title,200,1,129.825,8d7aa3e2-2a46-4ca1-b7f6-60876f9bd931
2026-07-22T15:24:35.746Z,PATCH,/customers/rename,200,1,132.791,e3aeca49-280e-4f76-b146-3fcbd94fc4d5
2026-07-22T15:24:34.931Z,GET,/cars/1457cc9c-402b-4160-b5ba-74f58194f551,200,1,948.855,a07cac01-6148-4454-8c18-9679133ebe9b
2026-07-22T15:24:35.748Z,PATCH,/orders/apply-discount,200,1,132.825,0068e4f9-790b-4dcd-a70e-57db478dec97
2026-07-22T15:24:35.748Z,POST,/work/,200,1,136.961,ce56ed3a-769b-4144-ba2f-48b228d53332
2026-07-22T15:24:35.772Z,POST,/work/,200,1,128.920,fcabf47b-025f-4059-90da-1598be5157e7
2026-07-22T15:24:35.783Z,POST,/work/,200,1,126.911,60c46607-4641-473e-99d8-3e8a6ff9e976
2026-07-22T15:24:34.063Z,GET,/orders/f6459218-286b-4e31-b050-e4144d241ca8,200,1,1853.433,0b8e66bc-ede2-4a92-a6c6-885c4b37a9ad
2026-07-22T15:24:34.564Z,GET,/cars/4a69b3c8-a4e2-4352-9d08-ece01eb6c242,200,1,1358.593,801aa0a9-ae59-47dd-abe8-7041c30a1081
2026-07-22T15:24:34.977Z,GET,/work/a0f79d05-67e0-4902-8e0e-b89c30bf08e8,200,1,960.201,4c39ae91-7bca-4a49-88b7-b45626932ea8
2026-07-22T15:24:35.100Z,POST,/users/,200,1,841.504,411a3715-1c57-4df7-835f-404c072fc220
2026-07-22T15:24:35.452Z,POST,/customers/,200,1,489.957,8f2d8174-d105-4d1e-ac11-157aacdbda8c
2026-07-22T15:24:35.448Z,PATCH,/workers/change-hourly-rate,200,1,493.725,5e785c88-1319-4b5c-a0f8-f3974e4cb0c2
2026-07-22T15:24:35.503Z,POST,/cars/,200,1,461.583,373ebdb4-c0f7-4f0f-952e-48c16349df40
2026-07-22T15:24:32.465Z,GET,/work/?page=1&pageSize=10,200,1,3505.136,0e7c7cb1-956d-4b2a-b494-65deefada791
2026-07-22T15:24:34.894Z,GET,/orders/f1379a78-f79c-4ee7-8e95-912f96c30031,200,1,1084.856,7db2854e-314c-4161-8bc5-8a49cc7e02ac
2026-07-22T15:24:35.815Z,POST,/orders/,200,1,175.154,9300a692-d233-4e15-8f06-4b20124cc0ea
2026-07-22T15:24:35.817Z,POST,/work/,200,1,177.567,33587db1-964b-45af-b9b4-61f87db17b3c
2026-07-22T15:24:35.813Z,PATCH,/work/change-description,200,1,184.613,4a07ceca-e3ff-4e54-899f-8eb66df935c0
2026-07-22T15:24:35.829Z,POST,/users/,200,1,168.608,e10d8c66-879b-46d9-bc06-1b492b6ae463
2026-07-22T15:24:34.209Z,GET,/work/09ea84d0-3e72-4063-b965-5c41a2a28a8c,200,1,1790.526,c1982b7e-2a29-4b17-8be8-0a094371fdc3
2026-07-22T15:24:35.841Z,POST,/users/,200,1,158.764,3726768c-6460-400a-94d3-9b8eae11722f
2026-07-22T15:24:35.867Z,POST,/customers/,200,1,142.901,ad44ed49-dc1b-4b74-be56-595506f2746f
2026-07-22T15:24:35.861Z,POST,/workers/,200,1,161.009,221ea8f2-288d-4328-98cc-f58ec95a9200
2026-07-22T15:24:35.882Z,POST,/orders/,200,1,141.462,8a896d1c-4476-4043-87b2-a8680165dc5e
2026-07-22T15:24:34.677Z,GET,/customers/eaa81316-e59a-40af-a35d-e97736af1c2b,200,1,1347.522,4352b3d9-4228-41b9-b484-9d00fbc118a8
2026-07-22T15:24:35.888Z,POST,/orders/,200,1,145.710,1792499c-450d-4996-ad8d-5a2d52b2bb28
2026-07-22T15:24:35.897Z,POST,/workers/,200,1,136.703,6c150ffc-a466-4169-bfe1-e15d2b12182c
2026-07-22T15:24:35.418Z,GET,/workers/20df3f14-2de6-46d4-b990-e6914aa47bd1,200,1,623.035,a481f6d9-5519-48dc-8437-f347205a23b3
2026-07-22T15:24:35.904Z,POST,/customers/,200,1,138.195,cc418ae6-ed58-4ed7-9640-6504a717356c
2026-07-22T15:24:35.908Z,POST,/customers/,200,1,137.836,88746875-cf41-4055-87d7-d8d377bd0be4
2026-07-22T15:24:35.915Z,POST,/orders/,200,1,130.244,91272634-9482-4c9f-9fc7-09e3180340bb
2026-07-22T15:24:35.922Z,POST,/work/,200,1,131.506,213102ac-6b9e-4b96-b4f5-3c7f76edbad9
2026-07-22T15:24:35.923Z,POST,/workers/,200,1,130.342,d24a1999-e4a0-4a5d-acbe-95f4d9537edd
2026-07-22T15:24:35.935Z,POST,/users/,200,1,127.303,1e8a66fc-ebb6-4844-8595-6946dd39c10d
2026-07-22T15:24:34.569Z,GET,/customers/363ee49a-06b0-4b02-bb88-1026456d5a66,200,1,1496.794,22a28f75-470d-46d6-8139-7472358e76fd
2026-07-22T15:24:35.942Z,POST,/orders/,200,1,125.106,5a06fd5d-4941-4d2c-86a5-ef4290ec5e6c
2026-07-22T15:24:35.956Z,PATCH,/work/change-title,200,1,127.936,184d5bd2-cc5f-484e-a00a-ecc4233edc8c
2026-07-22T15:24:35.958Z,POST,/customers/,200,1,130.169,b69b195c-ba26-4580-a9b9-bc7ef6197b36
2026-07-22T15:24:35.960Z,POST,/work/,200,1,130.532,f33f5754-d97c-42be-9d2b-3a40c3252035
2026-07-22T15:24:35.971Z,POST,/users/,200,1,122.337,5ecb2e4a-02a3-4112-8082-8bf37fc30e3b
2026-07-22T15:24:31.835Z,GET,/cars/7887bcf5-e0ee-4de9-b21a-87769d4bf219,200,1,4263.575,7b7d8154-8601-44c0-9ccd-7f86d50eb538
2026-07-22T15:24:35.974Z,POST,/users/,200,1,130.445,937a153f-410f-4b9f-b871-4ef0f36d7fff
2026-07-22T15:24:32.613Z,GET,/orders/?page=1&pageSize=10,200,1,3501.148,c30d9fca-3c79-488b-af96-734e45d917f1
2026-07-22T15:24:33.528Z,GET,/work/?page=1&pageSize=10,200,1,2601.363,c840ebbe-0b89-44df-a1e1-7b501a4f1623
2026-07-22T15:24:35.997Z,PATCH,/cars/record-mileage,200,1,133.384,312d28db-9689-47dc-b00f-ca308e19b8ad
2026-07-22T15:24:33.636Z,GET,/customers/?page=1&pageSize=10,200,1,2510.575,0218cfd9-5c8a-4ae1-88ea-661ba3b96e99
2026-07-22T15:24:36.021Z,POST,/work/,200,1,127.179,2f84e0f0-dcc2-4773-98a1-04b896231598
2026-07-22T15:24:36.023Z,POST,/work/,200,1,124.965,3e434b74-9455-4ac6-9b4f-1bc83ae72f58
2026-07-22T15:24:34.437Z,GET,/workers/db60a4c5-e486-427e-ab41-b43851246104,200,1,1713.816,fd2a8b5d-e725-49f8-bb37-d34a2c0027aa
2026-07-22T15:24:36.066Z,POST,/orders/,200,1,119.437,5e79dc25-518f-48da-854b-30cc978b3800
2026-07-22T15:24:35.345Z,GET,/customers/?page=1&pageSize=10,200,1,849.835,cc8ef276-a407-483b-aef6-51a338110658
2026-07-22T15:24:36.083Z,POST,/customers/,200,1,123.914,61e55a1f-620b-4433-8569-1a8d5be14d2d
2026-07-22T15:24:34.235Z,GET,/customers/ccbd42ab-b6b3-4bed-99b8-7fe80cf5976b,200,1,1973.713,8c46326e-f6b2-4adb-85e3-16b2068b94e2
2026-07-22T15:24:33.648Z,GET,/customers/fa3d2d63-4385-4ab1-97f4-b6b18734a9d5,200,1,2581.959,95145c17-676b-490b-b55d-0c3f05e946fc
2026-07-22T15:24:36.108Z,PATCH,/workers/change-hourly-rate,200,1,124.244,6cea04be-e703-4b19-a26e-395d172d82fa
2026-07-22T15:24:36.127Z,PATCH,/cars/record-mileage,200,1,132.061,97027531-eb1c-4620-9263-ad8a6bf20f8a
2026-07-22T15:24:35.283Z,GET,/users/11cf87c0-6239-45f0-8ffa-1ca712932cc3,200,1,976.858,5c192be5-4992-4d54-ae4f-801f69fa09e5
2026-07-22T15:24:36.138Z,POST,/work/,200,1,123.294,e80ca9ea-cbf2-48e3-b6da-e2aaedb91f5b
2026-07-22T15:24:36.147Z,POST,/orders/,200,1,125.314,75b33465-5cff-4427-bfe2-a7980bee7012
2026-07-22T15:24:36.148Z,POST,/users/,200,1,124.880,9ad10a3f-7158-442f-9af4-4dcc2ed87a3b
2026-07-22T15:24:36.157Z,PATCH,/work/set-estimate,200,1,128.976,3ae7aa26-52b0-4dd5-bdd9-f4d7660c5afe
2026-07-22T15:24:36.161Z,POST,/customers/,200,1,125.452,26d37fd2-e224-4172-bcd3-c8c733a7de93
2026-07-22T15:24:34.990Z,GET,/cars/a6e62b00-cf7e-45a4-b49c-03c12e55138e,200,1,1307.846,d328918a-2f54-4f98-a51b-f74ef3d2a69f
2026-07-22T15:24:36.173Z,POST,/workers/,200,1,125.738,467b0b2e-b49d-471d-b0bc-07bfd77bd22e
2026-07-22T15:24:34.244Z,GET,/work/efca943e-ca12-41c8-9d4c-dd2aee309cee,200,1,2064.075,1629cc0c-1b89-47ac-8a96-23ab74597737
2026-07-22T15:24:33.718Z,GET,/cars/de157d24-239a-4f78-b376-0e1a746d5afd,200,1,2614.356,46ed0e24-5430-485a-b25d-2dc8a5f5e179
2026-07-22T15:24:36.205Z,POST,/cars/,200,1,129.739,236ce408-0ae7-46fd-aa02-b49ea49fca9a
2026-07-22T15:24:36.230Z,POST,/users/,200,1,129.362,fc6becfb-2e47-4aa7-ad04-76bd74afba92
2026-07-22T15:24:36.243Z,POST,/workers/,200,1,128.357,8051843c-bcf1-42eb-87bb-7a2dcf416a42
2026-07-22T15:24:34.452Z,GET,/orders/?page=1&pageSize=10,200,1,1931.368,68815b6e-5987-4725-af2c-9016008a8a65
2026-07-22T15:24:36.253Z,POST,/cars/,200,1,131.957,72682dbf-2250-4912-9023-58b7460a3a2c
2026-07-22T15:24:36.252Z,POST,/workers/,200,1,133.066,4e6a75ee-7647-41f8-8da9-3e33dbc37150
2026-07-22T15:24:34.440Z,GET,/customers/?page=1&pageSize=10,200,1,1945.811,3113879c-67a2-4f80-913c-4c1710235ef5
2026-07-22T15:24:35.056Z,GET,/customers/0a219fc2-d89e-4289-b9fb-cff6c6f24326/with-cars,200,1,1330.600,94fa6d03-60ab-47f9-bb1f-f4af5df20cf7
2026-07-22T15:24:36.258Z,POST,/work/,200,1,137.145,00980134-e8a4-4f5c-a006-91efba1eba8b
2026-07-22T15:24:36.287Z,POST,/users/,200,1,127.919,ea7fc6ac-59da-4ebb-b2b9-81269264f0df
2026-07-22T15:24:34.071Z,GET,/cars/?page=1&pageSize=10,200,1,2345.050,228c1a2a-13ce-40c9-93b8-1ebd6f0c29e9
2026-07-22T15:24:36.290Z,POST,/work/,200,1,127.123,607a5d24-b6a6-43b7-8e27-bd2ace18e176
2026-07-22T15:24:36.301Z,PATCH,/customers/rename,200,1,124.428,17362ad1-390c-4fcd-a342-8676d733f7cb
2026-07-22T15:24:34.267Z,GET,/workers/?page=1&pageSize=10,200,1,2163.573,22cb31db-9ed0-4cd1-a153-16c6cad716f8
2026-07-22T15:24:36.306Z,POST,/work/,200,1,132.884,1a9146fc-2380-410b-9d8e-f33d3afac938
2026-07-22T15:24:32.654Z,GET,/orders/?page=1&pageSize=10,200,1,3787.211,1c30255a-d06a-45da-a305-1bc41f8013df
2026-07-22T15:24:36.314Z,POST,/users/,200,1,129.183,5df8003f-cc51-4a53-9833-079f77d38324
2026-07-22T15:24:36.321Z,PATCH,/workers/change-role,200,1,122.623,f14e96bb-3b8b-4a7c-b2de-1bf3766cf5e0
2026-07-22T15:24:36.322Z,PATCH,/customers/change-contacts,200,1,128.716,9abd7309-0c16-49b1-bcf5-cdef4d5b8f07
2026-07-22T15:24:36.332Z,POST,/work/,200,1,120.885,12bff364-42e2-4da5-8be7-a8dfde4ef8ca
2026-07-22T15:24:36.341Z,PATCH,/customers/rename,200,1,134.004,ba232203-e690-4131-8de9-ce8ac11308a0
2026-07-22T15:24:36.343Z,PATCH,/customers/change-contacts,200,1,133.014,dd96eb84-923a-4765-aa4f-78f024876265
2026-07-22T15:24:36.351Z,POST,/customers/,200,1,134.054,670c6a9d-9f88-4661-a176-33d89fe5002c
2026-07-22T15:24:36.353Z,PATCH,/users/change-password,200,1,137.199,838f963f-354e-4d6a-89e2-9a0241492ab3
2026-07-22T15:24:35.154Z,GET,/users/?page=1&pageSize=10,200,1,1340.015,9c21d2c2-2038-4b16-94be-6fd3aacd2b4b
2026-07-22T15:24:36.354Z,POST,/customers/,200,1,146.080,cb2c85ac-88d3-4918-a44a-8af3026cd4dd
2026-07-22T15:24:31.119Z,GET,/work/6ab38334-b811-4423-80cd-87183958a325,200,1,5397.204,0e7b29e6-78bb-4e63-a14e-967e2e5eaa32
2026-07-22T15:24:33.394Z,GET,/customers/cf59725d-6c40-47c5-8670-a6ec5c3b2702,200,1,3122.604,74c73e06-a6ab-4041-9f9e-cc3b6cfb620c
2026-07-22T15:24:36.381Z,POST,/users/,200,1,136.483,88a34864-439b-4572-9719-e3c61bd658dc
2026-07-22T15:24:36.370Z,PATCH,/workers/change-hourly-rate,200,1,149.504,76e18c50-cdf9-45a3-8b62-a594589b75e3
2026-07-22T15:24:36.384Z,PATCH,/customers/change-contacts,200,1,144.687,2a2ec879-24e5-4343-8190-c8f8363458be
2026-07-22T15:24:36.377Z,POST,/customers/,200,1,152.137,84dcea98-a1c7-41e3-b719-78938c4c8769
2026-07-22T15:24:34.338Z,GET,/users/37777017-7467-4b1d-9246-c62e1f66f4e9,200,1,2199.699,8e38e311-2991-4c56-acb5-70e9ee2eb293
2026-07-22T15:24:34.097Z,GET,/customers/525d3b9f-26b2-4a57-a973-9ebb4be17fa9/with-cars,200,1,2441.118,e5f4d77a-2515-4691-b1f2-439204ff35a7
2026-07-22T15:24:36.400Z,PATCH,/users/change-password,200,1,140.343,e5e5c53c-51e0-432d-b952-7284853d5069
2026-07-22T15:24:36.420Z,POST,/orders/,200,1,133.449,e8f9496f-0529-4400-ae46-78c00fc36a79
2026-07-22T15:24:36.414Z,PATCH,/users/change-password,200,1,145.164,5407e5d3-ed47-460b-afd3-b684e880793f
2026-07-22T15:24:36.431Z,POST,/orders/,200,1,130.550,1e714ea6-186f-407e-a49a-58f0fe0ab6a9
2026-07-22T15:24:36.431Z,PATCH,/orders/set-priority,200,1,131.296,5e3578c8-8a23-448f-959c-0507f001add9
2026-07-22T15:24:33.792Z,GET,/users/?page=1&pageSize=10,200,1,2785.328,d1929e9a-9335-4e06-ab14-a47cbd9342de
2026-07-22T15:24:36.442Z,POST,/users/,200,1,146.029,17e0fc20-f324-4880-8299-b9b81357e0aa
2026-07-22T15:24:36.455Z,POST,/orders/,200,1,140.662,81686714-ef57-477d-8d82-1bc7ecbe2625
2026-07-22T15:24:36.463Z,POST,/cars/,200,1,134.499,8da55ca3-640d-4097-94f7-7770a5000257
2026-07-22T15:24:36.468Z,POST,/workers/,200,1,131.848,0cbea36d-2cd9-49ec-ade1-9bc78ef071b3
2026-07-22T15:24:36.482Z,POST,/users/,200,1,145.548,8bfa1891-3652-4515-b80f-5d42e2376553
2026-07-22T15:24:36.481Z,POST,/orders/,200,1,146.702,8fb7a7df-2d31-42f2-8938-ed28c3536dcc
2026-07-22T15:24:36.510Z,POST,/users/,200,1,136.834,d1ba02c1-883b-48a1-b572-88668fdf3d30
2026-07-22T15:24:36.517Z,PATCH,/work/change-title,200,1,132.993,9e270282-9381-4176-b3ee-536baf6c696e
2026-07-22T15:24:36.520Z,PATCH,/orders/set-priority,200,1,130.284,daa0fb51-4267-42da-afce-196bdf41b578
2026-07-22T15:24:36.527Z,POST,/work/,200,1,123.408,13a94544-3576-4700-ac25-005777c19789
2026-07-22T15:24:34.577Z,GET,/workers/?page=1&pageSize=10,200,1,2083.680,37d58ea8-8a9e-481d-95cc-9bd551beeb85
2026-07-22T15:24:33.786Z,GET,/workers/?page=1&pageSize=10,200,1,2884.108,47c03479-30c2-48b7-9768-1cb81da620a5
2026-07-22T15:24:33.879Z,GET,/workers/a5a9f427-2110-4ae4-8219-64959e82769e,200,1,2808.728,016e4896-e3ee-4334-a558-b6dd8eeb141e
2026-07-22T15:24:36.534Z,PATCH,/customers/change-contacts,200,1,157.976,f92eda28-a36d-40f6-938f-ad55ade02df3
2026-07-22T15:24:36.563Z,POST,/workers/,200,1,130.295,e1402720-897d-4fa4-87c5-1b929331a874
2026-07-22T15:24:36.568Z,POST,/cars/,200,1,132.540,0b01fd95-a19d-4e9c-840b-ce2bddcf02f4
2026-07-22T15:24:33.013Z,GET,/users/?page=1&pageSize=10,200,1,3708.644,b0621bd8-2c88-4d9d-8617-9d4d6842067c
2026-07-22T15:24:36.588Z,PATCH,/customers/change-contacts,200,1,134.780,14e0d61d-3e27-490f-8cee-ccad0cab2218
2026-07-22T15:24:33.119Z,GET,/work/?page=1&pageSize=10,200,1,3659.379,02dda277-6fa0-43cd-aa31-4e8e8adb3925
2026-07-22T15:24:36.640Z,PATCH,/orders/set-priority,200,1,144.319,b714cdc1-ca41-47a2-8807-e772498fdb00
2026-07-22T15:24:36.663Z,POST,/customers/,200,1,130.366,3bbf2c20-5d5b-4f7f-bab6-00cf0b05c311
2026-07-22T15:24:36.667Z,POST,/orders/,200,1,134.583,a19346b3-af57-4850-a94c-added06365d5
2026-07-22T15:24:36.687Z,POST,/workers/,200,1,132.419,acbf5381-0b90-4296-989a-2b1d65869e43
2026-07-22T15:24:36.679Z,POST,/orders/,200,1,140.094,5b9f0ba1-dbe9-4fc2-aed3-9bd9434dcd59
2026-07-22T15:24:36.686Z,PATCH,/cars/record-mileage,200,1,134.265,486b9da9-b045-410a-aca6-1c19cee43ec5
2026-07-22T15:24:36.712Z,POST,/workers/,200,1,146.463,bfeda3be-4f7c-430e-bda9-823d66b93bcb
2026-07-22T15:24:36.710Z,POST,/orders/,200,1,149.282,2f8ad186-5c0b-4ead-b0d6-b1efd70659a2
2026-07-22T15:24:36.695Z,POST,/orders/,200,1,164.132,995c46c6-8cf9-4d89-ac17-3d6c920958bf
2026-07-22T15:24:36.713Z,PATCH,/cars/record-mileage,200,1,148.121,c99eb778-9777-4217-b271-bb5588ad26ef
2026-07-22T15:24:36.720Z,POST,/cars/,200,1,140.476,5a7dd77d-00b9-4d4e-919a-75169d06c974
2026-07-22T15:24:36.730Z,POST,/cars/,200,1,141.189,45b34b8e-a477-4f8d-a66b-fe5379c5a4a4
2026-07-22T15:24:36.734Z,POST,/workers/,200,1,144.357,df067629-ff6e-4613-9610-7c44859b908c
2026-07-22T15:24:35.884Z,GET,/customers/?page=1&pageSize=10,200,1,994.910,51725a4b-f8a5-44e4-afcd-3f7062deb81b
2026-07-22T15:24:36.742Z,PATCH,/work/set-estimate,200,1,137.221,2dd7e8c8-65fb-438f-8432-4aed94cdab59
2026-07-22T15:24:36.744Z,PATCH,/workers/change-hourly-rate,200,1,138.957,334159f1-38a1-4134-a2df-8d789fd69954
2026-07-22T15:24:36.747Z,POST,/users/,200,1,136.144,36e0e6d5-50fd-4a8c-9b79-2224ab2b10cb
2026-07-22T15:24:34.828Z,GET,/work/46d63aa6-3693-4546-8db5-f2adc4873b08,200,1,2084.143,dc0dc1bd-96ce-4862-9e2f-5627e6204802
2026-07-22T15:24:34.642Z,GET,/customers/?page=1&pageSize=10,200,1,2295.067,2f1ce755-3481-40d2-a5af-1f2ac96bea70
2026-07-22T15:24:36.785Z,POST,/customers/,200,1,153.352,7c20fd51-3823-4830-a63d-2c0b30ad5b6d
2026-07-22T15:24:36.787Z,POST,/workers/,200,1,152.659,a7d5e489-267e-4307-935d-37fb71753fef
2026-07-22T15:24:36.793Z,POST,/orders/,200,1,146.024,78e22e19-1a29-40bb-b521-cce1d465d451
2026-07-22T15:24:36.491Z,POST,/cars/,200,1,454.960,ef71310c-20d0-4882-8e2a-b5ee2183f06f
2026-07-22T15:24:36.485Z,PATCH,/customers/change-contacts,200,1,460.896,3cf084e0-8fc4-45ad-9ac2-bdc2aa31e999
2026-07-22T15:24:35.138Z,GET,/work/b3815c41-9a12-4105-b917-a37e2c9aa5c2,200,1,1809.835,8624042f-7d01-4fb2-a4b1-8e8049916937
2026-07-22T15:24:35.539Z,GET,/cars/?page=1&pageSize=10,200,1,1435.859,5f5d028c-7df7-4367-9d15-900e1cfa64b7
2026-07-22T15:24:36.503Z,PATCH,/customers/rename,200,1,484.198,534630f2-374b-4feb-8c2f-d784d24bde2d
2026-07-22T15:24:36.860Z,PATCH,/customers/change-contacts,200,1,136.945,b070f92a-b614-4027-8eb3-e52ace9fb671
2026-07-22T15:24:36.864Z,PATCH,/users/change-password,200,1,145.313,282a7668-714e-47ff-a0ab-9c3fb65db1fa
2026-07-22T15:24:36.863Z,POST,/work/,200,1,146.235,ece2a767-dd14-4fc8-8ba1-e052c8bdd175
2026-07-22T15:24:36.860Z,POST,/workers/,200,1,149.577,6f0d836b-4df9-437b-92ad-48ffb3553ed1
2026-07-22T15:24:36.880Z,PATCH,/workers/change-hourly-rate,200,1,148.945,f3e9cd7f-d311-409c-93de-d4c9591cd58b
2026-07-22T15:24:36.888Z,POST,/work/,200,1,147.548,8b3b2123-b967-4f58-a0e3-a8f1f4baca7b
2026-07-22T15:24:36.884Z,PATCH,/workers/change-hourly-rate,200,1,155.179,e704b60f-0db0-4863-bdd7-3fad9151a4d7
2026-07-22T15:24:36.895Z,POST,/cars/,200,1,146.577,1d8884e5-9bde-4097-8b52-b8e31e1ee23f
2026-07-22T15:24:36.899Z,POST,/cars/,200,1,153.196,b55dca46-6ba9-4c0c-b3e1-3878a22bff92
2026-07-22T15:24:36.769Z,PATCH,/workers/change-hourly-rate,200,1,283.049,5bee2f32-74b8-460f-934a-8163bce871c9
2026-07-22T15:24:36.798Z,PATCH,/customers/change-contacts,200,1,262.810,5addf060-4742-4ac2-a59d-68c514c71e5e
2026-07-22T15:24:36.938Z,POST,/users/,200,1,128.356,edaed24d-e1d6-41dd-9b66-1ee72dd533e2
2026-07-22T15:24:36.958Z,POST,/cars/,200,1,124.665,12f7f8ba-7d03-40c8-98ea-a817efb7ba47
2026-07-22T15:24:35.265Z,GET,/cars/3641c80e-6821-425b-9b20-d37906c5c19a,200,1,1823.599,7a6bebb6-6b5f-4535-a36c-d12c22ae22f4
2026-07-22T15:24:36.972Z,PATCH,/users/change-password,200,1,125.391,f1249c1d-2ccd-47c5-bfa3-6204d494419c
2026-07-22T15:24:34.932Z,GET,/users/?page=1&pageSize=10,200,1,2174.200,51bad859-d501-4829-aabd-15ec7fd8176d
2026-07-22T15:24:34.954Z,GET,/workers/9c285da7-9672-40b9-9615-95d0ae485316,200,1,2152.734,4ce2e560-c56a-4b60-acc5-6242cbdc86a8
2026-07-22T15:24:36.983Z,POST,/orders/,200,1,125.058,78ef7c42-4c50-4368-bb56-ba6a4e8a3c8f
2026-07-22T15:24:36.873Z,POST,/orders/,200,1,242.346,29f6ed48-8023-4123-b51e-a7b5b6fc0a0f
2026-07-22T15:24:36.999Z,POST,/customers/,200,1,124.397,bc935297-ba4b-4b13-bc0e-b5881d53b38c
2026-07-22T15:24:37.000Z,POST,/work/,200,1,135.793,8b9ce29f-bafc-4c66-853a-87edffd133a3
2026-07-22T15:24:37.007Z,POST,/customers/,200,1,129.578,8f52bba0-c292-4ea9-81eb-844e10e3fa67
2026-07-22T15:24:34.113Z,GET,/workers/?page=1&pageSize=10,200,1,3024.048,b2e1b1e0-0329-47bd-855f-4a23436f63c9
2026-07-22T15:24:37.016Z,PATCH,/users/change-password,200,1,122.511,bdd42649-345d-4836-967f-6e083711e1dc
2026-07-22T15:24:35.567Z,GET,/customers/?page=1&pageSize=10,200,1,1581.844,8f8e984b-76da-4d43-ade8-3570a7584e32
2026-07-22T15:24:37.024Z,POST,/customers/,200,1,139.955,5a188255-da50-4902-919c-acaa790f5f3a
2026-07-22T15:24:37.042Z,POST,/orders/,200,1,138.049,78bc68c7-0d8f-4f1c-b0b2-6c0710e90290
2026-07-22T15:24:34.356Z,GET,/orders/?page=1&pageSize=10,200,1,2826.966,29296493-bc47-484e-b9db-b3b86b3c504c
2026-07-22T15:24:34.093Z,GET,/users/88a60b48-a8b2-4a96-bd08-c03e5b7a0d39,200,1,3091.145,48c12add-c575-454a-b6aa-01884455a560
2026-07-22T15:24:37.041Z,POST,/customers/,200,1,145.763,37dc7a01-073d-4096-81f5-8efb72738666
2026-07-22T15:24:36.920Z,POST,/workers/,200,1,266.111,d0707a59-6b8f-425c-b8f0-9bff105de285
2026-07-22T15:24:36.930Z,PATCH,/customers/change-contacts,200,1,263.377,a484dc4c-7e16-43f8-9dff-dc774096f785
2026-07-22T15:24:35.273Z,GET,/workers/b8701135-70cf-4dfa-92c0-ba2e8b921241,200,1,1922.318,4a2dd5c1-8a4c-48d2-a64f-e095f6c09c04
2026-07-22T15:24:37.071Z,POST,/workers/,200,1,128.411,175f8245-76aa-4bf4-9b2e-5ad97ccd078f
2026-07-22T15:24:35.633Z,GET,/customers/5263d3ee-6ab8-4380-890a-8bb9aa3cde65/with-cars,200,1,1573.431,7fb70f68-6159-4c05-9441-bfb83bed5934
2026-07-22T15:24:37.084Z,POST,/users/,200,1,126.551,b91e3145-e847-4f63-8383-b56c6137f93a
2026-07-22T15:24:34.763Z,GET,/customers/e69b1530-bfcb-44d1-b84a-bcc6131fb6ad,200,1,2458.537,87d7d065-4ee5-4fba-a3ea-b12cf55acc9a
2026-07-22T15:24:37.097Z,POST,/workers/,200,1,125.601,8536563b-2e07-4e8d-adea-ce8abf304aef
2026-07-22T15:24:37.099Z,POST,/work/,200,1,127.619,67ad4869-2230-4a43-a3c7-07d7df1ad81f
2026-07-22T15:24:37.101Z,PATCH,/workers/change-hourly-rate,200,1,128.469,c8826b9d-a614-409e-b898-ab5880b9e099
2026-07-22T15:24:37.101Z,PATCH,/orders/apply-discount,200,1,127.594,32215016-008c-4878-b0e4-9d484f1b7188
2026-07-22T15:24:35.059Z,GET,/work/?page=1&pageSize=10,200,1,2188.088,fc01c2d1-401f-480c-abab-4211329240da
2026-07-22T15:24:37.122Z,POST,/work/,200,1,126.053,fd7610e4-d2a7-43d7-8bcd-d8ce772431d5
2026-07-22T15:24:37.123Z,POST,/orders/,200,1,124.681,95259e7c-efb1-43ca-985a-a51b050f97ee
2026-07-22T15:24:37.139Z,POST,/workers/,200,1,134.299,f599477e-7eb9-49fa-8082-26e932f5d4ba
2026-07-22T15:24:37.145Z,POST,/orders/,200,1,129.277,344b2b9f-18a4-4b89-a43c-cb1341bf8112
2026-07-22T15:24:37.146Z,POST,/users/,200,1,127.953,47cb466b-66b0-4825-af24-f42950643246
2026-07-22T15:24:33.772Z,GET,/users/?page=1&pageSize=10,200,1,3514.566,48c59c94-9b07-4e4c-8a6c-0fbaa277d25b
2026-07-22T15:24:37.157Z,POST,/workers/,200,1,130.901,163e85f6-31f1-4ad3-8bde-b39690babaa8
2026-07-22T15:24:36.843Z,POST,/users/,200,1,469.443,157f4bb2-8476-4db6-a6b3-5feda9ca9593
2026-07-22T15:24:36.831Z,POST,/cars/,200,1,482.756,1cf52d70-a4d2-411a-a05e-2344302f65b6
2026-07-22T15:24:35.364Z,GET,/users/38df92f1-64b6-4cb1-8d20-2762873bd2bf,200,1,1952.231,17f99cee-0f3a-4609-94f5-74dbffdd2160
2026-07-22T15:24:37.193Z,POST,/work/,200,1,126.704,546f3415-d14c-46e4-9d34-7b266a870884
2026-07-22T15:24:36.595Z,GET,/orders/10d35a91-e098-4e69-9f09-a69cf791d4a0,200,1,736.047,fd64a956-535d-43cf-a632-a2929ed8eda1
2026-07-22T15:24:34.769Z,GET,/work/?page=1&pageSize=10,200,1,2583.644,5fe8e950-dce4-43d4-96eb-470d382d0a2e
2026-07-22T15:24:37.242Z,POST,/workers/,200,1,117.960,79b675de-9fd3-4eff-9916-1e46a692241a
2026-07-22T15:24:37.277Z,POST,/workers/,200,1,124.928,63688f76-ca37-4733-a0d0-858d5c2dca81
2026-07-22T15:24:37.281Z,POST,/work/,200,1,121.244,5bfef8a1-8e63-4984-aed4-490eaf33a10e
2026-07-22T15:24:37.277Z,PATCH,/customers/change-contacts,200,1,126.858,3c8bd782-80ee-4cc3-8253-5b95e413bfce
2026-07-22T15:24:37.287Z,POST,/orders/,200,1,144.666,491ff45d-6d2f-4f2f-b7cc-6158a9d79a33
2026-07-22T15:24:37.284Z,POST,/workers/,200,1,148.232,7dd9a024-17e5-4edf-948b-16fbff55a532
2026-07-22T15:24:37.160Z,PATCH,/users/change-password,200,1,277.577,d9457c82-bc2f-40fa-9bd0-108d411d2653
2026-07-22T15:24:37.298Z,POST,/cars/,200,1,143.824,c0da58ee-a94c-4814-88e2-4f4eed2d5a72
2026-07-22T15:24:36.749Z,POST,/cars/,200,1,693.097,cea67065-daca-47fb-91dc-f4704e1e6507
2026-07-22T15:24:37.318Z,POST,/work/,200,1,128.131,53dd159b-6906-4fde-9651-9ef74b14bbc6
2026-07-22T15:24:37.319Z,POST,/orders/,200,1,128.812,ba7e94a8-4ac1-4edf-8509-d9dde55f5b88
2026-07-22T15:24:37.332Z,POST,/users/,200,1,136.495,d59ea2b0-caa6-4ded-89a4-8ffd4770421d
2026-07-22T15:24:37.334Z,POST,/workers/,200,1,134.021,5eae01b4-11bd-48bb-8427-5981a4c0994f
2026-07-22T15:24:37.333Z,POST,/users/,200,1,136.014,2cec3a96-7674-44ea-8065-53e290bd8d44
2026-07-22T15:24:37.343Z,POST,/customers/,200,1,132.871,e8071d85-1673-44ce-b9ef-a201aafa9ba8
2026-07-22T15:24:36.759Z,GET,/customers/c9196a3d-a04f-4081-8c09-caf43452c315,200,1,726.294,7b9c4a94-fdf7-4d28-8afb-ef7c57bc526f
2026-07-22T15:24:37.353Z,PATCH,/work/change-title,200,1,133.924,89c87220-c3d0-4d5c-9af1-6981ea725de4
2026-07-22T15:24:36.395Z,GET,/workers/?page=1&pageSize=10,200,1,1099.747,55afe788-1687-42bf-b2a2-628d5b79224d
2026-07-22T15:24:35.808Z,GET,/work/07660e21-a6e1-48fc-b1c9-97d7db719934,200,1,1688.702,3cdfdba7-3ea6-4fbd-aa11-8955dd8c22af
2026-07-22T15:24:37.368Z,POST,/cars/,200,1,131.498,49eec859-6a07-4775-8eba-6b7d7447d69b
2026-07-22T15:24:37.376Z,POST,/users/,200,1,123.690,bfe26afa-83a0-40f9-a2fe-0c3e5d898faa
2026-07-22T15:24:32.592Z,GET,/work/?page=1&pageSize=10,200,1,4919.138,4ee84f72-bf4d-4493-8148-675975b5866f
2026-07-22T15:24:37.388Z,POST,/orders/,200,1,123.133,946d4b87-d06e-4b91-899c-fead62ebec8d
2026-07-22T15:24:36.774Z,GET,/users/0ee66e59-01db-493d-8e9c-f3a013be460a,200,1,760.077,c033d294-92b8-4e11-bf53-1922c0d82e5c
2026-07-22T15:24:35.630Z,GET,/customers/47a34981-e976-4c5f-9eb1-00728614616c,200,1,1910.749,b6613c75-3626-4d32-96ff-a341cb2aab37
2026-07-22T15:24:36.212Z,GET,/users/?page=1&pageSize=10,200,1,1338.496,f0fd85f4-8ddb-4e36-b6ac-010faba48a86
2026-07-22T15:24:37.087Z,PATCH,/cars/record-mileage,200,1,485.441,6ea2cae3-73f9-482b-9652-d4c1a5061eea
2026-07-22T15:24:35.882Z,GET,/cars/?page=1&pageSize=10,200,1,1693.771,aeb69d9b-e9bf-4cdd-b3f6-0ebd6fd61a33
2026-07-22T15:24:37.467Z,POST,/cars/,200,1,127.843,90c260ae-55f5-4e2e-8e8f-89005d8a237b
2026-07-22T15:24:37.474Z,POST,/work/,200,1,135.780,5f4dd5e8-7747-4461-a933-b3b8f0a6a128
2026-07-22T15:24:37.482Z,PATCH,/work/change-title,200,1,136.409,dde5adff-00ac-4834-a11e-6350675d2d94
2026-07-22T15:24:37.486Z,POST,/workers/,200,1,141.284,03625718-65be-449f-9068-efe382cdd5af
2026-07-22T15:24:37.506Z,POST,/workers/,200,1,127.175,0eb95d31-564e-4a38-9fd6-393ce6c7da24
2026-07-22T15:24:36.899Z,GET,/customers/?page=1&pageSize=10,200,1,741.955,c3f373bd-4ca2-4234-b66d-c31f3ac7ae30
2026-07-22T15:24:37.514Z,POST,/users/,200,1,130.802,85d492bf-933b-41e1-b2c7-0196346b069b
2026-07-22T15:24:37.517Z,POST,/orders/,200,1,133.487,81d9c236-80d1-4646-9a0b-8326c1a36d71
2026-07-22T15:24:35.162Z,GET,/cars/9e2521f7-8290-4001-819a-506e7c5c6484,200,1,2490.460,d9a7b933-4ef6-46a4-b283-2bb860e56fd1
2026-07-22T15:24:36.356Z,GET,/customers/?page=1&pageSize=10,200,1,1330.221,1d4235da-3a24-4dc0-8756-2fe4606acb82
2026-07-22T15:24:37.554Z,POST,/users/,200,1,133.912,2dfbc84a-2eda-4b2c-810b-2fe3985943d1
2026-07-22T15:24:37.554Z,PATCH,/work/change-description,200,1,133.679,c3dd90df-e4c3-4ef1-b9cd-45b2af931887
2026-07-22T15:24:35.775Z,GET,/work/?page=1&pageSize=10,200,1,1932.767,ea8c61c0-65f9-46be-9db8-fb09130f38e0
2026-07-22T15:24:37.587Z,POST,/cars/,200,1,130.053,fda1550c-0280-4f9b-9071-94ff053676b7
2026-07-22T15:24:37.007Z,GET,/work/8f300d8d-c8b6-48cc-a05d-d3d86b603c70,200,1,719.406,2dcccbd0-d3ad-4142-862c-60cf723c9b25
2026-07-22T15:24:37.604Z,POST,/orders/,200,1,123.612,95c73441-ad42-46ef-b6ea-11e75318c35e
2026-07-22T15:24:37.609Z,PATCH,/workers/change-hourly-rate,200,1,123.515,d8a9a226-4fa5-473d-9309-a479535d4aa1
2026-07-22T15:24:37.620Z,PATCH,/users/change-password,200,1,125.983,64934e8d-77dd-4792-a65a-a5648c11e270
2026-07-22T15:24:37.623Z,PATCH,/cars/record-mileage,200,1,127.333,cca30dd0-7062-4bdf-9d50-4feeada3faa2
2026-07-22T15:24:37.633Z,POST,/workers/,200,1,132.480,4738dcdb-6c32-4429-9422-6748ce826be2
2026-07-22T15:24:37.632Z,POST,/users/,200,1,133.156,be53b6f3-d094-4afd-b826-1104f4eb4e57
2026-07-22T15:24:33.990Z,GET,/work/e21e4002-7a92-4056-aece-2704f4686c20,200,1,3777.109,1836a87e-a8ad-43e1-8c20-f0c08a5f11b9
2026-07-22T15:24:37.639Z,POST,/workers/,200,1,134.585,d27f1544-1cf0-4ce2-9627-67dd3679f3d7
2026-07-22T15:24:37.640Z,POST,/workers/,200,1,133.427,dc2293ac-0b1c-4aec-8fd2-13459389c656
2026-07-22T15:24:37.631Z,POST,/cars/,200,1,143.143,0804a7ef-1b3f-41e9-a359-016643da2b4c
2026-07-22T15:24:34.017Z,GET,/orders/?page=1&pageSize=10,200,1,3760.556,38636c56-dde5-4864-b886-f264c7a4415f
2026-07-22T15:24:37.652Z,POST,/customers/,200,1,138.250,6fc39fc1-f81b-4359-b922-1e080f688608
2026-07-22T15:24:37.654Z,POST,/orders/,200,1,137.203,4b32d158-5fac-4449-9685-a0f9fab87b79
2026-07-22T15:24:37.658Z,POST,/orders/,200,1,132.620,7fcd5c9d-aa4d-4500-896b-cac130aa43d9
2026-07-22T15:24:37.666Z,PATCH,/workers/change-hourly-rate,200,1,129.758,614280d8-2bd6-4a4e-a74b-cd07c258ca15
2026-07-22T15:24:37.316Z,POST,/orders/,200,1,480.261,fb1972c9-a7ad-4edb-94c4-7a2b41c70fa2
2026-07-22T15:24:37.673Z,POST,/work/,200,1,127.473,4fa7e5e3-7472-497d-8673-6b6d40f940be
2026-07-22T15:24:35.874Z,GET,/customers/44c92ff1-0241-4e5e-9fe2-a877b989a111/with-cars,200,1,1932.588,aa98c924-1bda-4013-8069-9c399e66fab9
2026-07-22T15:24:37.677Z,POST,/users/,200,1,130.609,0838a412-1a40-4a90-909c-b01538830e42
2026-07-22T15:24:37.676Z,PATCH,/work/set-estimate,200,1,131.852,58eaaa06-8d38-4b0f-a33c-8b22bb1280d8
2026-07-22T15:24:35.500Z,GET,/work/2cd44e19-c154-4c4e-b113-1c94746f3b0b,200,1,2308.122,e23bab1c-d3de-4e74-8733-2320a907b26b
2026-07-22T15:24:36.337Z,GET,/workers/aae84758-9f76-4c7d-91b3-77df2e116124,200,1,1473.327,bd0e7937-711f-4063-9eb2-6d8463cbc340
2026-07-22T15:24:37.685Z,POST,/customers/,200,1,128.936,ff7940f7-b96c-4c46-a88f-7ea39866899f
2026-07-22T15:24:36.367Z,GET,/workers/5041e750-2b89-4dde-9347-ccb7bbc42db5,200,1,1452.630,bbb34e34-827c-472d-a32d-83c00ffc324e
2026-07-22T15:24:37.702Z,PATCH,/cars/record-mileage,200,1,124.719,c44374d7-4ab6-4bee-9008-7ef77aa11e32
2026-07-22T15:24:35.586Z,GET,/workers/?page=1&pageSize=10,200,1,2243.791,8db45041-6473-4657-83c8-67ee1ec2ba29
2026-07-22T15:24:37.714Z,POST,/customers/,200,1,126.895,bb7aaa3f-db93-46d4-a566-614f49e3a404
2026-07-22T15:24:37.744Z,POST,/work/,200,1,126.035,4246649f-bb83-451c-9047-760f55a717ac
2026-07-22T15:24:37.743Z,POST,/cars/,200,1,127.331,074722a3-75a7-409a-b3f8-6251b9ebc38d
2026-07-22T15:24:37.381Z,POST,/work/,200,1,497.988,e4c78cc3-2e38-4659-8a5e-4251e881b470
2026-07-22T15:24:34.372Z,GET,/users/?page=1&pageSize=10,200,1,3522.141,07e165b0-6b5c-43b7-a2af-ab25a7528d62
2026-07-22T15:24:37.764Z,POST,/workers/,200,1,142.641,a2e15320-bf9e-45df-90a1-e8162868a44d
2026-07-22T15:24:37.767Z,POST,/workers/,200,1,139.710,2f70d520-45ca-4669-a504-dbc2c5ebdb3f
2026-07-22T15:24:37.771Z,PATCH,/orders/set-priority,200,1,148.605,64426af2-64ba-4edc-a9d5-61e3d1b7c485
2026-07-22T15:24:37.778Z,POST,/customers/,200,1,142.503,e3ecdc0a-f262-402c-9af6-e638e6f8d0f8
2026-07-22T15:24:37.782Z,PATCH,/work/change-description,200,1,138.724,64d38b94-a00a-41d4-8cf8-686ea4941b55
2026-07-22T15:24:37.810Z,PATCH,/orders/set-priority,200,1,131.158,d44e58a0-9269-42b0-909b-a9947ad96c9a
2026-07-22T15:24:37.809Z,POST,/workers/,200,1,131.676,36592a9f-0599-4225-8c5e-62d343a8da94
2026-07-22T15:24:37.821Z,POST,/cars/,200,1,140.379,a209d5c0-fb6f-4fee-91b2-3f07dde13eb6
2026-07-22T15:24:37.830Z,POST,/cars/,200,1,134.072,b3ca0a8d-0c75-444f-a619-ec17911bea36
2026-07-22T15:24:37.845Z,POST,/workers/,200,1,135.020,b338584e-b592-4469-a9c6-816f31ba936b
2026-07-22T15:24:37.864Z,POST,/users/,200,1,121.607,2bbaf9a4-0e4e-433d-bd56-68ed31574299
2026-07-22T15:24:37.872Z,PATCH,/work/set-estimate,200,1,131.496,dd4297fa-048b-4a99-a810-0dc23519629a
2026-07-22T15:24:37.876Z,POST,/work/,200,1,129.242,bb65a500-d162-44f6-98aa-aec0d8342f8d
2026-07-22T15:24:37.892Z,POST,/work/,200,1,113.476,6f70f7f4-8b6b-4792-bb66-356b994d1df9
2026-07-22T15:24:37.894Z,POST,/orders/,200,1,121.644,2cb3c88d-f2f0-4ebf-85d2-12f6cdcb9201
2026-07-22T15:24:37.902Z,POST,/work/,200,1,119.637,43b72936-92bc-4939-8598-c7b5fd8e95d1
2026-07-22T15:24:37.899Z,PATCH,/cars/record-mileage,200,1,129.282,09b742bc-b5d1-4f69-879f-67e67701bcd9
2026-07-22T15:24:37.910Z,POST,/cars/,200,1,119.664,282bb632-38c0-40c9-ba5a-3c8ecc4e84b6
2026-07-22T15:24:37.904Z,POST,/customers/,200,1,129.445,bae866c2-752e-43eb-b73d-485443130b1e
2026-07-22T15:24:37.914Z,POST,/workers/,200,1,139.412,8be51672-1dd8-4d53-a37e-6cf752906284
2026-07-22T15:24:37.919Z,POST,/workers/,200,1,144.046,c401a15f-648d-4ed7-83d1-23eaff2748a8
2026-07-22T15:24:37.915Z,POST,/work/,200,1,148.629,45498d32-4b00-477c-b2b2-385ac222371e
2026-07-22T15:24:37.934Z,POST,/customers/,200,1,137.592,a1d0bb1b-ab1a-4eb7-9661-050e3df27dc3
2026-07-22T15:24:36.791Z,PATCH,/workers/change-role,200,1,1280.861,398cb364-3a23-4562-a509-fe938a6040a8
2026-07-22T15:24:37.939Z,PATCH,/customers/change-contacts,200,1,143.655,0629feb9-682e-41be-a90a-d6deda8c139f
2026-07-22T15:24:35.317Z,GET,/customers/?page=1&pageSize=10,200,1,2771.324,3df4e6f7-112c-46f9-87d9-b8e56d908cff
2026-07-22T15:24:37.951Z,POST,/work/,200,1,140.070,78fbbf46-249a-492a-b24d-4941dd1b4aa8
2026-07-22T15:24:37.950Z,POST,/orders/,200,1,140.886,85ca047e-d513-4368-8ecf-53fae2fa938f
2026-07-22T15:24:37.963Z,POST,/users/,200,1,137.678,d1532513-a69b-40cc-ae31-3b3502dcc90b
2026-07-22T15:24:37.962Z,PATCH,/work/change-description,200,1,141.113,aac219e1-ad4a-4dbd-909f-dea21fe1fed2
2026-07-22T15:24:37.968Z,POST,/customers/,200,1,135.414,0eb49fba-fa93-4e97-bec3-507829e66c18
2026-07-22T15:24:37.399Z,GET,/users/?page=1&pageSize=10,200,1,718.168,db01eca2-9832-4f84-a543-f9624f21f470
2026-07-22T15:24:37.982Z,POST,/work/,200,1,137.131,e114e665-ed02-4283-8d3d-9bd4db6c6a49
2026-07-22T15:24:36.851Z,POST,/cars/,200,1,1269.605,ba8a62c8-0380-4b20-b254-6b6f29f8f87a
2026-07-22T15:24:37.986Z,POST,/customers/,200,1,135.076,71edf9d7-9e97-4a66-affe-b52a7165376c
2026-07-22T15:24:38.004Z,PATCH,/customers/change-contacts,200,1,122.504,bbe30d7a-33aa-4e87-9cfd-cc393fa5874d
2026-07-22T15:24:38.005Z,PATCH,/orders/set-priority,200,1,121.079,9e72dc28-4b31-42f7-8358-383b5da8488e
2026-07-22T15:24:35.621Z,GET,/cars/?page=1&pageSize=10,200,1,2522.815,25179d58-3513-42de-874c-18629719a02b
2026-07-22T15:24:38.016Z,PATCH,/customers/change-contacts,200,1,129.000,3b767b89-c013-4aff-875c-e1e4d79c7687
2026-07-22T15:24:38.026Z,POST,/workers/,200,1,132.247,36a64cd4-fd95-4f02-9894-aaee54a74108
2026-07-22T15:24:38.034Z,POST,/work/,200,1,129.925,20ad195a-3a3e-4749-9100-bd40580e820f
2026-07-22T15:24:38.054Z,POST,/users/,200,1,115.730,fc12b41c-e9af-40b4-a7c2-c2b50f362a66
2026-07-22T15:24:38.066Z,POST,/orders/,200,1,115.825,c201ac44-3f11-4ee9-9830-7708e5f2bd85
2026-07-22T15:24:38.066Z,PATCH,/work/change-title,200,1,116.400,ed37b5cb-7da6-4527-849c-69cfd670ca23
2026-07-22T15:24:38.072Z,POST,/users/,200,1,110.495,2c74e8e8-4c04-4f75-ac2d-da69d1275781
2026-07-22T15:24:38.087Z,POST,/workers/,200,1,99.817,0c83c35a-79cb-4361-a2eb-fb4f1685bee1
2026-07-22T15:24:38.090Z,PATCH,/cars/record-mileage,200,1,102.294,986bd511-8187-40cd-8f58-06e469a8a845
2026-07-22T15:24:38.104Z,POST,/users/,200,1,105.146,238eb19e-a890-4101-85e4-9be7937cc18e
2026-07-22T15:24:37.977Z,PATCH,/cars/record-mileage,200,1,234.762,bc6f3fcf-0144-4371-a2dd-cc6594eec948
2026-07-22T15:24:38.103Z,PATCH,/work/set-estimate,200,1,109.345,166747b1-4585-485c-b7a1-34c79ae90e3b
2026-07-22T15:24:37.398Z,GET,/customers/bb47c794-d391-49aa-b4ed-80aeef11b713,200,1,816.975,0e947da1-b604-4606-b99a-50461de71ef5
2026-07-22T15:24:38.112Z,GET,/cars/6c89b583-eb8a-45a7-8b03-bbcad08db3da,200,1,133.186,10a1b0a0-9909-4764-8931-8010baefa0e4
2026-07-22T15:24:38.114Z,POST,/cars/,200,1,150.783,dfff5683-50d7-4550-aa24-6abbe81d3c7a
2026-07-22T15:24:38.128Z,POST,/customers/,200,1,136.531,c8ad335a-9be7-4878-9474-631e5ea45b64
2026-07-22T15:24:36.190Z,GET,/cars/bb2fe972-d0dd-4dc3-9a0d-d0024e4a00c2,200,1,2075.541,f5a25b68-381f-4cfd-ab87-a93fe1fd0de0
2026-07-22T15:24:37.790Z,POST,/work/,200,1,482.661,7591119d-a314-4f19-ae72-10967d528518
2026-07-22T15:24:38.138Z,POST,/customers/,200,1,136.566,ace270a0-0a7c-40b4-a91b-f0367435a60f
2026-07-22T15:24:38.157Z,POST,/workers/,200,1,129.885,e5e5b6d0-9533-4890-b60d-8cace6be6ce1
2026-07-22T15:24:36.033Z,GET,/customers/b8909465-1f98-44d1-a300-abe14184cd44,200,1,2264.356,50ec4514-c68d-4f31-9067-25d47e263743
2026-07-22T15:24:36.077Z,GET,/cars/d369eede-24ef-4c61-88b7-257a86606b17,200,1,2225.757,80a7a090-5aa6-4566-8f64-a3043e2239a9
2026-07-22T15:24:38.044Z,POST,/cars/,200,1,261.654,52d5fcc1-342c-499f-86b1-193c125d4e46
2026-07-22T15:24:38.045Z,POST,/customers/,200,1,260.518,052506a1-d321-4e3a-9fa9-0a2bb56c0893
2026-07-22T15:24:38.178Z,POST,/users/,200,1,132.018,c02521fc-e22c-40ee-b1da-782ee24c21a4
2026-07-22T15:24:38.187Z,POST,/customers/,200,1,134.865,e5325ed2-e7fd-4a96-8ec7-a916e5783fa3
2026-07-22T15:24:38.188Z,POST,/cars/,200,1,137.740,a0d73bb2-c526-4b5c-a98f-9b1e8d82ce70
2026-07-22T15:24:38.200Z,POST,/work/,200,1,127.781,2cf6117c-5a16-456d-8113-d729d7b27b80
2026-07-22T15:24:38.196Z,POST,/cars/,200,1,138.615,c48fd755-47c5-458d-837a-56ff918c08e6
2026-07-22T15:24:38.206Z,POST,/customers/,200,1,129.219,02a6c3d0-45e1-49e9-8d52-293f4db07cbd
2026-07-22T15:24:38.215Z,PATCH,/customers/change-contacts,200,1,127.845,1af893e7-b131-4ec6-bef9-9e1c726c2042
2026-07-22T15:24:38.226Z,POST,/cars/,200,1,117.596,45cf8e30-dddb-4435-b386-66ae5de610f7
2026-07-22T15:24:38.233Z,POST,/customers/,200,1,110.397,0f21be77-3795-4187-ae0a-995c0839a849
2026-07-22T15:24:35.124Z,GET,/customers/?page=1&pageSize=10,200,1,3222.786,c1f0b487-d3c6-4ed4-931a-ccad4bc869e9
2026-07-22T15:24:38.247Z,PATCH,/cars/record-mileage,200,1,103.429,6a1a84a8-fc5d-40b1-9c59-5c082f42f16f
2026-07-22T15:24:38.252Z,PATCH,/cars/record-mileage,200,1,110.996,b40bcc4b-c29d-46a9-9810-6f06914a143d
2026-07-22T15:24:38.260Z,POST,/orders/,200,1,127.201,ad0c03ab-2b0d-438e-8ff6-10b813f8109f
2026-07-22T15:24:38.267Z,POST,/workers/,200,1,121.991,cffb375a-613c-4f46-8906-e9d0c243fb1d
2026-07-22T15:24:38.273Z,POST,/users/,200,1,116.924,ecad3966-8323-46b7-b1cf-b2101923c78f
2026-07-22T15:24:38.274Z,PATCH,/orders/apply-discount,200,1,117.707,b126b1df-4e69-4bef-abb9-5c55a4912df7
2026-07-22T15:24:38.286Z,PATCH,/cars/record-mileage,200,1,110.565,03ff7b88-22ee-4123-abc7-022ff62e892a
2026-07-22T15:24:38.309Z,PATCH,/work/change-title,200,1,113.188,cab0ae74-0d16-47a9-9042-52c6984df7f8
2026-07-22T15:24:38.311Z,POST,/cars/,200,1,112.192,e5878afa-d42a-4d47-b6e7-836a3aa733b6
2026-07-22T15:24:34.850Z,GET,/users/4e3816fb-9322-4da1-84c9-c619b438d1fa,200,1,3574.979,0830dd65-f125-4dc2-bb5b-879595e1727d
2026-07-22T15:24:33.443Z,GET,/customers/ccbd42ab-b6b3-4bed-99b8-7fe80cf5976b/with-cars,200,1,5008.106,c6e74c53-a0ef-42bd-bfb3-04fb2343e4b0
2026-07-22T15:24:38.317Z,POST,/users/,200,1,135.367,b9402a04-358c-4f70-b3ca-8a54eac67e60
2026-07-22T15:24:38.318Z,POST,/orders/,200,1,134.494,8ca98e50-2e5f-4745-a280-218b689a9c8e
2026-07-22T15:24:36.307Z,GET,/workers/0d97d032-0273-42f3-9533-c742543db9a3,200,1,2148.638,8548a010-6f8b-4e70-b70d-e932815b587f
2026-07-22T15:24:38.325Z,POST,/customers/,200,1,131.617,ce332014-60f5-43f2-a4b1-9c3827ef9bd4
2026-07-22T15:24:38.332Z,PATCH,/users/change-password,200,1,125.075,a0b107f8-e0ee-4ede-96dd-734f16143982
2026-07-22T15:24:38.041Z,POST,/work/,200,1,445.752,f01721ac-004a-42b3-a0d1-5524f1491adb
2026-07-22T15:24:34.170Z,GET,/orders/?page=1&pageSize=10,200,1,4318.198,52122be3-0ba9-45be-9bc0-99b7e18f88aa
2026-07-22T15:24:38.367Z,POST,/work/,200,1,130.548,afcc7983-f900-42d5-8841-b398f6b15953
2026-07-22T15:24:38.397Z,PATCH,/orders/set-priority,200,1,122.067,3c9f2921-5f86-4a88-98c2-9c3be1bcb862
2026-07-22T15:24:38.408Z,POST,/orders/,200,1,122.430,20ebcac2-e4b1-4235-9bbb-85dcda639808
2026-07-22T15:24:34.603Z,GET,/workers/f0404331-ea1f-47cd-8394-cca537f0413b,200,1,3927.908,eb161d72-72db-45a4-a8d8-590fc28bac58
2026-07-22T15:24:35.951Z,GET,/customers/2eefcc1e-bc59-452e-8670-15f26ca99717,200,1,2594.499,0a9cb86d-567a-4a87-ad8e-1dc872f303bf
2026-07-22T15:24:38.092Z,POST,/customers/,200,1,472.339,306a71ed-43e2-4651-8620-c67d6034f319
2026-07-22T15:24:38.321Z,GET,/work/?page=1&pageSize=10,200,1,247.556,4d7233b8-5333-41eb-b350-23323ebbe651
2026-07-22T15:24:38.421Z,POST,/work/,200,1,154.363,62804c71-88ed-43bd-97b6-320f7e00b7e5
2026-07-22T15:24:38.422Z,PATCH,/cars/record-mileage,200,1,153.964,279619da-7fd0-432c-829a-0aac96c93c85
2026-07-22T15:24:38.419Z,PATCH,/workers/change-role,200,1,157.191,a388c34b-7e7a-4cd2-9072-9e05cbcf2deb
2026-07-22T15:24:38.458Z,POST,/customers/,200,1,150.429,c1ad29d5-6654-4464-bcbb-df60fea4202f
2026-07-22T15:24:38.472Z,PATCH,/customers/change-contacts,200,1,136.737,aa62d8b8-e7d3-406d-adb6-9aae04f38c44
2026-07-22T15:24:38.481Z,POST,/workers/,200,1,127.342,8f186108-4daa-4d51-b951-658d1f90e625
2026-07-22T15:24:38.478Z,POST,/work/,200,1,138.364,7a83b64b-5c8f-43bc-a50a-a960605d6bea
2026-07-22T15:24:38.478Z,POST,/cars/,200,1,139.364,7b4c2de0-56b2-4c52-86ad-9e3f7fa3dbc1
2026-07-22T15:24:36.492Z,GET,/cars/f9e3351a-2f81-46a2-9559-68e635a1d056,200,1,2127.091,ebc9c41d-476c-4d27-bc79-7d642f8b497c
2026-07-22T15:24:35.046Z,GET,/users/?page=1&pageSize=10,200,1,3573.150,e9f2bda3-36b7-4166-886c-60a6353a4d68
2026-07-22T15:24:38.495Z,POST,/work/,200,1,133.057,e5581d3a-e20e-4550-92f6-95778a4d7a47
2026-07-22T15:24:38.491Z,POST,/orders/,200,1,137.933,72d61ce8-082c-454d-a1f8-63cc8f577508
2026-07-22T15:24:37.918Z,GET,/orders/?page=1&pageSize=10,200,1,716.152,1ad41686-2dff-403b-8d61-4426b078b6fa
2026-07-22T15:24:38.507Z,PATCH,/orders/set-priority,200,1,128.674,7b3c04c7-67d6-4c02-ad35-2fdfaf5883b4
2026-07-22T15:24:38.511Z,PATCH,/work/change-title,200,1,136.228,1051c45a-0417-4bbf-89b9-006605856630
2026-07-22T15:24:38.512Z,PATCH,/customers/change-contacts,200,1,134.846,6b97664d-d1ee-43dc-8188-af2d6e72676a
2026-07-22T15:24:37.499Z,GET,/customers/eaa81316-e59a-40af-a35d-e97736af1c2b/with-cars,200,1,1160.828,488cdde9-db84-40ed-92ad-6cf1fd57bdc8
2026-07-22T15:24:38.521Z,PATCH,/users/change-password,200,1,142.247,540e836d-b2f1-4870-8946-0b0567a20be5
2026-07-22T15:24:35.509Z,GET,/orders/88f6dc1a-ce2a-4abd-be14-5d5dd296c3c6,200,1,3158.615,c230868b-e5ba-41ac-81f8-4ebdc9b4ccd2
2026-07-22T15:24:38.535Z,POST,/users/,200,1,138.431,24419f24-3c41-47e4-9172-bd03ffb90df0
2026-07-22T15:24:38.546Z,POST,/orders/,200,1,134.453,26bf3bdb-31a7-42af-911d-bc06eca5ab4b
2026-07-22T15:24:38.547Z,POST,/users/,200,1,134.740,fa135a64-ff92-4707-8121-d48ad35ad91f
2026-07-22T15:24:38.557Z,POST,/work/,200,1,124.832,95b9a427-240f-472e-a03b-3de811b594f3
2026-07-22T15:24:38.570Z,POST,/workers/,200,1,117.301,7dc3e202-e4a7-423c-896d-c20b6ee78874
2026-07-22T15:24:38.574Z,POST,/workers/,200,1,122.538,60157ee0-a6c5-4e7e-b922-1dc86cb72272
2026-07-22T15:24:38.574Z,POST,/work/,200,1,128.383,27aa475b-018a-47d9-bc02-1d5e0651f279
2026-07-22T15:24:38.582Z,PATCH,/users/change-password,200,1,121.342,fe0d0e43-9518-409e-87d3-fe5fcc34f53e
2026-07-22T15:24:38.586Z,POST,/workers/,200,1,121.327,177524c3-a898-401f-8a08-fc13d94f3df4
2026-07-22T15:24:38.583Z,PATCH,/cars/record-mileage,200,1,124.232,2bb5c48a-a899-42db-bf4e-dfc9ef788eb1
2026-07-22T15:24:38.592Z,POST,/users/,200,1,120.812,74015522-a9c6-4c98-8df7-bab7692f2efb
2026-07-22T15:24:38.592Z,POST,/cars/,200,1,124.185,e1f19a46-1fa4-484b-8af6-82ecb447fc57
2026-07-22T15:24:36.481Z,GET,/customers/c9196a3d-a04f-4081-8c09-caf43452c315/with-cars,200,1,2267.315,08e033b9-b3c1-4d13-9468-a89be7821aaf
2026-07-22T15:24:35.798Z,GET,/customers/ffc949e4-3025-4ad6-b843-0f5d8d615850,200,1,2968.548,9f82b884-5d57-401b-ae9e-3a0ff6064472
2026-07-22T15:24:38.646Z,POST,/workers/,200,1,131.008,f924ad81-2b4b-4d63-939c-ac39becbd89d
2026-07-22T15:24:38.651Z,PATCH,/orders/apply-discount,200,1,130.125,e82e0447-4315-450a-b01e-ef02b8fe9ecf
2026-07-22T15:24:37.029Z,GET,/work/4f46cea1-2955-4ba2-b0c0-9259965733fa,200,1,1755.371,b82f88ae-e34f-4cbb-9bb2-e09e7ff0e575
2026-07-22T15:24:35.926Z,GET,/orders/?page=1&pageSize=10,200,1,2872.676,c4a7412d-3ef2-4fec-aae7-c717e5b70ba9
2026-07-22T15:24:35.336Z,GET,/customers/?page=1&pageSize=10,200,1,3465.013,6315e593-f5d4-404c-90a6-d7e6263fa6cc
2026-07-22T15:24:38.682Z,PATCH,/users/change-password,200,1,133.509,009ef6bf-bed9-474a-9f76-daabcf821375
2026-07-22T15:24:38.695Z,PATCH,/cars/record-mileage,200,1,135.321,06f5d32e-a091-4cb4-aa64-51b1624ad1ad
2026-07-22T15:24:38.697Z,PATCH,/customers/change-contacts,200,1,135.320,d1f1f7a8-99d5-4f3d-ae6e-2993a18f7564
2026-07-22T15:24:38.695Z,POST,/customers/,200,1,137.605,495c2bb0-ef7d-4d94-9223-aa7ad27e4d6a
2026-07-22T15:24:38.594Z,POST,/cars/,200,1,243.853,7f33eded-88cb-4653-ba41-62a6f61180ce
2026-07-22T15:24:38.710Z,POST,/cars/,200,1,128.427,37ae93d9-96fa-4e30-82a2-38cae1cbae5d
2026-07-22T15:24:36.933Z,GET,/customers/?page=1&pageSize=10,200,1,1906.279,3fb146f1-ace9-47ba-acfd-2881c1fcdbc2
2026-07-22T15:24:38.711Z,POST,/cars/,200,1,138.258,7df2b844-507d-473f-a914-0843ffa47b12
2026-07-22T15:24:38.261Z,GET,/users/?page=1&pageSize=10,200,1,590.679,66f163b4-2feb-4fba-a5bd-561fb3fed724
2026-07-22T15:24:38.717Z,POST,/workers/,200,1,135.721,da968e43-a87b-4cdc-8618-7b1051f26f87
2026-07-22T15:24:34.094Z,GET,/customers/cf55acaf-a058-44f2-896c-4f04cb775757,200,1,4777.582,ea3f7529-bd3a-4d55-961e-60be8a3d909f
2026-07-22T15:24:35.430Z,GET,/users/?page=1&pageSize=10,200,1,3443.387,a84d4018-671b-4d30-8f64-24bdbd191378
2026-07-22T15:24:38.744Z,POST,/work/,200,1,135.816,775b192b-4e94-4500-a30a-5edef69f68b5
2026-07-22T15:24:38.742Z,PATCH,/work/set-estimate,200,1,138.709,7ca25544-f06c-4004-9bff-73147d6344a6
2026-07-22T15:24:37.177Z,GET,/cars/d9779c59-e8c8-442e-9eaf-2c1cba23347c,200,1,1711.050,6085e968-5f3a-4c08-bbfd-a6777024c2f5
2026-07-22T15:24:38.751Z,PATCH,/cars/record-mileage,200,1,149.339,5f334d5e-8422-4780-8b48-b065b90eb412
2026-07-22T15:24:38.755Z,POST,/orders/,200,1,147.512,22a243c9-b971-49e9-af39-9264f2ebc831
2026-07-22T15:24:38.748Z,POST,/work/,200,1,154.684,ddf01d22-5e52-4628-80b3-2a1db2714408
2026-07-22T15:24:38.759Z,PATCH,/workers/change-role,200,1,143.557,6fda6a3f-94bc-4f2a-86a1-56f001e59944
2026-07-22T15:24:38.761Z,POST,/customers/,200,1,153.122,2581362b-5a00-4be3-8f3d-802225cb296b
2026-07-22T15:24:38.772Z,PATCH,/workers/change-role,200,1,147.051,d115fc9f-ee94-4e84-b452-6ab136d9d548
2026-07-22T15:24:38.768Z,POST,/orders/,200,1,150.419,bf2ba663-a438-4e76-8b5d-e5aa5969a6f7
2026-07-22T15:24:38.765Z,PATCH,/customers/change-contacts,200,1,153.939,363c8bae-2e8a-4a41-8667-90db866d53cc
2026-07-22T15:24:38.788Z,POST,/users/,200,1,140.882,d89d7dde-65a4-48f9-bf2c-ac38f9a31586
2026-07-22T15:24:35.695Z,GET,/customers/?page=1&pageSize=10,200,1,3234.590,8149ffce-2b40-45f1-a633-ecbc05073646
2026-07-22T15:24:33.989Z,GET,/customers/cf55acaf-a058-44f2-896c-4f04cb775757/with-cars,200,1,4949.548,c092d5e6-add5-4ccf-a94f-f54178add5e6
2026-07-22T15:24:38.812Z,POST,/orders/,200,1,133.725,3c9a41af-8431-422a-910e-a4e3a77f3796
2026-07-22T15:24:38.013Z,GET,/customers/?page=1&pageSize=10,200,1,933.620,43537a5e-cacc-4074-a75b-db894dd026c4
2026-07-22T15:24:38.817Z,POST,/work/,200,1,129.353,eee99299-3f27-4dcd-9dc4-2816f21221b7
2026-07-22T15:24:37.983Z,GET,/customers/?page=1&pageSize=10,200,1,965.839,bee73c6d-2a46-4a23-a91e-d1dbe82507c6
2026-07-22T15:24:38.000Z,GET,/customers/54d1b453-b6a3-4dd9-b860-6f15be0caa03,200,1,950.477,17c8998b-c626-4430-a1f2-041a37f136d4
2026-07-22T15:24:38.828Z,POST,/users/,200,1,130.281,4dbe2dde-39cd-4cab-a152-27fde54ac185
2026-07-22T15:24:38.830Z,POST,/cars/,200,1,131.588,3dc8dc5d-82e9-4d12-a6d6-c2e50cdc7d64
2026-07-22T15:24:38.833Z,POST,/workers/,200,1,130.088,3fd8df10-b1cd-4e92-8457-91650c20d6a5
2026-07-22T15:24:36.579Z,GET,/orders/?page=1&pageSize=10,200,1,2400.627,87508708-48e5-4e4a-a62d-41d509d8f274
2026-07-22T15:24:35.148Z,GET,/work/0f9f62b5-9d1a-49ba-a447-13ef6a57bb3b,200,1,3832.456,f95e8a6e-bda8-40ac-8b8d-fb456d188fd2
2026-07-22T15:24:38.836Z,POST,/orders/,200,1,144.593,982f44f3-95ce-4f30-ada4-f264a619127a
2026-07-22T15:24:38.380Z,GET,/workers/?page=1&pageSize=10,200,1,601.254,95b992e0-50a2-407e-a4c1-6a7f9bfd29d8
2026-07-22T15:24:38.858Z,POST,/cars/,200,1,124.670,4351ae65-ecac-4b79-8686-51a0b295282b
2026-07-22T15:24:38.882Z,PATCH,/work/change-title,200,1,119.294,5f0db54a-8445-422b-9289-44a29845e3aa
2026-07-22T15:24:36.447Z,GET,/customers/744cf041-ee52-4643-a844-264df0fed62c/with-cars,200,1,2557.614,754c19c5-a2bd-4102-8ae5-ef93945b4fa4
2026-07-22T15:24:37.977Z,GET,/cars/?page=1&pageSize=10,200,1,1053.659,491b5ee3-0345-41bd-aac9-e45d54e81abd
2026-07-22T15:24:38.907Z,POST,/users/,200,1,128.358,b282590d-bb46-453f-b556-698cb48287cc
2026-07-22T15:24:38.906Z,POST,/orders/,200,1,129.382,9253ca78-07ba-408d-b63e-b9e7b3c30848
2026-07-22T15:24:38.569Z,POST,/orders/,200,1,465.835,a7383c6a-709b-4757-8c9a-41d6e897a966
2026-07-22T15:24:38.922Z,POST,/cars/,200,1,131.347,bd1f9e89-60ef-4444-a943-a9e5dc21de42
2026-07-22T15:24:38.921Z,POST,/workers/,200,1,132.725,8047617f-06b6-49fc-b793-57c6ded6b3ce
2026-07-22T15:24:38.923Z,PATCH,/work/change-title,200,1,137.635,86f51b51-fc04-4d93-823e-756c8dec8bc5
2026-07-22T15:24:38.924Z,POST,/customers/,200,1,155.619,f485378e-6779-4003-8474-af9f668beb91
2026-07-22T15:24:38.953Z,PATCH,/users/change-password,200,1,130.398,545ecb1c-5467-42f8-b241-a2800e03961e
2026-07-22T15:24:38.965Z,POST,/work/,200,1,126.430,581f00da-df21-4ad6-bedd-4696f28be516
2026-07-22T15:24:38.843Z,PATCH,/work/change-title,200,1,249.438,557d4989-2d1d-49e5-ae7b-6b4fcc7183fc
2026-07-22T15:24:38.978Z,POST,/customers/,200,1,121.685,ea2cc0c1-882b-4fea-885b-4c230c6c6ad8
2026-07-22T15:24:38.991Z,POST,/work/,200,1,119.670,03e01f28-058d-4f06-af8e-254aa6aaebec
2026-07-22T15:24:38.996Z,POST,/workers/,200,1,121.478,3fcbae28-e7c5-4603-81c5-202718a3de75
2026-07-22T15:24:38.999Z,POST,/cars/,200,1,123.816,9d5cdb55-1cba-4e5e-8aed-706105a129f6
2026-07-22T15:24:38.681Z,POST,/cars/,200,1,444.451,4fc59229-5ef5-4460-9e1c-ef3213d1c238
2026-07-22T15:24:38.679Z,POST,/customers/,200,1,445.792,a72926b9-a458-48bb-9d13-9870e9b85593
2026-07-22T15:24:39.008Z,POST,/workers/,200,1,116.934,30b2c163-33cb-43d5-844f-9897806d5d81
2026-07-22T15:24:39.007Z,POST,/customers/,200,1,123.865,cea07ccc-6399-419f-9e4e-1efd79a27e35
2026-07-22T15:24:39.021Z,POST,/work/,200,1,132.408,c7f24069-4f64-455c-958d-2ea3e3a1d5d3
2026-07-22T15:24:39.082Z,POST,/orders/,200,1,113.704,50fb344e-6de7-4823-ae16-90dd09c01556
2026-07-22T15:24:39.082Z,PATCH,/customers/rename,200,1,114.239,10ad7fd6-38d4-4bcd-9fc8-83f4c64115fa
2026-07-22T15:24:37.003Z,GET,/workers/?page=1&pageSize=10,200,1,2204.840,5f0e9bbb-c600-4870-bee4-1f8706d21015
2026-07-22T15:24:34.240Z,GET,/cars/?page=1&pageSize=10,200,1,4978.018,7c805b28-43cc-451b-afc8-283ebc1e6d80
2026-07-22T15:24:39.136Z,POST,/customers/,200,1,107.375,32d68ab2-c493-4785-a251-017882329cd5
2026-07-22T15:24:39.144Z,POST,/users/,200,1,110.063,eddf13cd-2ee7-4942-9cfa-6e890019d6e6
2026-07-22T15:24:39.156Z,POST,/customers/,200,1,109.089,b79ee00b-2557-41a4-b769-6c39b16e2b50
2026-07-22T15:24:39.155Z,PATCH,/workers/change-role,200,1,110.588,09c7f134-58d6-4dcf-bfa0-dd989b1414c2
2026-07-22T15:24:38.047Z,POST,/orders/,200,1,1262.001,20662e3e-51f0-41db-b09b-19fd22b0b361
2026-07-22T15:24:39.169Z,POST,/orders/,200,1,141.901,6250472b-3d3f-40a3-9a3f-bdab33053c2d
2026-07-22T15:24:39.170Z,PATCH,/work/change-description,200,1,141.287,fc257521-c41c-4b63-bdae-26e14d388946
2026-07-22T15:24:39.181Z,PATCH,/workers/change-role,200,1,136.829,8c3555cc-28ce-4dee-94c7-93644a4f0fe8
2026-07-22T15:24:39.189Z,POST,/customers/,200,1,135.784,0c47043e-47f2-4631-850e-03567baf23a2
2026-07-22T15:24:39.192Z,POST,/customers/,200,1,133.830,cff9c3e2-030c-41f1-9b5d-0743f56ab6f7
2026-07-22T15:24:39.194Z,PATCH,/work/change-title,200,1,131.176,fed758d1-16eb-4f57-ab35-2b6573aba98f
2026-07-22T15:24:39.203Z,POST,/users/,200,1,152.497,e07d1281-cd7a-4a8d-9a9a-154cbb92779f
2026-07-22T15:24:39.202Z,PATCH,/customers/rename,200,1,152.985,9b520c87-e699-4bde-8b1f-adc95a9e31bf
2026-07-22T15:24:39.218Z,POST,/cars/,200,1,142.946,63ae2b2a-ddf4-414f-810e-11e9eee135b6
2026-07-22T15:24:36.408Z,GET,/orders/c1a75fe9-84be-46bb-ab6a-08b678beb3c8,200,1,2970.801,476c1281-0fed-47df-8d25-40cf51dc90ca
2026-07-22T15:24:35.997Z,GET,/orders/6b503b26-21a7-48f2-9653-17b7bd85191f,200,1,3396.026,1b923bcb-5b05-4108-91c3-4f8af4ab62fa
2026-07-22T15:24:38.924Z,GET,/orders/5073ba57-c28a-4d49-bb83-a0f1a70bf7c2,200,1,471.248,f69f7ae2-163c-4cbb-b2a5-30624b6c3138
2026-07-22T15:24:39.257Z,PATCH,/work/change-description,200,1,139.070,672fee9f-a0d3-4276-afbb-3661b1621ef2
2026-07-22T15:24:39.270Z,POST,/work/,200,1,138.408,9f859537-f30d-4207-8d07-664d7cf5a2e7
2026-07-22T15:24:38.937Z,PATCH,/orders/set-priority,200,1,482.888,4776ff39-4748-4132-846a-016f09216a83
2026-07-22T15:24:38.940Z,PATCH,/work/set-estimate,200,1,480.454,a4c92802-8fac-491a-934d-3a846b76851a
2026-07-22T15:24:39.195Z,POST,/customers/,200,1,239.311,0124d943-b245-4319-9985-c1004fd3e069
2026-07-22T15:24:39.318Z,POST,/cars/,200,1,138.392,e928d099-7007-4a7d-af75-4ae931fbbfad
2026-07-22T15:24:39.321Z,PATCH,/orders/apply-discount,200,1,144.055,888f366c-0c92-4c18-bcdf-e415d4925102
2026-07-22T15:24:39.329Z,POST,/workers/,200,1,136.526,810d65cb-9d13-42c0-81be-6f090a550eac
2026-07-22T15:24:39.206Z,POST,/work/,200,1,268.469,311b5945-8f37-4283-9814-24fb8feac6e9
2026-07-22T15:24:39.330Z,POST,/workers/,200,1,149.093,1797e561-577a-4b72-bb50-d70106c2aab2
2026-07-22T15:24:38.528Z,GET,/users/?page=1&pageSize=10,200,1,954.504,f4d197f7-093f-483e-b9c6-57c8008a8b3c
2026-07-22T15:24:39.213Z,POST,/workers/,200,1,271.120,352ca927-df1b-4a43-90c0-63570c8bf533
2026-07-22T15:24:39.214Z,PATCH,/customers/change-contacts,200,1,270.349,908e4713-c710-43c4-9133-958669ba63f2
2026-07-22T15:24:39.341Z,PATCH,/work/change-description,200,1,144.565,2c08366e-3542-422a-b8ef-3a15b264ef9e
2026-07-22T15:24:37.833Z,GET,/orders/?page=1&pageSize=10,200,1,1656.927,a3226b33-33d6-4e84-a4fb-fb3d5329cd18
2026-07-22T15:24:39.215Z,POST,/users/,200,1,283.713,e7f889e6-0684-413e-a1ec-7e71b4d5968b
2026-07-22T15:24:39.216Z,POST,/customers/,200,1,285.708,63a7d894-796b-4a37-a093-1708c3ae7f5d
2026-07-22T15:24:39.214Z,POST,/orders/,200,1,287.661,be27e9d1-e1ea-4861-8679-191eae8707c3
2026-07-22T15:24:39.221Z,PATCH,/users/change-password,200,1,292.111,679f8c49-c821-4581-9e9b-f8a696f0566a
2026-07-22T15:24:39.373Z,POST,/work/,200,1,139.939,cd1b6733-9c6c-432d-94e1-918b93f7f31d
2026-07-22T15:24:39.229Z,POST,/customers/,200,1,285.027,b9a617ff-e324-4de4-bf1c-234012932838
2026-07-22T15:24:39.165Z,GET,/customers/?page=1&pageSize=10,200,1,359.917,37887528-b965-4f83-91f5-be393d10183b
2026-07-22T15:24:39.373Z,POST,/cars/,200,1,152.608,bffa4cd1-192b-4dc9-b8a1-57377c77e015
2026-07-22T15:24:39.381Z,PATCH,/cars/record-mileage,200,1,144.261,0cfb8302-5add-4bc9-801c-7af497ca60c9
2026-07-22T15:24:39.259Z,POST,/cars/,200,1,266.365,5c98531e-3841-41bf-a7d3-1ebed251b19a
2026-07-22T15:24:39.394Z,POST,/workers/,200,1,145.984,a38bb81a-c879-4467-83df-249d54a4798d
2026-07-22T15:24:39.408Z,POST,/cars/,200,1,142.796,06f331c2-68d7-44c6-bf84-ef37171503bc
2026-07-22T15:24:39.429Z,POST,/users/,200,1,135.054,1482dbeb-6fea-44d8-8da2-5cdcaa55c7f7
2026-07-22T15:24:39.292Z,PATCH,/work/set-estimate,200,1,275.546,e427cd7c-5850-4fb9-be42-fdef83dc01fb
2026-07-22T15:24:39.468Z,PATCH,/work/change-description,200,1,120.576,d348fc50-5f0b-4d79-b409-481749d3d548
2026-07-22T15:24:39.473Z,PATCH,/work/change-description,200,1,115.936,d617753f-4567-4128-ac67-4266876ac3bf
2026-07-22T15:24:39.343Z,PATCH,/work/change-description,200,1,245.994,00c9e270-947b-45a3-a015-b9ef2de959c5
2026-07-22T15:24:36.632Z,GET,/cars/f9e3351a-2f81-46a2-9559-68e635a1d056,200,1,2971.673,1e585355-434f-46a4-b7a3-9657cc8c744f
2026-07-22T15:24:36.916Z,GET,/customers/5fb2a5d8-bb4a-4ce6-86c7-dae1264d57aa,200,1,2688.655,cedec6db-c45c-4a81-b013-5d08fd345ca4
2026-07-22T15:24:39.481Z,PATCH,/orders/apply-discount,200,1,127.643,0283f360-4487-4a1f-a0f8-787b18c1672f
2026-07-22T15:24:39.349Z,POST,/customers/,200,1,266.936,e2838880-e453-4a27-8e85-0d91b6beb66d
2026-07-22T15:24:39.352Z,POST,/cars/,200,1,271.542,bdcaff6b-cc7b-433c-831c-595a76eee50d
2026-07-22T15:24:39.492Z,POST,/users/,200,1,132.583,5cb057b0-a64b-46d6-bc12-5edd78d3239b
2026-07-22T15:24:37.248Z,GET,/users/?page=1&pageSize=10,200,1,2380.596,cc12ed84-783a-4713-9a95-7bffb6eaed69
2026-07-22T15:24:37.630Z,GET,/users/a24e4a4c-6681-46a6-92a3-c37fabc9e3b5,200,1,2005.288,25180b14-aaf0-4c2e-9969-3b482b0b34ff
2026-07-22T15:24:39.498Z,POST,/workers/,200,1,137.657,7af5c52f-ac7f-4095-b34b-639d076152c7
2026-07-22T15:24:39.501Z,POST,/cars/,200,1,135.129,9e27c564-2861-4597-a872-d7ab195b7b64
2026-07-22T15:24:39.502Z,POST,/orders/,200,1,136.704,1b8e0a9c-61a5-4a26-9f87-fc52d89c0547
2026-07-22T15:24:39.376Z,PATCH,/cars/record-mileage,200,1,272.605,01561192-e9b2-4b54-9849-10406d2ff8d4
2026-07-22T15:24:39.501Z,POST,/cars/,200,1,149.439,b0fa2250-526d-45d6-b60f-0673fdea0c5c
2026-07-22T15:24:39.515Z,PATCH,/users/change-password,200,1,139.917,2e6a226d-7cd7-4463-a54e-cfe299fac21d
2026-07-22T15:24:39.528Z,PATCH,/workers/change-role,200,1,133.989,77269dea-ac6b-48eb-99a2-451b8ee13cb9
2026-07-22T15:24:39.412Z,POST,/work/,200,1,250.110,2e07ff4c-e562-4b27-b26f-b16e30a4b9e5
2026-07-22T15:24:36.169Z,GET,/workers/d9112631-ff45-4480-8e53-4da5bdf160f4,200,1,3502.218,2807f599-92ab-4da8-8f4b-0e11e526fe7f
2026-07-22T15:24:39.542Z,POST,/users/,200,1,131.079,3120d7c0-07d0-4655-849c-58aea98f1d11
2026-07-22T15:24:39.553Z,PATCH,/orders/apply-discount,200,1,131.806,044e2923-4e95-4e74-b5d9-ed31ff88338a
2026-07-22T15:24:39.447Z,POST,/orders/,200,1,241.355,1b621af2-6a4c-42fd-835f-69b6c045efc0
2026-07-22T15:24:39.558Z,POST,/workers/,200,1,129.595,d192f235-ab17-471e-b640-43a8d14a591b
2026-07-22T15:24:39.559Z,POST,/users/,200,1,128.781,f6ba39a0-ca10-464c-b02c-55ec6cbd17a1
2026-07-22T15:24:39.444Z,POST,/users/,200,1,244.345,3bef6005-fa4f-4cab-9c77-e4f5a5ccf79c
2026-07-22T15:24:38.067Z,PATCH,/customers/rename,200,1,1638.933,5994e312-c247-443f-96f5-8b3f16483b5d
2026-07-22T15:24:38.108Z,GET,/orders/30806a15-e9a2-4dfb-a1d2-eb7ed4e64eef,200,1,1598.205,ddf8f53a-1496-47c9-9412-38c7fa47ad38
2026-07-22T15:24:39.570Z,POST,/work/,200,1,136.702,63cc908a-1d47-4541-9d82-b2938962b2dc
2026-07-22T15:24:39.582Z,POST,/orders/,200,1,125.550,f7dfefa4-b420-4a9d-bdea-80378ba52b95
2026-07-22T15:24:39.575Z,PATCH,/work/change-description,200,1,132.749,47ab0eea-44e7-4bef-a807-b3feb325964a
2026-07-22T15:24:39.459Z,PATCH,/workers/change-role,200,1,248.291,13c2e191-15b1-4116-b2f0-6247e6644b44
2026-07-22T15:24:38.760Z,GET,/orders/?page=1&pageSize=10,200,1,947.459,a8f14949-dd54-49f8-8ead-30b790ca9885
2026-07-22T15:24:36.182Z,GET,/workers/?page=1&pageSize=10,200,1,3528.845,8bb36362-1c85-49f1-9680-f0958eb7e6e4
2026-07-22T15:24:35.691Z,GET,/orders/?page=1&pageSize=10,200,1,4030.566,6b7cdc86-dbef-4f46-aa68-313c8888b9a6
2026-07-22T15:24:37.254Z,GET,/users/?page=1&pageSize=10,200,1,2472.469,eab47498-e3a3-4bb6-829e-463298d2a31c
2026-07-22T15:24:37.362Z,GET,/workers/?page=1&pageSize=10,200,1,2385.776,00becd7e-a0fd-421e-86ab-b803a80f9a61
2026-07-22T15:24:39.593Z,POST,/cars/,200,1,157.866,6cf4129a-c56d-4463-a978-b9a6aea9ee0d
2026-07-22T15:24:39.598Z,POST,/work/,200,1,154.292,9d5bddbb-67e4-4fd8-a197-ba3a2c45b5aa
2026-07-22T15:24:36.574Z,GET,/customers/?page=1&pageSize=10,200,1,3181.493,4dfd211e-e5e5-4087-af36-0964c9efb613
2026-07-22T15:24:39.602Z,PATCH,/workers/change-hourly-rate,200,1,165.059,af7107f0-d876-41b5-806e-bdb1727c08f8
2026-07-22T15:24:39.610Z,PATCH,/customers/rename,200,1,157.333,9bb3c928-bc62-4b54-9937-5b317a1aff92
2026-07-22T15:24:39.611Z,POST,/customers/,200,1,157.795,ad7a3c38-42fd-4c98-ae82-a637d8797c2e
2026-07-22T15:24:39.619Z,POST,/cars/,200,1,151.411,aa7b0cec-61af-4a16-b03f-fc8b4152f32c
2026-07-22T15:24:39.620Z,POST,/workers/,200,1,157.255,30dcc12c-e8e7-49fb-afd5-8d96fdf5c3fb
2026-07-22T15:24:39.629Z,PATCH,/work/change-title,200,1,151.428,c44de999-5067-4609-97f5-5f3bf3bcf38e
2026-07-22T15:24:39.657Z,PATCH,/work/change-title,200,1,133.747,b58a5296-dbd9-44cc-a38c-82692505b90d
2026-07-22T15:24:39.653Z,POST,/customers/,200,1,143.430,0bbc77c5-7621-4ed6-873b-ed727570dc54
2026-07-22T15:24:39.657Z,PATCH,/users/change-password,200,1,141.582,6c11e372-f5f1-4470-ac8b-350dea86bae4
2026-07-22T15:24:39.673Z,POST,/users/,200,1,126.772,39ba0e7e-22c4-497f-b45a-c77b073b0e6e
2026-07-22T15:24:39.701Z,POST,/orders/,200,1,134.931,161ca683-c71b-493e-8d03-d024e85270a2
2026-07-22T15:24:39.699Z,PATCH,/work/change-description,200,1,137.195,4ea00876-c1f0-494b-addd-199a2517164a
2026-07-22T15:24:36.875Z,GET,/workers/?page=1&pageSize=10,200,1,2970.440,7fa6fb4c-5816-4a2e-9b05-e5ecba42bd0a
2026-07-22T15:24:39.717Z,PATCH,/workers/change-role,200,1,133.620,291afccc-9860-4a79-9f1f-04476b71487d
2026-07-22T15:24:39.728Z,POST,/orders/,200,1,128.376,3eaf0df0-8537-4661-99eb-8be8c0f2cee7
2026-07-22T15:24:39.729Z,POST,/cars/,200,1,127.705,5dfe40d3-b385-4705-8629-93ccef06d9b8
2026-07-22T15:24:39.727Z,PATCH,/work/change-title,200,1,129.627,c158038e-cc7f-4eac-b233-8fd8ad898b50
2026-07-22T15:24:39.750Z,PATCH,/orders/apply-discount,200,1,135.707,0adebde2-0e53-464f-845d-92934b7f92a6
2026-07-22T15:24:39.409Z,POST,/work/,200,1,489.864,651089de-dc56-41f2-b69d-bbe9a37fa804
2026-07-22T15:24:39.106Z,PATCH,/customers/rename,200,1,820.077,a5962656-4deb-47ba-bffd-8a8a8e976ef6
2026-07-22T15:24:39.097Z,POST,/orders/,200,1,829.242,a4eb691e-f9c9-4bea-8513-136d9de03481
2026-07-22T15:24:39.458Z,POST,/orders/,200,1,468.146,a966a5df-09fc-439b-ade9-1e34c016e050
2026-07-22T15:24:39.108Z,POST,/orders/,200,1,817.621,cb8c3f33-467e-47a0-9fa8-70029a1b75d0
2026-07-22T15:24:39.117Z,PATCH,/orders/set-priority,200,1,809.288,f25692e7-ef23-4acc-bc8f-a09d8696ea5f
2026-07-22T15:24:39.110Z,POST,/orders/,200,1,816.601,6ccaaee8-801e-44e6-8926-4c6386a49465
2026-07-22T15:24:39.824Z,PATCH,/work/change-title,200,1,126.956,96a24d75-e65c-4198-8f64-575b0ef81a70
2026-07-22T15:24:39.827Z,POST,/orders/,200,1,123.920,af3e9e5d-e103-45df-bf09-e5fe5832ff6b
2026-07-22T15:24:39.825Z,POST,/users/,200,1,125.914,109ba76b-6655-4538-8120-e2042b538f5b
2026-07-22T15:24:39.826Z,PATCH,/work/change-description,200,1,124.694,cc851d29-1ffd-4c96-be18-e9db26fb9784
2026-07-22T15:24:39.298Z,POST,/work/,200,1,668.068,bc8414aa-461b-4e9d-80a2-2f356f39b702
2026-07-22T15:24:39.831Z,POST,/workers/,200,1,137.018,c452fe40-f227-45b7-96a8-2f619010a184
2026-07-22T15:24:39.841Z,PATCH,/work/set-estimate,200,1,127.603,acaa7b05-549a-4b9a-8c86-66f5cd48898e
2026-07-22T15:24:39.547Z,POST,/cars/,200,1,437.901,15c76f78-a4ff-4bcd-8139-29cac06a0b38
2026-07-22T15:24:39.868Z,POST,/orders/,200,1,135.800,8dc75d3a-b959-405f-8d3f-1bbf972d4163
2026-07-22T15:24:39.023Z,GET,/users/?page=1&pageSize=10,200,1,981.327,7dae085e-c186-47a1-9e96-0a7844172280
2026-07-22T15:24:38.457Z,GET,/users/8e47444e-0d79-4347-84e4-ac18caf7629f,200,1,1557.146,ce9f517d-2e05-4dc9-b74f-9fdbf0f62165
2026-07-22T15:24:39.886Z,POST,/customers/,200,1,134.468,8c0fb709-7410-4c56-abf7-031e0f39c3c2
2026-07-22T15:24:39.890Z,POST,/cars/,200,1,139.729,2351b093-4a93-4ab7-b7de-af0ac06cc43c
2026-07-22T15:24:39.897Z,POST,/users/,200,1,139.225,c749eff5-c745-44ef-b003-d9eaba2f12c5
2026-07-22T15:24:39.925Z,POST,/workers/,200,1,133.190,ddf2edb3-182a-4a1f-b86e-977b6c68920a
2026-07-22T15:24:37.912Z,GET,/workers/?page=1&pageSize=10,200,1,2147.543,356fa841-f35e-4d5c-bbaf-e109254e353d
2026-07-22T15:24:39.930Z,POST,/workers/,200,1,130.950,f10547ea-071a-4392-aab7-e290dec189f7
2026-07-22T15:24:39.099Z,GET,/workers/?page=1&pageSize=10,200,1,970.231,45fb50bd-d4a3-45bc-847a-1f6c21667ae5
2026-07-22T15:24:39.932Z,POST,/users/,200,1,150.958,a3bf9d7f-6065-46f6-8bd9-0300abcb12f9
2026-07-22T15:24:39.938Z,PATCH,/cars/record-mileage,200,1,155.633,f3197de4-e4f2-4359-a32a-661319dc47a5
2026-07-22T15:24:39.935Z,POST,/customers/,200,1,159.270,0c2792e9-9d74-4b6f-b2c9-01d538658c46
2026-07-22T15:24:39.610Z,POST,/customers/,200,1,485.240,2f4959f4-5efb-436e-9283-e182cc4a16cb
2026-07-22T15:24:35.315Z,GET,/users/290590ec-1f25-4b9a-bcd2-2d86a47f18b8,200,1,4780.751,071b14bc-dd63-44aa-90d3-e941bd8b10a7
2026-07-22T15:24:39.220Z,GET,/customers/?page=1&pageSize=10,200,1,876.972,4bd9ff71-c91b-4d8b-a1ab-d2fe8f907046
2026-07-22T15:24:39.940Z,POST,/orders/,200,1,157.800,135193db-7e3f-4c40-a8a2-39db3d8787ca
2026-07-22T15:24:37.040Z,GET,/cars/?page=1&pageSize=10,200,1,3058.942,7906b335-66f5-4fa5-85b7-ada1856a4a37
2026-07-22T15:24:39.939Z,POST,/work/,200,1,162.816,48cbe145-3bae-4195-87c2-de4c2f0be00e
2026-07-22T15:24:36.263Z,GET,/workers/63405e2d-5346-42ed-922e-7985f3d64770,200,1,3849.783,801779e2-1065-4ea3-84f8-46d787d7ff4e
2026-07-22T15:24:39.955Z,POST,/customers/,200,1,170.506,aed4bdd2-0a4f-4411-a01a-a257d2d83427
2026-07-22T15:24:39.970Z,POST,/cars/,200,1,164.861,d027fda8-a81b-4357-95d0-95aabb07e117
2026-07-22T15:24:39.968Z,POST,/work/,200,1,167.174,720d0a72-c198-482f-a39b-a583dcdb93bf
2026-07-22T15:24:39.983Z,POST,/work/,200,1,152.512,0d631a83-1384-470f-92c2-b960daaa74f4
2026-07-22T15:24:39.974Z,POST,/users/,200,1,162.120,8c622738-5030-479e-8a3e-8cca97d5c080
2026-07-22T15:24:39.972Z,PATCH,/work/change-description,200,1,164.206,0909a9be-ae3d-4f1c-8292-d1f44e4e232e
2026-07-22T15:24:39.614Z,POST,/customers/,200,1,521.637,9f8cd1f8-46f7-4330-91c6-ec37ef4afcb1
2026-07-22T15:24:39.992Z,POST,/work/,200,1,144.410,fc01f177-b7f1-48c1-85e8-b885b5dbd5b6
2026-07-22T15:24:37.175Z,GET,/workers/a943449c-5959-46bb-9875-dad34af008a6,200,1,2970.149,3635e44d-1858-49d3-8314-7b1076041fd1
2026-07-22T15:24:36.364Z,GET,/cars/69aa7edd-d9eb-4878-ac6c-e81853045a4d,200,1,3790.283,8c246db5-8227-4758-85cf-635374d445ac
2026-07-22T15:24:37.139Z,GET,/orders/?page=1&pageSize=10,200,1,3022.732,a9ea0a5b-56c8-46ca-9baa-ee2893ccff6e
2026-07-22T15:24:37.118Z,GET,/orders/?page=1&pageSize=10,200,1,3046.366,811826e3-4f13-4fdb-af9d-bd91d44148f3
2026-07-22T15:24:39.994Z,POST,/customers/,200,1,176.046,a8ab3381-9f13-4380-8987-52dc201457f6
2026-07-22T15:24:37.714Z,GET,/users/7ff153a7-18c0-49a2-a2ed-ae97f9424f5c,200,1,2463.374,f8cca610-41f6-49ac-8aa8-0adb3d8991e0
2026-07-22T15:24:36.563Z,GET,/users/?page=1&pageSize=10,200,1,3623.437,644f9266-54c1-4de3-82e3-3e7810eae97f
2026-07-22T15:24:40.064Z,POST,/workers/,200,1,140.508,ad3164ff-b1da-4439-bfad-935bd3dbf5c5
2026-07-22T15:24:37.137Z,GET,/workers/?page=1&pageSize=10,200,1,3073.738,a5119c48-cfff-4e44-b43d-e6d125e79527
2026-07-22T15:24:40.068Z,PATCH,/users/change-password,200,1,144.864,1509ba76-9c40-48dd-a7a7-42fd2fd0d3d1
2026-07-22T15:24:40.069Z,POST,/cars/,200,1,144.847,bb146884-3e45-47bc-a5c8-c02bc9d9df1e
2026-07-22T15:24:40.078Z,PATCH,/users/change-password,200,1,137.213,94597574-0791-4da3-94de-455ed823eaac
2026-07-22T15:24:37.626Z,GET,/orders/?page=1&pageSize=10,200,1,2593.761,259e6e22-795a-4eb1-8195-80824993b4db
2026-07-22T15:24:40.081Z,POST,/workers/,200,1,140.631,c88bbdcb-a9e3-49f1-ade1-3c130b126735
2026-07-22T15:24:39.753Z,PATCH,/customers/rename,200,1,468.170,29b7e29b-cdc0-4242-8455-76f6b39cb0cd
2026-07-22T15:24:39.751Z,POST,/work/,200,1,470.300,16981903-5901-4692-a96e-74fc6094b679
2026-07-22T15:24:36.872Z,GET,/cars/f3c415a5-3944-432a-9477-1a075ececc8f,200,1,3354.093,669c6113-a6a1-4dd1-8ce5-0639b81e72af
2026-07-22T15:24:40.133Z,POST,/workers/,200,1,128.894,70b782a4-6fe1-4c22-95f0-27accd82c989
2026-07-22T15:24:36.589Z,GET,/orders/?page=1&pageSize=10,200,1,3678.582,7a6f6123-018c-4825-b65d-2dd898fb0d47
2026-07-22T15:24:40.142Z,POST,/users/,200,1,129.800,ba019a0f-b51c-4739-bf8f-604ce473766d
2026-07-22T15:24:40.157Z,POST,/work/,200,1,126.803,37a6fb29-0b28-4d87-b754-40f773a509db
2026-07-22T15:24:40.165Z,POST,/users/,200,1,128.043,2d711c15-25ec-4535-829e-8e0035da1f37
2026-07-22T15:24:40.170Z,POST,/orders/,200,1,127.117,65a2f928-7f7b-484d-9482-fa22b93ef363
2026-07-22T15:24:36.951Z,GET,/users/?page=1&pageSize=10,200,1,3353.401,01ba59b0-33ab-4c6c-95d1-75f45e3eba1c
2026-07-22T15:24:40.173Z,PATCH,/cars/record-mileage,200,1,133.126,6b375676-a721-4f3d-a17f-badd9e3fc2a9
2026-07-22T15:24:40.176Z,PATCH,/work/set-estimate,200,1,130.694,6d22d0d3-62aa-48d2-925b-40c8c56c71ba
2026-07-22T15:24:40.178Z,PATCH,/orders/set-priority,200,1,128.987,4779fe7c-c4ba-4d74-b30b-8a971968c81a
2026-07-22T15:24:40.180Z,POST,/workers/,200,1,126.217,0dcdeec9-ac62-440f-89f6-3f15a2ae867d
2026-07-22T15:24:36.940Z,GET,/workers/?page=1&pageSize=10,200,1,3369.317,d33ef25d-a976-4aff-85d8-0a080f84d342
2026-07-22T15:24:37.221Z,GET,/cars/9c367747-76cb-49af-820a-12acaa61a33f,200,1,3093.800,6c5fa3e0-9478-4fd6-820f-44277f24090f
2026-07-22T15:24:37.872Z,GET,/orders/8273f74f-3fff-45cb-b4b6-8362651b4874,200,1,2444.420,cab93a64-ab42-4b21-ab62-87ddc1e868e3
2026-07-22T15:24:40.189Z,POST,/work/,200,1,128.674,cd4fee8c-d7fc-4b67-b420-61744893d2b9
2026-07-22T15:24:40.223Z,POST,/work/,200,1,135.613,6e03d1fe-c8c2-4bc5-9f36-a694fb6059e9
2026-07-22T15:24:40.225Z,PATCH,/customers/rename,200,1,133.968,8a9b8bbd-9b0d-4d35-948d-a272ff5aaefe
2026-07-22T15:24:38.049Z,GET,/workers/9f4ef14b-4673-442a-83ce-f02933410bbb,200,1,2316.627,0bd35e2a-853f-487d-bc83-796f5188eeea
2026-07-22T15:24:40.240Z,PATCH,/work/set-estimate,200,1,131.015,32e2dcd9-5d8d-4b6a-afd8-563867cb7ee3
2026-07-22T15:24:39.163Z,GET,/work/37f61523-59a1-439b-b8a3-55110eae4344,200,1,1211.586,18c7cb42-b544-41be-ad0d-df5c88c32c3a
2026-07-22T15:24:40.256Z,PATCH,/work/change-description,200,1,132.846,5233db2e-49ff-456c-976d-6b69f751ce2a
2026-07-22T15:24:40.267Z,POST,/workers/,200,1,131.273,917ea42e-586f-48f0-8f12-99d745bc0ff8
2026-07-22T15:24:40.268Z,PATCH,/workers/change-hourly-rate,200,1,131.401,1c0d4284-87f7-4fcc-aeb5-a15538fb68a3
2026-07-22T15:24:39.317Z,GET,/customers/a61d18d0-8f8c-42cb-bf4f-6264c413d672/with-cars,200,1,1082.694,5a2f7e67-c043-4c91-b34f-2979e251c8c8
2026-07-22T15:24:40.290Z,POST,/orders/,200,1,133.785,331f93dd-863b-4d65-a3c4-134e4ed60495
2026-07-22T15:24:40.289Z,POST,/cars/,200,1,134.411,8eba53d2-f9d4-4961-bd89-664c3fc01cb1
2026-07-22T15:24:40.306Z,POST,/orders/,200,1,124.895,14968800-7ec5-4a54-8b82-3d10952fcd43
2026-07-22T15:24:40.320Z,POST,/users/,200,1,136.823,c3fd0dc7-2835-47c4-8bff-47fb19e24895
2026-07-22T15:24:40.321Z,PATCH,/workers/change-hourly-rate,200,1,135.146,86b69fc1-f8b2-40ac-93cc-78b440713f3e
2026-07-22T15:24:40.323Z,PATCH,/orders/apply-discount,200,1,135.585,bb18fd67-c15e-4bf3-825b-d69d07c8149c
2026-07-22T15:24:40.351Z,PATCH,/workers/change-role,200,1,123.236,010a67dd-219d-47be-92cb-06e92c118b88
2026-07-22T15:24:40.373Z,POST,/orders/,200,1,132.085,40ca5780-5c87-4949-9548-0a3a0217046b
2026-07-22T15:24:39.916Z,GET,/users/ee299aa7-1e85-4a10-8758-173d21bab9b0,200,1,623.451,f71f9d8e-8c60-41fe-8587-40f254dd252c
2026-07-22T15:24:40.405Z,PATCH,/customers/rename,200,1,136.577,f62ee476-37c7-49de-91b0-41c5d38cc83b
2026-07-22T15:24:36.099Z,GET,/work/?page=1&pageSize=10,200,1,4449.017,34eef9e7-9dd0-4325-80ca-26608220b696
2026-07-22T15:24:39.441Z,GET,/work/bcd74a1c-a6b7-43fb-a6f6-cbf6462f978a,200,1,1109.811,7de62888-d369-4e31-b0e6-70c944c45c04
2026-07-22T15:24:40.417Z,POST,/work/,200,1,136.483,8cfd3ec9-4ec8-4cd7-9899-4903b9b7971d
2026-07-22T15:24:40.428Z,POST,/cars/,200,1,128.025,5c59ac9f-a999-45bc-bfe3-73cc5a427410
2026-07-22T15:24:40.432Z,POST,/cars/,200,1,124.877,c7aeab56-5d74-4b3c-a183-bdb288584502
2026-07-22T15:24:40.435Z,POST,/workers/,200,1,135.254,57f2c82d-8db3-4b02-b6aa-bfec2b759443
2026-07-22T15:24:39.453Z,GET,/customers/363ee49a-06b0-4b02-bb88-1026456d5a66/with-cars,200,1,1119.996,c2ea372a-2039-4a48-8bb1-4852ae789f87
2026-07-22T15:24:40.443Z,POST,/users/,200,1,132.546,0293b834-4e51-4bc3-b3a7-05801a442730
2026-07-22T15:24:39.337Z,GET,/customers/042fa4a9-fede-40e8-abbb-17b95e168d7c,200,1,1239.184,25ecd0da-1d2e-43ab-92a1-e3143e36a4b3
2026-07-22T15:24:40.449Z,POST,/users/,200,1,128.050,8da0d9eb-67d8-452b-8a5e-5931635fb32d
2026-07-22T15:24:40.447Z,POST,/cars/,200,1,131.121,d617c8c2-9a51-460d-a9ee-95a59b27dfd4
2026-07-22T15:24:40.457Z,POST,/orders/,200,1,126.777,7db0aca3-599f-4a7c-a9a4-b6857314b101
2026-07-22T15:24:39.383Z,GET,/workers/c5b67ead-06ca-48c8-ad23-1411010112a5,200,1,1201.890,20b0ef47-35a4-4572-a9d9-7ad694f77b28
2026-07-22T15:24:40.469Z,PATCH,/orders/set-priority,200,1,125.839,6eed01de-cc0e-43ff-8aec-43d2c120616f
2026-07-22T15:24:39.590Z,GET,/work/583b4286-573c-4df3-863d-7dd94a10fa39,200,1,1010.539,41a52753-66e0-4f65-a965-924820fe2900
2026-07-22T15:24:40.476Z,POST,/workers/,200,1,126.027,fc857e1e-8fa3-4c64-8bfa-95ebf2423ef6
2026-07-22T15:24:40.476Z,POST,/cars/,200,1,128.613,503ea6b7-bee6-4e61-aa04-830956fed18d
2026-07-22T15:24:40.473Z,POST,/users/,200,1,131.785,c2590a6f-ec14-476a-9115-6241d9241529
2026-07-22T15:24:40.478Z,PATCH,/customers/rename,200,1,127.346,05ccf999-df74-4888-aa9c-2ace121ad02b
2026-07-22T15:24:38.825Z,GET,/customers/734fb336-632b-417d-94af-0eca9640d6e4/with-cars,200,1,1788.882,021e243d-fffb-4425-a0e8-61928b421038
2026-07-22T15:24:40.495Z,PATCH,/work/change-title,200,1,129.516,b4250ee7-e3b0-41b4-941e-0a05b59cfb65
2026-07-22T15:24:37.127Z,GET,/users/?page=1&pageSize=10,200,1,3533.665,51546e10-960b-4ea3-9f23-9aecf70516d5
2026-07-22T15:24:40.536Z,POST,/cars/,200,1,132.500,b15df7a0-864e-4230-920d-523b51026081
2026-07-22T15:24:40.538Z,POST,/customers/,200,1,136.355,bc6cf25a-19b7-44c0-9059-1907a63bd8c0
2026-07-22T15:24:40.544Z,POST,/users/,200,1,130.698,fc19427f-d74f-4a2f-a18f-330880094dd2
2026-07-22T15:24:40.546Z,POST,/orders/,200,1,128.859,0954a50f-4f9c-4978-9114-269a96348cb9
2026-07-22T15:24:40.569Z,POST,/customers/,200,1,122.365,4c3e553b-fb49-4ade-b5d6-ee9bb2eb9623
2026-07-22T15:24:40.570Z,POST,/cars/,200,1,123.611,e809d581-65de-4eb6-9b29-8bb444933bb1
2026-07-22T15:24:38.670Z,GET,/customers/1ce00c68-df97-4d53-a021-6adbdb841e65/with-cars,200,1,2025.006,cd472106-5c9a-4cd4-b61c-13241cf07fb1
2026-07-22T15:24:36.190Z,GET,/orders/83d95013-a956-419f-bb6c-84ceb5ff0bda,200,1,4512.344,58037eb2-e619-4358-8c60-8a2d1ffea7a5
2026-07-22T15:24:40.576Z,POST,/work/,200,1,128.237,cba94b3b-e84a-4d05-9150-96e79fca4d81
2026-07-22T15:24:40.580Z,POST,/orders/,200,1,128.774,c1b4f1c8-8079-4d3d-80e5-3a477ae8a17b
2026-07-22T15:24:39.461Z,POST,/cars/,200,1,1248.818,1b056508-a762-4746-9122-ef2503bba60e
2026-07-22T15:24:39.227Z,GET,/work/?page=1&pageSize=10,200,1,1483.361,dc4da82a-2886-42d9-bf40-2648fc6945ef
2026-07-22T15:24:40.586Z,POST,/users/,200,1,127.582,b3cda144-18e4-4354-9a1a-4bb6706f5908
2026-07-22T15:24:40.605Z,POST,/orders/,200,1,118.391,d927bc23-2dfb-4dd8-b274-d95d85aca1fd
2026-07-22T15:24:40.604Z,PATCH,/customers/change-contacts,200,1,122.967,cdfeb583-32c1-4189-9fb3-757a5e6d3768
2026-07-22T15:24:40.663Z,POST,/customers/,200,1,135.313,65a4bcb6-3eed-41cb-88f4-312bef220504
2026-07-22T15:24:40.662Z,PATCH,/users/change-password,200,1,136.468,05544dbc-24c6-42f5-b0a2-1cf5f0d898e2
2026-07-22T15:24:40.670Z,POST,/customers/,200,1,133.199,5c6e52ec-f7dd-4415-93e4-6b2e92d64956
2026-07-22T15:24:40.682Z,POST,/customers/,200,1,133.880,55f63e0a-44ba-45dd-a382-5e3d1bfa75ba
2026-07-22T15:24:40.710Z,POST,/users/,200,1,141.937,367745b9-4e10-450e-87ff-88ce9654fbd4
2026-07-22T15:24:40.720Z,PATCH,/workers/change-hourly-rate,200,1,135.675,da0e76ae-08ae-41c1-874d-9600d74b9ce2
2026-07-22T15:24:40.724Z,POST,/customers/,200,1,131.470,8804ba12-d931-48ff-a9c3-bdcbf44cb305
2026-07-22T15:24:39.188Z,GET,/users/b7203537-192f-4bb3-8445-8d4a75e39075,200,1,1673.876,3191c289-2fc9-49ae-bdb4-a47c62a40b78
2026-07-22T15:24:40.728Z,POST,/orders/,200,1,134.354,2769b910-6840-401f-b677-910357ea881a
2026-07-22T15:24:40.747Z,POST,/workers/,200,1,130.413,724c67fe-974e-4f0b-b880-cbf4973a9766
2026-07-22T15:24:40.749Z,POST,/users/,200,1,137.016,54ba0bcb-d3e4-44dc-8439-3d234f7070e5
2026-07-22T15:24:37.284Z,GET,/users/?page=1&pageSize=10,200,1,3606.097,6b0c761b-dcb5-4de9-ba5f-e53e404eb770
2026-07-22T15:24:40.764Z,POST,/cars/,200,1,133.098,a98967c0-74b6-411f-af21-c3b4433d553d
2026-07-22T15:24:40.534Z,GET,/work/21fd6dce-6591-4c3c-8e32-a2fc1cb18c40,200,1,366.014,94e16e21-887f-41fd-be96-900e0e29fee4
2026-07-22T15:24:40.777Z,POST,/work/,200,1,127.068,9eda7bc7-cbf4-47fe-8119-6835fec2ff65
2026-07-22T15:24:40.785Z,PATCH,/work/set-estimate,200,1,126.915,49eb8a35-78e9-423a-a380-d94b688f2611
2026-07-22T15:24:40.818Z,PATCH,/orders/apply-discount,200,1,131.387,9d999c3a-75eb-4e7e-8f0d-a4b0cc644d59
2026-07-22T15:24:40.828Z,POST,/work/,200,1,129.347,d3fb073a-a41d-43da-aee8-55568d7f1eec
2026-07-22T15:24:39.283Z,GET,/cars/a6e62b00-cf7e-45a4-b49c-03c12e55138e,200,1,1711.204,b34ce342-4b09-422a-8a25-d2258ac45119
2026-07-22T15:24:40.875Z,PATCH,/workers/change-role,200,1,120.501,6a9f61f4-62eb-4c81-ba66-577306ec2d92
2026-07-22T15:24:40.879Z,POST,/work/,200,1,119.509,be522c41-c02f-4ee4-b3e0-bc82b3435c8b
2026-07-22T15:24:40.892Z,POST,/cars/,200,1,107.756,875bb187-436f-47d1-914b-16c7cfa2e689
2026-07-22T15:24:40.898Z,PATCH,/customers/change-contacts,200,1,113.808,11afba99-6831-48c0-a459-bea89b686779
2026-07-22T15:24:35.694Z,GET,/cars/?page=1&pageSize=10,200,1,5320.071,53025c72-ab0b-4b08-b774-ba632a3be784
2026-07-22T15:24:40.907Z,PATCH,/customers/rename,200,1,120.226,9b74d7b5-5015-47d6-8420-b03f087d998d
2026-07-22T15:24:40.905Z,PATCH,/workers/change-role,200,1,124.627,adfe2169-b4d6-4f75-bf06-ea91e7317337
2026-07-22T15:24:40.912Z,PATCH,/workers/change-hourly-rate,200,1,137.309,a309d831-90f6-4f5d-8130-abebbefa0ccc
2026-07-22T15:24:39.497Z,GET,/users/?page=1&pageSize=10,200,1,1562.874,bb374080-1c39-4749-8171-1848eea0f352
2026-07-22T15:24:40.928Z,POST,/cars/,200,1,141.532,e9814c6a-92f6-4c9a-9f9e-8447df6c3231
2026-07-22T15:24:40.934Z,PATCH,/orders/set-priority,200,1,135.115,661e82af-11d0-46d9-94e5-d94e544ab6f0
2026-07-22T15:24:40.942Z,PATCH,/orders/set-priority,200,1,128.035,f887a714-40c1-4a7a-a30b-c0fa59884e9e
2026-07-22T15:24:38.942Z,GET,/orders/?page=1&pageSize=10,200,1,2152.265,523839b0-2219-47f9-b5c2-98b56bb0cab8
2026-07-22T15:24:40.953Z,PATCH,/orders/apply-discount,200,1,143.570,5e796017-5b61-4474-9c0f-5b0aae08e6a8
2026-07-22T15:24:37.845Z,GET,/users/c0c1a691-0bd3-4d7d-b5ee-026a526025b8,200,1,3263.215,7c36ad11-08e6-462e-b360-e9a86d4674bb
2026-07-22T15:24:40.969Z,POST,/cars/,200,1,141.005,921a5dff-bca1-4f7c-b20a-9fe58de54084
2026-07-22T15:24:40.983Z,POST,/cars/,200,1,135.752,695d1589-3aa2-4dd1-9aa4-c31ac35bef28
2026-07-22T15:24:36.685Z,GET,/workers/5e03b09c-52f1-4b93-991f-78557291fcd7,200,1,4438.523,a42e561d-8186-4253-86e4-9b04aba81e09
2026-07-22T15:24:36.538Z,GET,/workers/82a61df4-ec23-470d-a50d-45bd2b0488ae,200,1,4635.925,ec0f5307-9b62-44ec-b7c3-3c352c750c81
2026-07-22T15:24:37.712Z,GET,/customers/9fa4008c-ccfb-4688-b480-6d5d1be3aee8/with-cars,200,1,3465.288,a5147c63-af75-471c-9b3f-4429e8c2cce6
2026-07-22T15:24:41.007Z,POST,/work/,200,1,172.089,4f2d61ae-ee4f-4ac6-bfcb-7b3b240d0a93
2026-07-22T15:24:41.009Z,PATCH,/customers/change-contacts,200,1,184.080,38346ab9-a4b0-4fd9-82b8-285c50262a5c
2026-07-22T15:24:41.011Z,POST,/cars/,200,1,182.077,c6b2c37e-7906-487f-bee7-8469b91371e6
2026-07-22T15:24:37.203Z,GET,/work/?page=1&pageSize=10,200,1,3990.840,9936579b-a9d6-4f43-b297-62de2388c8dc
2026-07-22T15:24:41.016Z,POST,/workers/,200,1,190.377,5e2bac68-3b39-44dd-8ba7-8b73108b1012
2026-07-22T15:24:41.025Z,PATCH,/workers/change-role,200,1,181.778,c134dcd8-84cd-4751-84c6-0199915aedf9
2026-07-22T15:24:41.031Z,PATCH,/customers/rename,200,1,175.312,59cca9ad-49e1-4a42-81f3-f3f52ff47c4f
2026-07-22T15:24:41.058Z,POST,/users/,200,1,148.422,45155811-2346-4a18-86d7-f51a80b0e6fb
2026-07-22T15:24:41.026Z,PATCH,/workers/change-role,200,1,189.212,958d3a93-fa9a-4583-98ff-bdf638b203ff
2026-07-22T15:24:41.061Z,POST,/orders/,200,1,154.263,345ab613-8fbc-4fdf-a5ee-880c2a597d87
2026-07-22T15:24:41.035Z,PATCH,/workers/change-role,200,1,195.627,f75a06ff-9206-4b92-af86-4ed9a440d6b7
2026-07-22T15:24:36.442Z,GET,/workers/?page=1&pageSize=10,200,1,4792.839,c96a0989-fdb4-41cb-ac9c-78dc2e91415f
2026-07-22T15:24:41.055Z,POST,/customers/,200,1,189.012,4539d350-d854-4273-a999-fa7e286c37c6
2026-07-22T15:24:41.081Z,POST,/workers/,200,1,163.888,3406faa6-8891-4892-b35c-bb0e1611ce1a
2026-07-22T15:24:41.095Z,POST,/work/,200,1,156.724,3fa0174b-acd5-49ba-a96e-59748310a619
2026-07-22T15:24:41.075Z,PATCH,/orders/set-priority,200,1,177.588,8355b3e1-b428-498e-b3a7-4edddff10bd4
2026-07-22T15:24:41.083Z,POST,/customers/,200,1,173.197,7101ec76-d4e9-4e34-9def-c3876e0e3e27
2026-07-22T15:24:41.105Z,POST,/orders/,200,1,167.711,9cac67d3-308d-439d-9dd3-b105ba4df092
2026-07-22T15:24:41.110Z,PATCH,/users/change-password,200,1,169.358,9c9fc7ea-278e-4438-8052-18d603d37d7c
2026-07-22T15:24:41.135Z,POST,/work/,200,1,154.036,a102bbc4-4a32-449a-ba7a-aeb4698cf026
2026-07-22T15:24:41.142Z,PATCH,/workers/change-hourly-rate,200,1,148.196,9a35c16c-4fd5-4654-9deb-3afe10dbcef1
2026-07-22T15:24:41.139Z,PATCH,/customers/rename,200,1,153.139,2da75570-510a-47fd-97f0-ebca209d42df
2026-07-22T15:24:41.159Z,PATCH,/workers/change-role,200,1,136.575,677f830d-f985-4833-a2b1-9a7aa623e1b4
2026-07-22T15:24:41.184Z,POST,/workers/,200,1,122.514,08f83e2a-9dc7-434f-983c-28e40e4d5066
2026-07-22T15:24:41.180Z,PATCH,/work/set-estimate,200,1,129.468,99efb22c-c111-4c8a-9085-0e5a2836afdf
2026-07-22T15:24:40.487Z,GET,/workers/c3ef1f61-fce8-4ee4-b23b-d05f84f0d504,200,1,835.413,b1ac4a38-7bce-499c-b836-1ee69c4157e9
2026-07-22T15:24:41.191Z,PATCH,/work/change-description,200,1,143.307,4ad9c7ae-2229-4fa1-8d68-c7ac9d51d7e6
2026-07-22T15:24:41.198Z,PATCH,/orders/apply-discount,200,1,136.527,14744a18-2247-41b7-a47f-cc4a4806bdbe
2026-07-22T15:24:38.840Z,GET,/users/a6b7938c-2927-4ff1-a273-43ebc4896c37,200,1,2495.623,e54b58e8-eb5f-47f2-aec2-4c60f16141fe
2026-07-22T15:24:41.199Z,PATCH,/work/change-description,200,1,143.936,bcc26da5-6356-4375-8781-312c59df7dab
2026-07-22T15:24:41.199Z,PATCH,/workers/change-role,200,1,147.512,7e946b63-6609-4e3a-8313-8c4e78b69612
2026-07-22T15:24:40.849Z,PATCH,/workers/change-role,200,1,497.820,a1bd6e34-0d8a-495a-ab06-415b23afd275
2026-07-22T15:24:41.211Z,PATCH,/customers/rename,200,1,138.860,b23f0d29-25fd-4ca7-a98e-8cb72f253161
2026-07-22T15:24:40.013Z,GET,/customers/d72bdad7-e1a2-4a1e-8459-db2611596576,200,1,1338.090,ebe05d89-6374-409e-914b-2393950d97ff
2026-07-22T15:24:41.212Z,POST,/work/,200,1,142.436,20d7d171-af7a-4da4-8e11-729c5644f58d
2026-07-22T15:24:41.228Z,PATCH,/work/set-estimate,200,1,131.376,7e6a48f8-235f-49d8-aa49-30686d1e3dd0
2026-07-22T15:24:41.229Z,POST,/users/,200,1,131.396,8737dd27-9282-49f3-9559-fa402a582eba
2026-07-22T15:24:41.233Z,POST,/work/,200,1,135.929,c06d13b9-1908-4b24-b5b2-9fc9317fc530
2026-07-22T15:24:41.237Z,POST,/cars/,200,1,132.530,5ed5d4b6-ae15-417e-ba70-8a01f8989565
2026-07-22T15:24:41.247Z,POST,/cars/,200,1,128.490,9e7dc669-a61c-4446-88bd-9305c604bf9f
2026-07-22T15:24:41.254Z,POST,/cars/,200,1,128.556,310b811f-c2ef-4874-9776-085501d23211
2026-07-22T15:24:41.259Z,POST,/customers/,200,1,130.304,20b1bc55-e380-4bbc-a7e6-858d1fb6a11f
2026-07-22T15:24:40.913Z,POST,/customers/,200,1,495.345,2bf80248-dc01-413f-94e7-42cda5aeeb3e
2026-07-22T15:24:41.277Z,PATCH,/work/set-estimate,200,1,131.537,96e9586c-3c1d-44e1-b077-3ef9ee223cf2
2026-07-22T15:24:41.281Z,POST,/customers/,200,1,131.147,21be7215-1c30-4278-a935-ca3e4ede1df8
2026-07-22T15:24:39.704Z,GET,/customers/e3e30421-c98d-4196-a890-020322be349d,200,1,1713.477,2e0f204b-fd3a-40c3-8c8f-86ad12e3ba98
2026-07-22T15:24:41.285Z,POST,/workers/,200,1,132.933,22fabda1-fe91-42f3-a13d-ac0852ee50e7
2026-07-22T15:24:41.286Z,POST,/cars/,200,1,132.236,967b450d-7095-471d-a03f-b4cf268a000e
2026-07-22T15:24:41.301Z,PATCH,/customers/rename,200,1,132.607,6f89c466-ca77-45f3-8cb0-d38acd5885d7
2026-07-22T15:24:38.244Z,GET,/work/?page=1&pageSize=10,200,1,3192.348,1f7a2cf5-076d-4ba5-b9a2-b585851cdc11
2026-07-22T15:24:41.302Z,POST,/users/,200,1,136.735,86554d07-cc85-4259-bb91-5cef625afa98
2026-07-22T15:24:38.342Z,GET,/cars/0930d980-5811-4e3f-b94e-c0d999140e6b,200,1,3119.621,46755ea3-00ff-440a-9a79-9208f3d0936c
2026-07-22T15:24:41.338Z,POST,/users/,200,1,123.917,85a7f92f-39fd-4e7a-b44b-bda97f303914
2026-07-22T15:24:41.341Z,PATCH,/orders/apply-discount,200,1,123.919,75c61af5-3e91-458e-a5cb-49eeb1bbf9d8
2026-07-22T15:24:41.343Z,PATCH,/work/change-title,200,1,126.753,ab8d2849-8bac-4f0e-b5c2-bd9deffa5502
2026-07-22T15:24:38.293Z,GET,/work/?page=1&pageSize=10,200,1,3184.674,51bae928-5e9a-4e3d-a8aa-12cbc100f8a0
2026-07-22T15:24:41.357Z,POST,/workers/,200,1,121.692,32bbcf2c-ce64-41b4-896e-1ac48b66dd62
2026-07-22T15:24:40.986Z,PATCH,/cars/record-mileage,200,1,508.064,ba636ef5-d5ed-4d74-9125-c87db834c6b3
2026-07-22T15:24:41.385Z,POST,/work/,200,1,126.641,e4f7322e-2920-4d5c-99f6-965017e49911
2026-07-22T15:24:40.998Z,POST,/customers/,200,1,532.493,ba80db70-46ea-4f5a-995b-ca8e6b09b4c1
2026-07-22T15:24:41.412Z,POST,/orders/,200,1,130.605,7ead1331-e9eb-46bd-ba2d-1a3ae0cf331d
2026-07-22T15:24:41.426Z,POST,/users/,200,1,139.817,ca22c002-9fc3-48ca-99c4-4d263347b963
2026-07-22T15:24:41.433Z,POST,/customers/,200,1,135.236,bd07a0c7-adee-49c6-b4c6-de1f803f38d0
2026-07-22T15:24:41.448Z,POST,/workers/,200,1,124.628,17e4bba1-b65e-4710-b6a4-67d8e9a2ec58
2026-07-22T15:24:41.078Z,GET,/cars/6eee627f-b859-44bf-bbcd-25339be7518d,200,1,504.469,021e11e8-4486-42f2-af9b-8494540b1a1c
2026-07-22T15:24:41.456Z,PATCH,/work/change-description,200,1,127.917,05a9b609-c273-458f-bf3f-aa2f818303e4
2026-07-22T15:24:41.465Z,POST,/users/,200,1,125.484,221418b2-41e9-4d0f-b4c7-6775a6b20d6b
2026-07-22T15:24:41.464Z,POST,/cars/,200,1,126.885,d032ca1e-ab73-486d-b206-cc83d0a3dd9f
2026-07-22T15:24:41.471Z,POST,/cars/,200,1,134.659,a286f6b3-ff73-4b87-9027-4700e44f46cc
2026-07-22T15:24:41.473Z,POST,/cars/,200,1,132.051,3e63b3b1-109b-4879-834c-c06d24bc6609
2026-07-22T15:24:41.487Z,POST,/workers/,200,1,124.376,be482682-03a6-4a25-86ff-2990e2303a69
2026-07-22T15:24:41.492Z,POST,/workers/,200,1,130.653,23542a92-f7fc-45f4-ad35-333a24407380
2026-07-22T15:24:41.100Z,POST,/users/,200,1,533.204,eb9c77d9-1323-46df-9f2b-6283db0267c7
2026-07-22T15:24:41.098Z,POST,/cars/,200,1,534.701,d433d1f4-06d5-4118-bb91-8fe39d7b4826
2026-07-22T15:24:41.121Z,POST,/orders/,200,1,512.650,90b352df-9d80-42d5-a2c0-1e94328fe71c
2026-07-22T15:24:41.498Z,POST,/workers/,200,1,135.935,0e3d1663-a092-4cef-8148-5b6536b9a3a7
2026-07-22T15:24:36.843Z,GET,/work/eaab89c3-309b-4c8b-b2ba-d9db9be129e6,200,1,4805.736,cd7313cd-7a13-42a9-b8ed-56f20799935b
2026-07-22T15:24:41.518Z,PATCH,/workers/change-role,200,1,132.621,dbe1a194-83e7-4986-bbcb-e55d24c792dc
2026-07-22T15:24:41.518Z,POST,/customers/,200,1,133.104,d8ac7ee4-8994-4c29-8d1b-ea576e88be98
2026-07-22T15:24:39.730Z,GET,/cars/?page=1&pageSize=10,200,1,1922.538,9763762a-d4d3-4a2f-bc6b-e1ca4ca63159
2026-07-22T15:24:37.442Z,GET,/orders/382039dd-1b11-41f5-86ff-b829c2f6ce26,200,1,4213.032,002c82ad-9b81-4af0-b139-1712941fe2be
2026-07-22T15:24:41.526Z,PATCH,/workers/change-hourly-rate,200,1,144.881,3e3904b0-337f-4366-9198-9387818faeaf
2026-07-22T15:24:41.529Z,PATCH,/work/set-estimate,200,1,141.453,81347df9-fc46-49ed-a749-aab46c79df90
2026-07-22T15:24:35.632Z,GET,/customers/ab8f13a7-74d1-4f5c-a39f-8f73970d87f8,200,1,6039.634,199b2de6-d7bd-4853-a764-552d3991d545
2026-07-22T15:24:41.146Z,POST,/customers/,200,1,526.643,21e6a0b5-0af7-4a9f-a7dd-6077f372ec72
2026-07-22T15:24:38.832Z,GET,/workers/?page=1&pageSize=10,200,1,2845.070,8632c483-2111-4f6a-97af-e3797c9f41bc
2026-07-22T15:24:41.555Z,POST,/work/,200,1,135.413,af16fa1c-62a2-4cdc-8294-e8d302cdc7c6
2026-07-22T15:24:41.553Z,POST,/customers/,200,1,139.146,f943ad21-9f85-4f29-b050-89304eec7bdd
2026-07-22T15:24:41.555Z,POST,/workers/,200,1,137.021,3ad23ae4-bfd3-4b38-8a84-50aa9c512e2e
2026-07-22T15:24:41.553Z,POST,/work/,200,1,138.604,4b097e95-996d-417d-a726-081870d9a9e7
2026-07-22T15:24:41.568Z,POST,/users/,200,1,133.108,bb272be3-edbc-43ef-9c1f-7e7a914afac8
2026-07-22T15:24:41.570Z,POST,/workers/,200,1,132.225,d401cd70-1a0f-42cd-bd49-7d7699809b06
2026-07-22T15:24:41.571Z,PATCH,/workers/change-hourly-rate,200,1,130.567,18238e5c-462d-4a8a-98dc-f50fdb34b220
2026-07-22T15:24:40.777Z,GET,/customers/?page=1&pageSize=10,200,1,940.848,280fc982-87b1-41bc-a34d-987de3167beb
2026-07-22T15:24:41.580Z,POST,/customers/,200,1,138.709,34d07cf7-cf65-41ae-bc9c-998284644d35
2026-07-22T15:24:37.117Z,GET,/cars/?page=1&pageSize=10,200,1,4609.446,99102e5d-9885-4dbb-9148-0a912fcd1691
2026-07-22T15:24:36.859Z,GET,/work/?page=1&pageSize=10,200,1,4869.043,d9796574-0b99-44b6-85c8-d8951dfec23b
2026-07-22T15:24:41.591Z,POST,/customers/,200,1,143.386,f367767c-3679-43ca-a6c7-ebc99ba78f33
2026-07-22T15:24:39.294Z,GET,/workers/03ba608c-874c-4d9b-a2fa-2c5c072d76f3,200,1,2443.416,29ed976b-d46f-4b90-bfa5-cb5162bed8ca
2026-07-22T15:24:41.597Z,POST,/cars/,200,1,140.827,00599796-0253-4f3c-8c87-790e4f480a03
2026-07-22T15:24:40.907Z,GET,/cars/1457cc9c-402b-4160-b5ba-74f58194f551,200,1,838.908,dd1cbd37-7f4b-403c-bb2a-1fa229b1ffcd
2026-07-22T15:24:41.610Z,POST,/work/,200,1,138.598,812aaa7e-a765-43aa-9f5a-9abb1f6e82e5
2026-07-22T15:24:36.626Z,GET,/orders/?page=1&pageSize=10,200,1,5122.912,2c2a5e8f-706d-4b73-a345-d5ad0c633ceb
2026-07-22T15:24:41.613Z,POST,/customers/,200,1,136.720,a435edfb-c467-409a-a00d-818e5a232fa3
2026-07-22T15:24:41.630Z,PATCH,/workers/change-role,200,1,123.048,0e404884-6a22-4a13-86b7-c1c183a6dd46
2026-07-22T15:24:41.635Z,POST,/customers/,200,1,117.315,b0a85b76-cea0-4518-88f4-b030b2971eed
2026-07-22T15:24:37.948Z,GET,/work/?page=1&pageSize=10,200,1,3809.078,4edefc4a-d3e3-4d16-854d-d389c1238756
2026-07-22T15:24:41.653Z,POST,/orders/,200,1,109.003,bac24120-0b20-4894-a415-f894f59aae30
2026-07-22T15:24:41.676Z,POST,/orders/,0,0,109.498,
2026-07-22T15:24:41.670Z,PATCH,/workers/change-hourly-rate,200,1,116.222,d07d4bd0-2c6c-4d84-b605-60617df09033
2026-07-22T15:24:41.671Z,POST,/work/,200,1,115.638,96b6180c-f212-4232-a96b-7a647528596b
2026-07-22T15:24:38.841Z,GET,/orders/2e613c67-b49b-4ce4-84d8-e42a50681f20,200,1,2946.305,b8b048ec-9e07-4865-9434-550059044954
2026-07-22T15:24:41.694Z,POST,/users/,200,1,133.210,d27af59d-2a82-4f65-81bb-a025a1010fea
2026-07-22T15:24:41.693Z,POST,/cars/,200,1,137.061,52115526-d21b-499b-a5c6-e568759e5955
2026-07-22T15:24:36.479Z,GET,/workers/?page=1&pageSize=10,200,1,5353.186,f6000577-87ae-4e13-9234-051b71e1f836
2026-07-22T15:24:41.703Z,POST,/orders/,200,1,131.836,8aba4e28-53da-4401-9804-548e4ba6f783
2026-07-22T15:24:41.713Z,POST,/users/,200,1,128.473,37ebb265-ca9e-4b47-bb79-332a1b9dfad1
2026-07-22T15:24:38.138Z,GET,/cars/7dc5b85d-8611-46b6-b054-4657db093667,200,1,3718.315,18d39196-12f6-4c22-8da9-9ce4b6a42580
2026-07-22T15:24:41.747Z,PATCH,/customers/change-contacts,200,1,133.256,6f16c64f-9eae-4f58-b1e7-ff9bafceab9b
2026-07-22T15:24:41.748Z,POST,/customers/,200,1,132.898,faad1504-90b6-486e-ae81-ed1dd5602679
2026-07-22T15:24:38.017Z,GET,/work/?page=1&pageSize=10,200,1,3877.889,4dac2899-52dc-4963-b7cd-421c94ce33c0
2026-07-22T15:24:36.547Z,GET,/work/?page=1&pageSize=10,200,1,5356.815,31936afe-b4e8-422e-b3ba-3c7abd927614
2026-07-22T15:24:40.954Z,GET,/users/?page=1&pageSize=10,200,1,955.719,bf9ca505-3a4d-43b4-b43b-2572bb7b563a
2026-07-22T15:24:41.769Z,PATCH,/workers/change-role,200,1,144.498,e9e635d2-ab0f-49e6-9c44-fb61adb06c4c
2026-07-22T15:24:41.769Z,POST,/users/,200,1,146.225,738b2be6-e545-471f-b7cd-b4e39d1108f3
2026-07-22T15:24:36.376Z,GET,/cars/62be6453-4e66-490e-91f9-6aac1426b0c2,200,1,5546.503,75cda49f-2a79-4d54-ad49-1a952843c5a0
2026-07-22T15:24:41.695Z,GET,/work/6851700e-5e5c-4987-9ff2-c239cfbab27c,200,1,238.905,9b280c26-9300-477a-b2f0-2c2ca318de37
2026-07-22T15:24:41.796Z,POST,/workers/,200,1,158.179,66928565-04ec-494d-b762-158fbc0f89c6
2026-07-22T15:24:41.798Z,PATCH,/customers/change-contacts,200,1,165.450,eef9f303-4f9c-4c6e-b133-c94d6610c255
2026-07-22T15:24:41.818Z,POST,/work/,200,1,145.434,02c4d044-d1e4-4b45-b94d-988ebd954b95
2026-07-22T15:24:41.811Z,POST,/work/,200,1,152.575,bb40cd3a-0f25-4b41-a292-60b080794f38
2026-07-22T15:24:41.824Z,POST,/users/,200,1,139.645,12e0fad4-c1e1-430f-951c-26d05bba99be
2026-07-22T15:24:40.917Z,GET,/work/91a32f19-fe16-44f4-93ee-0e7c8cb82a9b,200,1,1046.097,1c269871-d1d2-44a3-ad8b-01f7da8aa019
2026-07-22T15:24:41.847Z,POST,/users/,200,1,120.924,9178f0a8-607f-46ca-a908-de95168311b0
2026-07-22T15:24:41.850Z,PATCH,/cars/record-mileage,200,1,128.555,da1b1c80-7075-4d02-ac4a-bcbac7a256d0
2026-07-22T15:24:37.274Z,GET,/cars/?page=1&pageSize=10,200,1,4704.002,421b366d-a31c-43e7-9fd5-7c7bb1d89b92
2026-07-22T15:24:41.010Z,GET,/work/37fa6307-9386-4a95-9647-6df4db79fd33,200,1,975.254,12077351-009e-4ae8-a66b-26a8edc13e3b
2026-07-22T15:24:41.874Z,POST,/users/,200,1,125.958,dfb764fa-d5fa-4db3-9761-a2a5d1f7ab08
2026-07-22T15:24:41.894Z,POST,/cars/,200,1,131.369,c6ea3446-73a4-4804-aa3f-69d09f33ab03
2026-07-22T15:24:37.561Z,GET,/work/37fa6307-9386-4a95-9647-6df4db79fd33,200,1,4465.174,cf252850-1de3-4fea-8526-7867a9bacea8
2026-07-22T15:24:41.906Z,PATCH,/work/change-title,200,1,123.635,07487f70-7745-43c5-918c-81f126b641a9
2026-07-22T15:24:41.791Z,POST,/customers/,200,1,244.162,ae6794e8-6d0a-446b-bf75-db0198e809c4
2026-07-22T15:24:38.520Z,GET,/cars/?page=1&pageSize=10,200,1,3520.950,84122085-9938-4a78-b70c-7e512befbb30
2026-07-22T15:24:41.924Z,PATCH,/work/change-title,200,1,170.421,43757561-7b5b-4438-9e20-ddf2886e2acd
2026-07-22T15:24:41.932Z,PATCH,/workers/change-role,200,1,179.445,e8edbb9a-a3b1-4606-a4ed-7ced625de303
2026-07-22T15:24:41.970Z,PATCH,/workers/change-hourly-rate,200,1,142.278,ba43cc8a-bdbe-4784-a217-71d3eb0df0db
2026-07-22T15:24:36.556Z,GET,/users/476efc68-ba40-4beb-93c7-24bcdf0361be,200,1,5556.354,3aa18bc1-301d-4056-9d37-03b4bda81ff8
2026-07-22T15:24:41.979Z,POST,/orders/,200,1,135.723,0768fee0-8c6b-4fcc-93bc-31a5e91ffde2
2026-07-22T15:24:41.989Z,PATCH,/work/change-title,200,1,128.524,29e718bc-b278-4e18-896f-48d4053a2b36
2026-07-22T15:24:42.000Z,PATCH,/workers/change-hourly-rate,200,1,124.879,75aa895a-2ec1-40b3-9765-b4b9d6e3b648
2026-07-22T15:24:42.014Z,POST,/users/,200,1,132.707,0a01c9e8-9709-4ffe-93e8-46ca85ac0817
2026-07-22T15:24:42.010Z,PATCH,/users/change-password,200,1,137.560,3fa1f2c2-5a37-44bc-9bd2-6fc469587f3e
2026-07-22T15:24:42.017Z,POST,/users/,200,1,132.983,c21a1bf4-b5e4-47e9-81d6-961793c9faba
2026-07-22T15:24:42.020Z,POST,/customers/,200,1,129.231,04330911-3eca-4a5f-baba-15c61184e71a
2026-07-22T15:24:42.024Z,PATCH,/orders/set-priority,200,1,138.528,9dcd2714-08c8-49fe-944b-43e6736ae0a1
2026-07-22T15:24:41.076Z,GET,/users/b4a8b1eb-52c0-4875-90f1-44675648ba2f,200,1,1090.145,390d9999-c3bb-4439-812a-781de7a502dd
2026-07-22T15:24:42.047Z,POST,/cars/,200,1,151.161,5980bc0f-ddf6-4784-9734-fe4dfe2e6c26
2026-07-22T15:24:42.074Z,PATCH,/customers/rename,200,1,129.196,0b97bac9-e936-4ff8-957f-057ca3415be7
2026-07-22T15:24:40.666Z,GET,/users/?page=1&pageSize=10,200,1,1537.516,bf6c5952-f6f6-47c2-b3ef-64130b5fbbb4
2026-07-22T15:24:42.078Z,PATCH,/customers/change-contacts,200,1,138.663,740f8bb8-9fbf-4b34-a00a-c822bc920c75
2026-07-22T15:24:42.083Z,PATCH,/work/change-title,200,1,133.932,b3215f28-a912-4aab-bb25-27f39bdaafd4
2026-07-22T15:24:42.077Z,PATCH,/work/change-description,200,1,140.515,5764201b-cb1c-4255-a0ee-2d5046de7361
2026-07-22T15:24:40.944Z,GET,/customers/a8d9a3a9-1a6f-4246-a194-602f4275f899/with-cars,200,1,1288.528,b09d8a76-90c0-4f48-a804-7f1ac7ef8240
2026-07-22T15:24:42.108Z,POST,/work/,200,1,131.735,13af44ef-dfe7-4a5a-b990-967e8b1736a2
2026-07-22T15:24:42.097Z,POST,/customers/,200,1,148.082,7a757970-4a87-470f-8b67-8131d6ebb0ae
2026-07-22T15:24:42.120Z,POST,/customers/,200,1,133.966,f1cd0b7f-b60a-48d9-bafd-0c1f7b50243a
2026-07-22T15:24:42.137Z,POST,/cars/,200,1,129.352,b33261cf-d45a-4b97-97ea-b82159c5ad51
2026-07-22T15:24:42.133Z,POST,/orders/,200,1,133.087,dc8e38f3-e651-4085-8b21-21ea04d26676
2026-07-22T15:24:42.164Z,POST,/customers/,200,1,137.742,e07c8dd6-c798-48a8-81d7-110e243a383e
2026-07-22T15:24:42.176Z,POST,/work/,200,1,142.609,a20a7230-177c-4ada-b535-dfc792aa52a3
2026-07-22T15:24:42.187Z,POST,/customers/,200,1,132.540,bf05292f-d96e-4ff1-98ad-403014b0886c
2026-07-22T15:24:42.194Z,POST,/customers/,200,1,125.325,136cf29f-9795-4024-8438-0f1257b5b3d7
2026-07-22T15:24:41.952Z,GET,/orders/bd1295b6-4811-46f6-b4bf-b95402488cb3,200,1,373.534,19af4a31-59fc-40f7-8742-be94f754f6ad
2026-07-22T15:24:42.196Z,PATCH,/users/change-password,200,1,153.070,acf53eda-d081-448f-b532-68975268e25f
2026-07-22T15:24:42.204Z,POST,/users/,200,1,145.331,1bffefd0-b720-4137-80b4-0149a45c4646
2026-07-22T15:24:42.215Z,POST,/workers/,200,1,143.538,adbbb199-4568-4b1c-9c89-67d6b1fda81e
2026-07-22T15:24:42.209Z,POST,/orders/,200,1,152.125,95f09606-6bef-41d4-89be-3391b2c94589
2026-07-22T15:24:42.216Z,POST,/work/,200,1,145.925,38b4037b-cc16-4c5f-8a5f-63cb4c39ed9b
2026-07-22T15:24:42.234Z,PATCH,/work/set-estimate,200,1,127.108,7fcff8a4-6ef5-45ea-b082-2703f3adc072
2026-07-22T15:24:39.020Z,GET,/orders/1acc7fdc-111d-4c68-af1e-c89e38ff88a7,200,1,3341.971,4d7046d8-f4a1-47b2-9f46-886bde954149
2026-07-22T15:24:41.893Z,POST,/orders/,200,1,469.119,9574aae4-894f-4e9f-b42e-0855bd57e3ff
2026-07-22T15:24:37.770Z,GET,/work/e515d8c6-5d14-4c00-9621-ff98e8b17dce,200,1,4597.115,3bf5e5e2-a806-4084-af73-dd89d7a28044
2026-07-22T15:24:42.253Z,PATCH,/customers/change-contacts,200,1,129.193,ea5a9d79-2ed8-4f5a-953e-d48ed4131eed
2026-07-22T15:24:42.268Z,PATCH,/customers/change-contacts,200,1,124.765,e6991ff1-31a5-4143-831a-7c9bb21a9d37
2026-07-22T15:24:42.272Z,POST,/work/,200,1,125.495,ba8028f8-070b-4c84-a4ff-3d3a7fbbb949
2026-07-22T15:24:42.274Z,POST,/work/,200,1,124.595,06d21b98-442d-4988-862f-f67f8c3f8fbf
2026-07-22T15:24:42.276Z,POST,/work/,200,1,122.947,fd34b9a3-f106-4fdb-ac75-76237deb82f2
2026-07-22T15:24:42.281Z,PATCH,/customers/change-contacts,200,1,125.777,e0e1c63a-34a0-428d-8d5f-b67b89f1a7ce
2026-07-22T15:24:42.294Z,POST,/work/,200,1,121.635,a4feab54-5cbd-4c30-a16b-f78b89efd3ce
2026-07-22T15:24:41.959Z,PATCH,/customers/change-contacts,200,1,462.474,1e2e4783-b78c-405b-9d96-67322618fd56
2026-07-22T15:24:42.307Z,PATCH,/work/change-title,200,1,125.432,68e8c581-d08a-4ef5-b3ea-8af634a9b871
2026-07-22T15:24:42.310Z,PATCH,/users/change-password,200,1,122.751,51a86381-85c8-44e4-8124-66573b924d59
2026-07-22T15:24:42.310Z,PATCH,/workers/change-role,200,1,122.459,a8b6cb7e-d64e-499c-b442-a0f20f68a934
2026-07-22T15:24:42.316Z,POST,/workers/,200,1,124.915,dce57101-c16e-4ad7-8d02-999e12b9693d
2026-07-22T15:24:39.953Z,GET,/work/?page=1&pageSize=10,200,1,2498.738,1274bec0-b255-440c-98b3-a9e457897434
2026-07-22T15:24:37.649Z,GET,/work/d41b9031-ea16-4950-980e-00ec50098984,200,1,4805.496,bc90fc1e-714a-4e57-a923-d96cda63bac0
2026-07-22T15:24:42.321Z,POST,/customers/,200,1,134.482,738f41da-cf4d-4fa0-a3fc-2538b100d0b4
2026-07-22T15:24:41.639Z,GET,/orders/e6988829-5da5-4f0f-9e7c-669b34283a26,200,1,843.040,8f1f659b-9dac-4f1d-80e8-48e5f5a3b6a6
2026-07-22T15:24:42.358Z,POST,/orders/,200,1,131.054,b25ec12f-4792-4dc9-b0e7-21e927b7ba17
2026-07-22T15:24:42.358Z,PATCH,/orders/apply-discount,200,1,130.350,43a088f3-635c-465c-94dd-68189edc6ec0
2026-07-22T15:24:41.203Z,GET,/work/?page=1&pageSize=10,200,1,1311.032,704f38cd-9b08-48bc-86d3-44613ce7adcf
2026-07-22T15:24:38.194Z,GET,/users/ee299aa7-1e85-4a10-8758-173d21bab9b0,200,1,4320.840,96eee131-e1d6-4f7e-886b-e10ecbb45324
2026-07-22T15:24:42.389Z,POST,/users/,200,1,129.827,83fbc374-920d-4f6f-a19f-ff5923de068d
2026-07-22T15:24:42.391Z,POST,/customers/,200,1,128.566,a63b36d0-8d1a-4154-82cd-c99ebecfebdd
2026-07-22T15:24:42.395Z,POST,/workers/,200,1,128.119,f40e6a77-ac76-4e8c-9a1b-c37da8d093a5
2026-07-22T15:24:42.400Z,POST,/work/,200,1,140.334,9663ab52-9676-40ce-9420-6f974b571983
2026-07-22T15:24:42.402Z,POST,/cars/,200,1,137.917,2aebc831-a376-414e-8c3e-ec14d203b038
2026-07-22T15:24:42.418Z,POST,/orders/,200,1,131.765,e2c1f86c-e0d1-4163-86a9-c3d1f8b8625c
2026-07-22T15:24:42.425Z,POST,/workers/,200,1,130.294,94c11ff7-d2ca-4b0f-a3b4-8800e9eaec26
2026-07-22T15:24:42.424Z,POST,/customers/,200,1,131.482,2ea3c27d-ebf9-4ef2-965c-85778cb72d76
2026-07-22T15:24:39.097Z,GET,/customers/?page=1&pageSize=10,200,1,3460.882,fc7b5ce1-bfeb-4e07-a09c-e9cf3818487f
2026-07-22T15:24:42.426Z,PATCH,/work/change-title,200,1,131.814,3ca5a594-b32e-4fc3-b8fd-d98c021f97d5
2026-07-22T15:24:42.432Z,PATCH,/orders/apply-discount,200,1,127.295,3b1bd981-c2c5-4165-9271-6b5dde268e4b
2026-07-22T15:24:42.442Z,POST,/orders/,200,1,122.859,4a87762e-2019-4776-bbdc-6d0ce55de913
2026-07-22T15:24:42.441Z,POST,/work/,200,1,123.427,6b60a481-99eb-45cb-955e-aa0d3e620a3a
2026-07-22T15:24:40.082Z,GET,/customers/?page=1&pageSize=10,200,1,2483.052,25a29cb3-7341-4b48-a0bc-14bf4b501548
2026-07-22T15:24:39.134Z,GET,/workers/?page=1&pageSize=10,200,1,3451.518,15cc7826-703c-428b-bc0c-4821d52ed986
2026-07-22T15:24:42.469Z,POST,/cars/,200,1,123.425,47a1fd6b-5421-4029-a3c5-d09284047ddd
2026-07-22T15:24:42.472Z,POST,/customers/,200,1,121.238,ab9aee96-53b9-484d-a843-28b1a4c94c1a
2026-07-22T15:24:42.478Z,POST,/users/,200,1,138.393,3e12ce3d-695c-4bd4-b2ef-f6983b16ba89
2026-07-22T15:24:42.475Z,POST,/workers/,200,1,141.883,44d2b767-de23-4e59-8d61-3d5e0aaceccb
2026-07-22T15:24:40.957Z,GET,/users/?page=1&pageSize=10,200,1,1661.650,34830b96-bb11-492d-bed1-a44b95d027e3
2026-07-22T15:24:42.485Z,POST,/users/,200,1,136.745,7134fdf0-6db9-4450-b64b-b350f0b4ca85
2026-07-22T15:24:42.493Z,POST,/customers/,200,1,129.043,5468e538-f2e6-4310-8c4b-823edf1df583
2026-07-22T15:24:42.506Z,POST,/customers/,200,1,127.899,7ba9ef96-7454-493b-a2c4-539afc8a9fd1
2026-07-22T15:24:42.509Z,PATCH,/work/change-title,200,1,128.836,818ac29f-cb6d-4425-b34c-62fe8ae3ec59
2026-07-22T15:24:42.540Z,POST,/customers/,200,1,133.283,0b432f86-26b9-41ef-ada5-94dd2ec4e178
2026-07-22T15:24:38.364Z,GET,/cars/?page=1&pageSize=10,200,1,4324.437,9b5cae3c-4d4c-4815-9acb-c73cbf851050
2026-07-22T15:24:42.566Z,POST,/work/,200,1,130.393,ba8dd521-8e3f-4387-9913-32f849f1caca
2026-07-22T15:24:42.566Z,POST,/cars/,200,1,132.463,e252e53b-bf07-4b12-86cc-42f3ac2b8da6
2026-07-22T15:24:42.588Z,POST,/cars/,200,1,121.452,9f6d17de-c894-4b6b-81ee-607403616fef
2026-07-22T15:24:42.594Z,POST,/cars/,200,1,126.860,8dd5dc14-12a8-4f19-8920-863a9f1e0204
2026-07-22T15:24:42.601Z,PATCH,/workers/change-hourly-rate,200,1,123.152,fe865585-82d6-41df-983d-b116cfbc170f
2026-07-22T15:24:42.610Z,POST,/users/,200,1,132.667,6d86cb12-d241-43a8-ac95-c0849b12ec5a
2026-07-22T15:24:42.611Z,POST,/users/,200,1,133.528,e32f7dba-4335-42bc-9689-33b496f57516
2026-07-22T15:24:42.627Z,PATCH,/orders/set-priority,200,1,123.273,320d7a23-b1d6-412b-b556-d4d1d8d267e6
2026-07-22T15:24:42.631Z,POST,/cars/,200,1,135.740,54e54d24-73c2-4e3c-adfa-825990c87e7e
2026-07-22T15:24:42.631Z,PATCH,/orders/apply-discount,200,1,141.251,d4254b10-1e45-4a53-b3c5-441bc1968bc1
2026-07-22T15:24:42.633Z,POST,/orders/,200,1,140.126,40ca192a-918d-47d8-a7a4-ad9a67a9f7f6
2026-07-22T15:24:42.650Z,PATCH,/work/change-title,200,1,129.645,1386df90-d322-467d-8ed5-64287d41143d
2026-07-22T15:24:42.656Z,POST,/customers/,200,1,133.900,6840398a-05ed-47ea-9eac-edd4f32da1ef
2026-07-22T15:24:42.662Z,POST,/cars/,200,1,131.979,eb849be7-cdc4-44cd-ac45-d9f470f42d7b
2026-07-22T15:24:38.724Z,GET,/customers/c1e9e557-24a0-42f0-90d0-57c1b61910ce/with-cars,200,1,4100.835,0bc9cfa4-1e3d-4599-83fe-a7782c70c2ac
2026-07-22T15:24:42.706Z,PATCH,/cars/record-mileage,200,1,118.810,56a35947-4dab-4b46-b1f9-db7604203611
2026-07-22T15:24:40.367Z,GET,/orders/?page=1&pageSize=10,200,1,2478.371,8ba9570e-d2aa-4a94-ba82-53f3baa64937
2026-07-22T15:24:42.734Z,POST,/workers/,200,1,123.485,b170cdae-c9eb-40d1-a5e6-d5a3eb905ac1
2026-07-22T15:24:39.210Z,GET,/orders/69a68c22-9c08-4a4d-999f-1ca7a78bf83d,200,1,3660.324,9b8a6b28-7e0b-4bb5-9f2c-06ccbb8aa6cb
2026-07-22T15:24:42.398Z,POST,/work/,200,1,479.234,85c6e62b-0df5-4928-8ca1-670c84b9ad0e
2026-07-22T15:24:42.746Z,POST,/work/,200,1,131.918,eb2e7b89-85e7-438a-856e-0e743f9b4472
2026-07-22T15:24:42.402Z,POST,/users/,200,1,475.908,17db1b75-3d2f-434d-86cb-79d7833f7beb
2026-07-22T15:24:42.743Z,POST,/users/,200,1,134.640,3f187c46-0fdf-4d0c-bc18-04c515bcdb5a
2026-07-22T15:24:42.747Z,PATCH,/orders/apply-discount,200,1,137.916,3378c269-a8ed-4f59-b088-f5a081b4cdaf
2026-07-22T15:24:40.765Z,GET,/customers/?page=1&pageSize=10,200,1,2122.341,535c4131-4599-461e-9950-7ba768dbc064
2026-07-22T15:24:42.748Z,POST,/work/,200,1,140.309,11cca8ab-1664-46a2-af89-7a968d37effb
2026-07-22T15:24:42.771Z,PATCH,/work/change-description,200,1,182.955,129f9fad-2f3b-40b2-95c5-df618a5e5119
2026-07-22T15:24:42.782Z,PATCH,/orders/apply-discount,200,1,172.504,80105743-5cd9-481b-80a7-a451370345c1
2026-07-22T15:24:42.798Z,POST,/orders/,200,1,157.326,4989a1f1-344a-493b-8e28-f282e8b68ba8
2026-07-22T15:24:42.801Z,POST,/work/,200,1,153.835,fd86e4de-06c2-4b7b-b324-b80f4e53257f
2026-07-22T15:24:42.783Z,PATCH,/orders/set-priority,200,1,179.030,4f10b452-a3f1-417f-a7da-bbf1717cf971
2026-07-22T15:24:42.837Z,POST,/users/,200,1,135.728,1a1dfb7a-5acc-4737-8760-173fc1b7bcab
2026-07-22T15:24:42.858Z,PATCH,/orders/apply-discount,200,1,122.441,b1a6edd2-332b-4515-9c37-47821b962c82
2026-07-22T15:24:36.531Z,GET,/customers/ce7dbeac-3125-4056-8cfe-dfe6fb9a4738,200,1,6452.040,9604f696-9240-4ebd-a9ad-b93e0f054ea3
2026-07-22T15:24:42.983Z,POST,/workers/,0,0,3.876,
2026-07-22T15:24:42.872Z,PATCH,/cars/record-mileage,200,1,127.712,fb694939-b862-4413-8302-2c1ea176af3f
2026-07-22T15:24:38.671Z,GET,/workers/?page=1&pageSize=10,200,1,4330.143,1cd9e70a-9722-45ed-945c-99a24f351ca2
2026-07-22T15:24:42.879Z,POST,/users/,200,1,124.576,82739477-d0fb-47a4-a539-778f20bd31f0
2026-07-22T15:24:42.885Z,POST,/workers/,200,1,128.178,9b526e33-a8f5-4a3f-ab0b-f4b8f054d554
2026-07-22T15:24:42.884Z,PATCH,/orders/set-priority,200,1,134.893,59f5d737-5f1e-4066-84aa-e35871534aef
2026-07-22T15:24:42.893Z,PATCH,/work/change-title,200,1,127.487,b36abf75-02b5-4fe6-a70a-7877de90fd79
2026-07-22T15:24:41.713Z,GET,/orders/9a04b09f-54ce-4ace-ace2-bd115659f2c7,200,1,1312.087,0022eab5-9222-4b00-be0a-2d0e0e7615a1
2026-07-22T15:24:39.688Z,GET,/users/?page=1&pageSize=10,200,1,3350.962,f72dcd75-6cbb-4307-9e32-0e3491f9b043
2026-07-22T15:24:42.785Z,PATCH,/cars/record-mileage,200,1,255.102,71197515-088e-4870-a1aa-8ecf92ea3e8a
2026-07-22T15:24:42.788Z,POST,/cars/,200,1,252.365,e3eebcec-bd98-490f-8b74-02d310e2f607
2026-07-22T15:24:42.338Z,GET,/users/e5639daf-d5dd-4ae5-8099-b31574b30d7f,200,1,741.414,1eb8b902-caf8-4dc4-902d-610ee3c47290
2026-07-22T15:24:42.958Z,POST,/customers/,200,1,129.117,966ee422-7225-4b5d-976b-0c70c1429b3d
2026-07-22T15:24:42.973Z,POST,/orders/,200,1,120.299,0e86b2c7-dee0-4024-8134-5edb80d83c11
2026-07-22T15:24:39.282Z,GET,/work/3d6be375-687d-44f5-973e-b8b62db59b6a,200,1,3811.941,48029bc8-c8c8-4b00-b431-323de5dfab70
2026-07-22T15:24:39.095Z,GET,/cars/?page=1&pageSize=10,200,1,4000.070,7ae7ce5b-6765-4e9d-be4c-3f5228440bda
2026-07-22T15:24:42.852Z,POST,/cars/,200,1,274.483,0a2b5dea-fd97-44fa-bd39-a9cc71a2a354
2026-07-22T15:24:38.069Z,GET,/customers/2fcafd41-6ee0-4844-8a27-84257e82f15d,200,1,5057.144,54ee68c5-4cda-42c5-bc6e-2add27db6d9f
2026-07-22T15:24:42.865Z,POST,/customers/,200,1,265.783,f5d61975-107c-45ce-8fcf-3564d698cd81
2026-07-22T15:24:38.360Z,GET,/users/a4829eca-24f8-42fb-b468-d9830a4107c0,200,1,4781.243,8be8fa46-38fb-4daa-9e3d-1739c24e1915
2026-07-22T15:24:43.003Z,PATCH,/users/change-password,200,1,140.287,246d5233-45d8-45c6-9265-60416297c8b8
2026-07-22T15:24:42.992Z,PATCH,/orders/set-priority,200,1,151.260,90c1fa9d-e7bc-4983-8967-d8642c2899ed
2026-07-22T15:24:43.002Z,POST,/workers/,200,1,142.699,7f0217a9-8978-407b-b6c9-13fb482b6d0b
2026-07-22T15:24:43.005Z,POST,/work/,200,1,139.843,54f7238e-f44c-4c7b-a0dc-859963078df8
2026-07-22T15:24:39.872Z,GET,/orders/9e9ead66-eb63-4f12-8392-29611df24240,200,1,3273.633,18e300dd-ca77-475a-b878-1de2bab8c24d
2026-07-22T15:24:42.873Z,PATCH,/work/change-description,200,1,280.201,eb0c970e-013d-463b-9d32-03567b674a9d
2026-07-22T15:24:42.687Z,PATCH,/workers/change-hourly-rate,200,1,476.619,5439ec66-5c38-4ea1-a685-d55d94a852ea
2026-07-22T15:24:43.027Z,PATCH,/orders/apply-discount,200,1,136.331,f7f8a57a-d4d1-4530-82f3-26e336e6133b
2026-07-22T15:24:42.908Z,POST,/workers/,200,1,262.721,127c658e-2f3d-4ee8-8461-775601053390
2026-07-22T15:24:43.039Z,POST,/workers/,200,1,138.941,b71de821-e8e6-4c1a-bbf7-d5363c52f357
2026-07-22T15:24:43.043Z,POST,/customers/,200,1,136.056,14f6b467-062e-480f-a932-61fb72aa0026
2026-07-22T15:24:43.045Z,POST,/customers/,200,1,134.799,797f4f2f-be1d-45e5-acc7-dfcf0195d7af
2026-07-22T15:24:43.042Z,POST,/workers/,200,1,137.849,a9925c72-e1b8-4418-a513-8588764d12ac
2026-07-22T15:24:42.938Z,POST,/orders/,200,1,256.802,19b9d094-0d87-48f4-b0d0-455a88dc452a
2026-07-22T15:24:42.941Z,POST,/users/,200,1,257.643,bbf7b946-4454-422d-a0dd-4d75bb055c0a
2026-07-22T15:24:42.948Z,POST,/cars/,200,1,256.756,da0c2e71-005b-4f7d-a08a-7d8ffc9580ff
2026-07-22T15:24:43.082Z,POST,/users/,200,1,122.515,259f60dc-0b98-426f-8e81-a7160f6cd763
2026-07-22T15:24:43.104Z,POST,/customers/,200,1,136.675,87bbc383-77de-4fab-bbb6-979ab4052b44
2026-07-22T15:24:42.987Z,PATCH,/orders/apply-discount,200,1,253.802,010901ac-71a1-493d-a841-04e342d774a5
2026-07-22T15:24:42.996Z,POST,/customers/,200,1,248.367,e89d23d8-4258-4071-aa43-f092402a80aa
2026-07-22T15:24:43.157Z,POST,/users/,200,1,127.752,718c176d-dab4-435c-bac5-4e2b1f97b598
2026-07-22T15:24:43.163Z,POST,/customers/,200,1,129.247,c0b9107e-2317-4261-b9d2-28ed8ce946de
2026-07-22T15:24:43.172Z,POST,/work/,200,1,123.955,ea89d18d-8bec-48d0-aa8f-203d0034228b
2026-07-22T15:24:43.174Z,POST,/workers/,200,1,122.995,ecb18375-1305-469c-a8b4-1595c6a30520
2026-07-22T15:24:39.809Z,GET,/work/?page=1&pageSize=10,200,1,3495.112,9131d6aa-c147-4959-b288-d7d9df5f4f9d
2026-07-22T15:24:43.180Z,POST,/customers/,200,1,126.931,ddd203c4-ca7a-408a-9b05-01a82fe1a2b0
2026-07-22T15:24:43.070Z,POST,/work/,200,1,244.306,8992a878-5ff6-4cf7-ac47-98ba6bb2c5fc
2026-07-22T15:24:43.205Z,PATCH,/orders/apply-discount,200,1,138.302,17f952e0-e1d3-4194-a19e-282a9e4a28fa
2026-07-22T15:24:39.646Z,GET,/workers/?page=1&pageSize=10,200,1,3700.305,2e0abe2b-5df3-4e0a-a5ce-4551278d821b
2026-07-22T15:24:43.203Z,PATCH,/customers/rename,200,1,147.415,8a39496a-5071-4502-b7c7-b86e0aae9c5e
2026-07-22T15:24:43.211Z,POST,/cars/,200,1,139.903,49a5dbdc-6eb1-4aaa-b62f-c05d671c8307
2026-07-22T15:24:42.482Z,GET,/users/0e7cec51-b641-443d-bbf0-88f424156b46,200,1,870.686,1e7e29fb-f31e-4b68-a54f-5c9cfafb940b
2026-07-22T15:24:43.218Z,POST,/work/,200,1,139.528,c6a6197f-4349-4d00-871c-0ae7768de1a0
2026-07-22T15:24:43.225Z,POST,/customers/,200,1,133.516,1068af9b-395a-43bb-a7fe-19fa2249563a
2026-07-22T15:24:43.228Z,POST,/orders/,200,1,130.225,13eb1348-03ae-44cd-89ab-bf3fc108efb2
2026-07-22T15:24:43.235Z,PATCH,/orders/set-priority,200,1,130.192,11b91d6f-6133-4fba-b28a-526854c05ca8
2026-07-22T15:24:43.239Z,POST,/work/,200,1,128.384,38a9dcbb-7db8-4a7f-a27a-64a360e36ac4
2026-07-22T15:24:39.698Z,GET,/orders/1acc7fdc-111d-4c68-af1e-c89e38ff88a7,200,1,3671.282,527b510f-eefe-421d-acf8-c1d119ceacbc
2026-07-22T15:24:42.304Z,GET,/customers/a09b4a82-3762-4981-912d-11701e0d3747/with-cars,200,1,1084.162,54c4ab3a-98b4-42b7-a168-4fcc80b295ac
2026-07-22T15:24:43.267Z,POST,/workers/,200,1,128.170,78455765-d537-4058-ade1-535752505728
2026-07-22T15:24:43.270Z,POST,/work/,200,1,125.869,652e349d-70eb-43b7-b68f-ac11b44d693f
2026-07-22T15:24:43.285Z,POST,/workers/,200,1,128.433,c4ac2528-94ac-44bf-a27b-b4d71763adb2
2026-07-22T15:24:43.294Z,PATCH,/work/change-title,200,1,127.329,db6c4030-a09d-46cc-aa51-b17f1428588e
2026-07-22T15:24:43.300Z,POST,/workers/,200,1,125.384,745c95f2-1b4c-4d87-9d56-6e03322bf5ca
2026-07-22T15:24:43.308Z,PATCH,/work/change-description,200,1,135.057,349a09a9-b6db-475e-b74f-c7a574a66ffa
2026-07-22T15:24:38.785Z,GET,/users/?page=1&pageSize=10,200,1,4661.292,f5221f09-636d-431c-be93-7d0b66b3beea
2026-07-22T15:24:43.317Z,POST,/cars/,200,1,131.869,5b6c13c6-a5bc-42b8-9911-9d7c0e434fca
2026-07-22T15:24:42.975Z,PATCH,/work/set-estimate,200,1,479.773,b887f3ea-1af2-411e-b352-66b0c04d782a
2026-07-22T15:24:42.977Z,PATCH,/work/change-description,200,1,478.409,1525df61-1d08-477a-b945-fc44cad6f503
2026-07-22T15:24:40.420Z,GET,/work/?page=1&pageSize=10,200,1,3038.410,b4d9145d-fb14-452d-af14-7727705f65a3
2026-07-22T15:24:39.263Z,GET,/cars/f94c60f7-5056-4b8f-be2a-72b3f50c3641,200,1,4213.091,a9cc9133-df23-4706-bd30-9c896efd47af
2026-07-22T15:24:43.350Z,POST,/customers/,200,1,130.892,6ec0673b-a830-49ee-ae59-a1dc769e95c5
2026-07-22T15:24:43.349Z,PATCH,/orders/set-priority,200,1,132.130,d0e5fad1-1459-4cb2-bc8d-3f31ba07d3cf
2026-07-22T15:24:43.353Z,POST,/users/,200,1,127.708,e8be13a2-2b7b-47d5-b694-50a282196f35
2026-07-22T15:24:43.019Z,PATCH,/work/change-title,500,0,462.335,8d844b0f-9f09-4158-b49b-e6786bd079fd
2026-07-22T15:24:43.360Z,PATCH,/users/change-password,200,1,128.070,d3cadb74-5c21-4210-be18-397b46af0930
2026-07-22T15:24:43.360Z,POST,/cars/,200,1,128.050,31092e1e-9ecd-44ca-b7a5-f92845e0e57a
2026-07-22T15:24:43.374Z,POST,/cars/,200,1,127.653,1c916ed6-b0ff-40c3-9fc1-cc7b561fb84d
2026-07-22T15:24:43.376Z,POST,/customers/,200,1,138.633,fa421f9b-0731-48c2-af05-1a61f4d94cf7
2026-07-22T15:24:43.385Z,POST,/work/,200,1,130.574,f032567f-27b5-4eaa-8ccd-b89fda554afe
2026-07-22T15:24:43.412Z,PATCH,/work/change-title,200,1,174.090,32197003-5656-40c2-b88f-e750396dbf94
2026-07-22T15:24:43.414Z,PATCH,/workers/change-hourly-rate,200,1,175.275,11e8de30-785f-495e-9936-e6b17e3e786f
2026-07-22T15:24:43.129Z,POST,/orders/,200,1,475.281,6d49a12c-c853-4299-a728-daddb0b38c45
2026-07-22T15:24:43.416Z,POST,/customers/,200,1,204.102,4b76c378-230c-4627-9126-898833213601
2026-07-22T15:24:43.425Z,POST,/work/,200,1,208.368,9ca432db-b87b-4147-a54d-cfc69dd1f6bc
2026-07-22T15:24:43.437Z,POST,/workers/,200,1,207.934,af22ec6c-79eb-4eb1-87ce-3f0fb6c3383f
2026-07-22T15:24:43.133Z,POST,/orders/,200,1,515.846,bb026353-4dc3-4c36-9f8f-0b04b6b1dae9
2026-07-22T15:24:43.139Z,POST,/work/,200,1,509.995,9d18c465-ea6d-419a-b3f6-2c237570ae46
2026-07-22T15:24:43.478Z,POST,/workers/,200,1,174.796,2aeed84e-ef76-43ad-9c59-dc3bff5a8fc0
2026-07-22T15:24:43.442Z,POST,/work/,200,1,211.006,fa997ad2-b2df-4766-b310-925746a51219
2026-07-22T15:24:43.464Z,PATCH,/work/change-description,200,1,189.336,612f35ef-5a99-476d-812d-bae5c64b7b0e
2026-07-22T15:24:43.474Z,POST,/work/,200,1,178.687,17541a3f-1e8b-4246-b8c6-c97c4a44a41b
2026-07-22T15:24:43.497Z,POST,/work/,200,1,157.863,b061c932-2081-4356-8a83-de59043ab43f
2026-07-22T15:24:43.485Z,PATCH,/work/set-estimate,200,1,169.314,c9cb471c-09e0-4d05-981f-3623e73f5121
2026-07-22T15:24:43.532Z,POST,/workers/,200,1,134.701,591e3612-0df1-4289-bc85-edaab7634733
2026-07-22T15:24:43.539Z,PATCH,/work/set-estimate,200,1,131.934,5b946fb9-770c-46c3-aaaa-d48d0c2b0038
2026-07-22T15:24:43.538Z,POST,/customers/,200,1,133.316,89f4e573-aab2-4447-875b-edbbb3434ff5
2026-07-22T15:24:37.934Z,GET,/customers/?page=1&pageSize=10,200,1,5737.779,5d3cfd7c-aebf-4024-8d40-ca6bb7bb99fd
2026-07-22T15:24:43.546Z,PATCH,/workers/change-role,200,1,136.975,3bddd1e1-4b89-49ce-8174-a34054787f42
2026-07-22T15:24:43.548Z,POST,/users/,200,1,134.656,0ff63799-edd6-4070-b9e3-8015fe321ca1
2026-07-22T15:24:43.558Z,POST,/cars/,200,1,135.663,a7c70004-f9de-42b8-bd9d-4b2e2fa25217
2026-07-22T15:24:39.146Z,GET,/users/?page=1&pageSize=10,200,1,4568.377,9d52fcc7-7d2d-44a4-b708-71f216bd43fc
2026-07-22T15:24:43.587Z,POST,/users/,200,1,128.706,e47772a3-88a3-49b3-9080-fe021f6bd614
2026-07-22T15:24:43.595Z,POST,/cars/,200,1,132.556,f9a68828-08bd-442b-bbfe-e313c89a789c
2026-07-22T15:24:43.605Z,POST,/cars/,200,1,126.214,3e0a96e2-75c8-47e2-a06f-10255f3ecf35
2026-07-22T15:24:38.810Z,GET,/work/?page=1&pageSize=10,200,1,4927.252,70d32a55-a7aa-4def-8880-4066e2aea0f1
2026-07-22T15:24:43.628Z,POST,/users/,200,1,121.529,7a3b9164-5a9d-4bb5-b835-385a30ada6a8
2026-07-22T15:24:43.635Z,POST,/customers/,200,1,124.383,fe1b550c-5c3d-4b5b-86f7-b1e78e63f83f
2026-07-22T15:24:39.906Z,GET,/cars/?page=1&pageSize=10,200,1,3860.530,982cace9-a665-45e9-a5db-6da78093fd09
2026-07-22T15:24:43.646Z,POST,/customers/,200,1,136.150,daf79924-3c11-45b0-9363-9a7a54088928
2026-07-22T15:24:37.439Z,GET,/workers/?page=1&pageSize=10,200,1,6373.422,cfe5968a-122a-4353-bbd4-a7b26ed654b2
2026-07-22T15:24:43.690Z,POST,/users/,200,1,136.720,c0c10953-d365-48ae-ab2a-5afd8d238556
2026-07-22T15:24:43.705Z,POST,/users/,200,1,128.588,a5708fae-f11c-4bc0-86b3-da00ce665c28
2026-07-22T15:24:43.588Z,PATCH,/workers/change-hourly-rate,200,1,254.209,bddaa6f9-0233-4332-a2a3-e6a6c25fa28c
2026-07-22T15:24:43.719Z,PATCH,/cars/record-mileage,200,1,122.645,de926cd1-2eb0-43ec-9ae9-efd1e7743626
2026-07-22T15:24:43.715Z,POST,/customers/,200,1,135.965,94395bd1-2dc1-4f84-85cd-c3e223e05389
2026-07-22T15:24:42.321Z,GET,/cars/?page=1&pageSize=10,200,1,1541.604,db3cbba2-c258-4666-9444-86e45b3ad896
2026-07-22T15:24:43.725Z,POST,/orders/,200,1,137.570,f097c75d-d872-46fb-ab8d-c24d10f5b87f
2026-07-22T15:24:43.736Z,POST,/workers/,200,1,134.375,7e3c52cf-eff7-4aa2-b2bc-188812e3dc18
2026-07-22T15:24:40.211Z,GET,/users/?page=1&pageSize=10,200,1,3660.653,27297162-2bd2-4486-bc66-e12a2e92863a
2026-07-22T15:24:43.606Z,POST,/work/,200,1,266.888,8e9ce0a8-7e74-4f6a-b29b-5a9befe9df71
2026-07-22T15:24:42.773Z,GET,/orders/?page=1&pageSize=10,200,1,1100.687,7527e88d-afa7-46d3-bc3e-b9177cc01d82
2026-07-22T15:24:43.614Z,POST,/workers/,200,1,261.617,343a6430-6b88-45ac-9da6-6e46c3ff462b
2026-07-22T15:24:43.748Z,POST,/orders/,200,1,128.933,f9cea2a2-97a3-4169-85ef-e2333b20a37a
2026-07-22T15:24:43.616Z,POST,/users/,200,1,261.266,6f786f51-8228-4fee-accb-1fbd87c3c87a
2026-07-22T15:24:43.617Z,PATCH,/orders/set-priority,200,1,268.691,ebbe1cbb-9c2c-40d1-8b22-54996d483819
2026-07-22T15:24:41.373Z,GET,/work/?page=1&pageSize=10,200,1,2515.128,b337b2ed-9047-43c0-9e7d-a5a89c5a2d0a
2026-07-22T15:24:43.753Z,PATCH,/work/set-estimate,200,1,139.679,f4995731-2b05-43e8-96e5-fa7181d3e1ec
2026-07-22T15:24:43.637Z,POST,/work/,200,1,265.152,3ad420b3-d923-4cba-b8d8-ed5f6cf809c8
2026-07-22T15:24:43.770Z,POST,/customers/,200,1,146.609,ab4f64cb-2a6b-4249-a599-86dc57c1ccde
2026-07-22T15:24:43.647Z,POST,/cars/,200,1,269.557,9860969b-0947-4ede-b395-b473ec554251
2026-07-22T15:24:43.778Z,POST,/cars/,200,1,147.535,8249f10a-b00b-4452-a9a5-814a019d2ca3
2026-07-22T15:24:43.780Z,POST,/users/,200,1,145.577,52c6a6e3-9f2b-4b15-879b-58dbc75184d5
2026-07-22T15:24:43.789Z,PATCH,/users/change-password,200,1,136.775,a72ae3e1-e863-4874-a0c6-6f67480eb92d
2026-07-22T15:24:43.288Z,PATCH,/work/set-estimate,200,1,645.304,55250efd-7470-43e5-baee-b4de992c53bc
2026-07-22T15:24:38.362Z,GET,/customers/?page=1&pageSize=10,200,1,5574.229,eb9299ae-aed5-4c86-b5b0-667223f9ebc9
2026-07-22T15:24:42.284Z,GET,/users/?page=1&pageSize=10,200,1,1664.248,8135ea48-2853-4468-9aa1-d26827030a65
2026-07-22T15:24:40.543Z,GET,/workers/?page=1&pageSize=10,200,1,3420.048,1ec1a7c5-b34a-4149-8af6-b622b9eea7f0
2026-07-22T15:24:43.844Z,POST,/work/,200,1,126.949,d92bdbad-b220-4fb3-92b5-ad984c64cc58
2026-07-22T15:24:43.909Z,POST,/workers/,200,1,121.756,5bfe38cf-6af4-465e-8931-b9a504562c06
2026-07-22T15:24:43.911Z,POST,/workers/,200,1,127.725,99d25e55-8181-4983-afc4-80f7d6e0f15a
2026-07-22T15:24:43.803Z,POST,/users/,200,1,254.535,0745ce47-9e08-45c3-9882-ba8f161e9172
2026-07-22T15:24:43.810Z,PATCH,/orders/set-priority,200,1,254.359,e85e01f7-d098-4633-9fd8-83efded53e74
2026-07-22T15:24:43.823Z,POST,/work/,200,1,261.134,e78c60f2-2273-4462-af3e-52aa5d43863e
2026-07-22T15:24:43.830Z,POST,/cars/,200,1,260.294,d9c459e6-ea78-4f02-92ff-9bfa26fc0338
2026-07-22T15:24:43.961Z,POST,/workers/,200,1,137.292,ed3cfe3a-e761-4e13-9389-741cc623918e
2026-07-22T15:24:43.964Z,POST,/work/,200,1,136.075,65da92b3-b862-44bb-978a-09e32b3b43bb
2026-07-22T15:24:43.282Z,GET,/cars/?page=1&pageSize=10,200,1,841.299,bbfe206f-9715-4b0f-9226-3e268ee6f111
2026-07-22T15:24:42.929Z,GET,/work/?page=1&pageSize=10,200,1,1202.723,dfcc0d17-153b-4676-8f3f-62ce3414f92d
2026-07-22T15:24:44.001Z,POST,/customers/,200,1,131.929,f9580d21-cd7a-486b-935d-eeb93052083a
2026-07-22T15:24:44.020Z,POST,/orders/,200,1,134.351,d9be69ed-215b-4fcb-a9a1-791dbacb4f72
2026-07-22T15:24:44.027Z,POST,/customers/,200,1,135.620,26e37ae3-0dac-41ff-a61b-bfd375e0044d
2026-07-22T15:24:44.032Z,PATCH,/workers/change-role,200,1,130.838,266f4068-eac0-466e-b18a-1ff59e7d84c4
2026-07-22T15:24:44.033Z,POST,/orders/,200,1,130.123,bfbc8fc4-54bb-43aa-bfa6-4c9efdbcb48c
2026-07-22T15:24:44.034Z,POST,/work/,200,1,128.926,57651ab7-acfa-496e-adda-5fbc54c37285
2026-07-22T15:24:37.884Z,GET,/cars/?page=1&pageSize=10,200,1,6288.790,92122629-6aec-4baf-88dd-6f944a7df8b5
2026-07-22T15:24:44.042Z,PATCH,/orders/set-priority,200,1,131.859,52f22903-ec33-49f9-91d7-6b324be14a3a
2026-07-22T15:24:44.040Z,POST,/workers/,200,1,133.444,307e6a02-e9ff-40b0-b7e9-83d9722447c8
2026-07-22T15:24:44.042Z,PATCH,/orders/set-priority,200,1,131.351,faa1b769-04a9-4e66-982a-909866ef6b32
2026-07-22T15:24:44.047Z,POST,/work/,200,1,126.963,337a298c-3796-4009-9adf-bcb56626d8a0
2026-07-22T15:24:44.069Z,POST,/users/,200,1,125.287,5f1eeb3d-d20c-4f08-875d-5f3e1d4ac773
2026-07-22T15:24:44.079Z,POST,/cars/,200,1,127.027,3f9d88b3-fb41-4978-a542-3faf8a78d626
2026-07-22T15:24:44.086Z,POST,/orders/,200,1,120.119,e77f58e7-13af-47e8-bb2a-b4bcc9c9d396
2026-07-22T15:24:44.080Z,POST,/customers/,200,1,132.353,1a146b8a-ffc3-4824-a6c2-98e14951b71e
2026-07-22T15:24:44.093Z,POST,/orders/,200,1,124.902,fe863559-44d6-4075-b42c-6419f34a9246
2026-07-22T15:24:36.377Z,GET,/cars/1a7b0566-29ff-49bf-83f1-bf831aec57e0,200,1,7847.240,6e98dc5f-ab17-46ad-b608-46760506c388
2026-07-22T15:24:43.740Z,POST,/users/,200,1,485.089,d07aa4d6-44b6-424b-951d-320a690c5245
2026-07-22T15:24:43.571Z,PATCH,/customers/rename,200,1,654.083,185931d0-74ff-4232-9d22-40dd01692f76
2026-07-22T15:24:43.570Z,POST,/users/,200,1,655.224,56ec6038-75d4-4552-b89d-40073354562b
2026-07-22T15:24:43.738Z,POST,/cars/,200,1,486.636,4cc68e94-d4d7-483a-bf4f-a598efc39128
2026-07-22T15:24:43.566Z,POST,/work/,200,1,659.325,530102fc-cacc-4535-8205-300a9dc72063
2026-07-22T15:24:44.103Z,POST,/workers/,200,1,122.683,a281d990-d6e0-4394-8ed3-9ff7815f7e36
2026-07-22T15:24:44.106Z,POST,/work/,200,1,129.971,150177d5-2e00-4d4c-ad5c-953aa7eef146
2026-07-22T15:24:44.125Z,POST,/work/,200,1,116.458,23032f39-ee4c-412c-a0d7-64abfd35450a
2026-07-22T15:24:44.134Z,PATCH,/workers/change-role,200,1,127.859,3f6e2631-a87c-4caf-86cd-c4be8f4bfd05
2026-07-22T15:24:44.129Z,PATCH,/orders/apply-discount,200,1,135.707,9711dfef-7502-45ba-977e-b62ccc7af49b
2026-07-22T15:24:44.138Z,PATCH,/workers/change-role,200,1,130.436,08ebf0cb-b798-46ab-860f-1d97ca655fbb
2026-07-22T15:24:43.618Z,POST,/workers/,200,1,658.784,b695e026-971d-4a20-bbd8-5ca255d7d2a7
2026-07-22T15:24:43.834Z,POST,/workers/,200,1,442.274,20ebd9dd-8eb0-4466-a174-684938432194
2026-07-22T15:24:44.154Z,POST,/orders/,200,1,122.291,d9afbaeb-1a8e-4552-a31b-f2ff309f4293
2026-07-22T15:24:43.561Z,GET,/work/?page=1&pageSize=10,200,1,721.626,9d4b1aa7-ea41-43d3-9db0-54edf7373c18
2026-07-22T15:24:42.302Z,GET,/orders/5289c1b0-38df-49b6-9002-dff50cf56471,200,1,1983.694,c30bd109-e8d2-4711-a850-f830a09ba158
2026-07-22T15:24:44.173Z,PATCH,/customers/change-contacts,200,1,143.201,16b2193d-8472-4752-8e6f-22f35b4b855a
2026-07-22T15:24:36.448Z,GET,/orders/2dc94baf-c1c7-4ac8-9c7e-b166161ca3ba,200,1,7898.173,708e1741-b7de-490d-8904-11c2d6557a5a
2026-07-22T15:24:39.803Z,GET,/users/4b0689f9-a594-4bcd-9469-b6541bdd2f14,200,1,4543.468,46be588f-dc9b-4fc9-af1d-a7beb3a46e10
2026-07-22T15:24:44.178Z,PATCH,/work/change-description,200,1,169.820,aebbc236-be58-43c6-b67b-8b828e51351f
2026-07-22T15:24:36.428Z,GET,/cars/?page=1&pageSize=10,200,1,7940.076,f6321c26-8c35-459d-9860-6468175e3f0f
2026-07-22T15:24:43.065Z,POST,/workers/,200,1,1303.403,32c582a3-9513-44e7-a79e-e791286ebaef
2026-07-22T15:24:44.368Z,POST,/users/,0,0,1.640,
2026-07-22T15:24:44.214Z,POST,/orders/,200,1,161.388,1af403bf-f745-4895-8b58-ce5a22328d61
2026-07-22T15:24:44.227Z,PATCH,/customers/rename,200,1,156.703,7de94aa9-9bb2-4a58-aad8-530744b778e9
2026-07-22T15:24:44.215Z,PATCH,/users/change-password,200,1,170.265,fe4dddde-024f-46a2-9113-60a18eda468d
2026-07-22T15:24:44.232Z,POST,/cars/,200,1,155.626,cad8e8c1-50fd-481e-8e0c-7b933d63c629
2026-07-22T15:24:44.142Z,PATCH,/work/set-estimate,200,1,250.795,617af43e-11a3-4812-88b5-8e15d7798d41
2026-07-22T15:24:44.150Z,PATCH,/customers/rename,200,1,243.313,e49dae63-4f12-49c4-9e68-4e76c95f466e
2026-07-22T15:24:44.272Z,POST,/work/,200,1,121.101,c5d4edc3-381c-4dde-8b9a-f6c0cea6d88d
2026-07-22T15:24:44.268Z,PATCH,/customers/change-contacts,200,1,125.086,8502a5c3-54f8-4f2a-bead-c282f0179e18
2026-07-22T15:24:44.156Z,POST,/workers/,200,1,245.996,aee3a15c-6996-436d-8f4b-47a269dfbcb8
2026-07-22T15:24:44.161Z,POST,/users/,200,1,245.198,ef7da87c-356d-4d4b-980d-772d4ef2d64c
2026-07-22T15:24:39.647Z,GET,/users/da0a8089-6eab-45b0-86e0-bf1f9e6ea9e3,200,1,4766.318,47098942-6338-4c79-8683-86b1e7de07f4
2026-07-22T15:24:44.283Z,PATCH,/workers/change-role,200,1,137.755,584d06bd-d4dc-453a-8605-bc6c361e3114
2026-07-22T15:24:44.304Z,POST,/work/,200,1,120.052,955d1d90-b025-431a-a0a2-e91ca724f456
2026-07-22T15:24:44.183Z,POST,/customers/,200,1,252.482,50c11063-5622-4b49-934e-64571772137e
2026-07-22T15:24:43.984Z,POST,/workers/,200,1,451.692,f0f80081-9edc-4b65-bc42-8665304bd382
2026-07-22T15:24:44.316Z,POST,/users/,200,1,119.143,262f21b6-d7a1-48db-bf29-d072985f3247
2026-07-22T15:24:42.066Z,GET,/cars/?page=1&pageSize=10,200,1,2370.139,fa7dfdb1-7ebd-4376-a426-766ec8265a02
2026-07-22T15:24:44.328Z,POST,/workers/,200,1,124.299,5794995f-6d75-48f7-af00-cc36ce5a74d6
2026-07-22T15:24:44.331Z,POST,/workers/,200,1,121.617,03e13da6-c070-4a3c-8a75-a07e94d3bbc1
2026-07-22T15:24:44.010Z,PATCH,/orders/set-priority,200,1,462.243,03992365-b19a-4fd3-a8a9-8c52124d4c41
2026-07-22T15:24:44.008Z,PATCH,/workers/change-hourly-rate,200,1,463.961,b79e388f-b60d-42b1-b13e-5166c3b07aff
2026-07-22T15:24:43.820Z,POST,/users/,200,1,652.336,f66c7ae4-b3eb-41da-9def-6d598cbee96e
2026-07-22T15:24:44.358Z,POST,/workers/,200,1,125.213,5e29dfe4-c4ea-40c8-a4f8-3820aea5b5c5
2026-07-22T15:24:44.351Z,PATCH,/users/change-password,200,1,132.875,5a632850-38d3-4617-ba16-441f6ce5372b
2026-07-22T15:24:44.363Z,POST,/users/,200,1,131.289,1348e662-1a8b-4149-8be4-286a2e3f336f
2026-07-22T15:24:44.359Z,PATCH,/workers/change-role,200,1,142.335,f5bf64e8-8870-4415-8115-62681f97da4e
2026-07-22T15:24:38.879Z,GET,/cars/?page=1&pageSize=10,200,1,5627.437,a05f4b96-9d55-469a-a80d-1b9395f48217
2026-07-22T15:24:44.399Z,PATCH,/customers/change-contacts,200,1,135.213,5d07e162-d5a8-4564-9023-e3217098e5e0
2026-07-22T15:24:44.435Z,PATCH,/users/change-password,200,1,119.799,c7c02141-72a4-4501-a679-bd7dd15497ce
2026-07-22T15:24:44.439Z,POST,/cars/,200,1,115.500,46a7b7c0-2d57-48d0-9c53-e7e9f253d3b4
2026-07-22T15:24:41.435Z,GET,/users/8182dc5d-c833-497c-ab0e-a40cea486c65,200,1,3159.652,e1a2ae45-48f7-416b-a68f-69b39ef9ae57
2026-07-22T15:24:40.302Z,GET,/workers/c9c98739-d5f6-4f45-ad0b-467472434369,200,1,4328.316,eaad6d58-f772-4db4-aede-5cc60a4f9381
2026-07-22T15:24:39.250Z,GET,/work/bd85da7f-41c4-48f8-b409-fac8ecf93584,200,1,5389.580,0a10d357-0d1a-4b59-84d0-9aded9380a8a
2026-07-22T15:24:44.459Z,POST,/workers/,200,1,180.467,7a33ecc1-0eea-4167-9fc2-76fdd15faab3
2026-07-22T15:24:44.475Z,POST,/workers/,200,1,165.157,5fa26a80-35e0-49a4-b3da-8d8b1bdadc09
2026-07-22T15:24:44.461Z,PATCH,/work/set-estimate,200,1,178.691,d4737375-cc8c-4d9f-adfb-f46e1ac4a76d
2026-07-22T15:24:44.480Z,POST,/workers/,200,1,169.340,9aafc344-4ec4-45b9-b050-e74befefe6a8
2026-07-22T15:24:44.494Z,POST,/workers/,200,1,161.125,03deb5d3-bd70-4919-9c0c-c4862fe2c160
2026-07-22T15:24:44.475Z,POST,/cars/,200,1,179.870,62801e40-6291-45d6-9362-1587e4d1e9f6
2026-07-22T15:24:44.513Z,POST,/orders/,200,1,150.637,b856dd0d-4a6a-4bdf-845b-c6a80e1eca64
2026-07-22T15:24:44.498Z,POST,/cars/,200,1,170.915,c4d55198-3f7f-42b3-866b-6a4086997228
2026-07-22T15:24:44.501Z,PATCH,/workers/change-role,200,1,167.347,99368e12-375e-48e4-b443-09ad09dfdb82
2026-07-22T15:24:44.381Z,POST,/orders/,200,1,288.011,07f16c5f-faec-4a5e-a8e5-03a3e14348c7
2026-07-22T15:24:44.515Z,PATCH,/work/change-title,200,1,162.542,12e4b9f1-7019-456a-ae79-fa9d88f6cbff
2026-07-22T15:24:44.494Z,PATCH,/cars/record-mileage,200,1,191.132,adee2bf8-70cc-4131-b78d-3602c16bc91e
2026-07-22T15:24:44.523Z,POST,/cars/,200,1,164.254,f665a17b-0c62-480b-b735-15333603740e
2026-07-22T15:24:44.532Z,POST,/work/,200,1,155.621,ebefa8e9-68c3-4982-a15a-55c96a9fef70
2026-07-22T15:24:38.042Z,GET,/workers/?page=1&pageSize=10,200,1,6647.763,89d97d98-602f-459c-b27d-4a771756578f
2026-07-22T15:24:44.537Z,POST,/orders/,200,1,153.531,d737a97f-2e7d-42c9-9e9b-9ed1b6399402
2026-07-22T15:24:44.539Z,POST,/cars/,200,1,151.504,630e7e03-1789-4386-a203-7369cf910b1b
2026-07-22T15:24:44.556Z,PATCH,/work/set-estimate,200,1,146.667,e0a85073-e87c-4611-821b-957890f2dae4
2026-07-22T15:24:44.568Z,POST,/workers/,200,1,137.276,2653acd2-25be-40f1-8832-3206b0b3c9b3
2026-07-22T15:24:44.256Z,PATCH,/work/change-description,200,1,449.533,5d6f95fc-fa42-4ff1-9738-cd2917c09ea1
2026-07-22T15:24:44.187Z,POST,/users/,200,1,545.681,63beba28-510e-4774-a092-0aabba38a571
2026-07-22T15:24:44.185Z,POST,/users/,200,1,547.615,bf422eb8-ec45-4a34-ac61-e3961e91c55c
2026-07-22T15:24:43.793Z,GET,/orders/?page=1&pageSize=10,200,1,947.593,36d37d4f-a1e0-4ec1-857d-baa568ece119
2026-07-22T15:24:44.642Z,POST,/workers/,200,1,124.405,3e896e39-38d9-4306-b987-fcdbc989aad7
2026-07-22T15:24:44.644Z,POST,/cars/,200,1,128.884,c1d86f10-c455-4e96-aa13-20a58124f469
2026-07-22T15:24:44.647Z,POST,/workers/,200,1,130.022,14edd541-c9f6-4565-8757-4d5acbbd83c2
2026-07-22T15:24:44.657Z,POST,/users/,200,1,124.816,a0a8d8d8-f797-4032-abce-c67cce36c592
2026-07-22T15:24:42.417Z,GET,/work/a0396aa6-e76b-4aa6-bef2-586ff0756f83,200,1,2367.949,ac63c603-e1d6-47e0-9036-02aa5b9ce7aa
2026-07-22T15:24:44.667Z,PATCH,/orders/set-priority,200,1,131.223,c997c793-5517-43c6-8a0e-3e2b8e759f71
2026-07-22T15:24:43.973Z,POST,/customers/,200,1,825.019,34e31148-5270-4470-90df-ddeab3153553
2026-07-22T15:24:44.131Z,GET,/customers/5263d3ee-6ab8-4380-890a-8bb9aa3cde65,200,1,691.453,2efb6b74-d127-4ca8-b179-9c20995ce783
2026-07-22T15:24:36.821Z,GET,/orders/?page=1&pageSize=10,200,1,8004.694,b432d505-7e44-49ea-8ebe-ad0a8b632ccc
2026-07-22T15:24:44.692Z,POST,/workers/,200,1,138.977,f57f18e6-45d8-488e-941c-f0a960127340
2026-07-22T15:24:44.693Z,POST,/cars/,200,1,143.385,1e30f572-95e4-491b-9373-3a1e415acd4d
2026-07-22T15:24:44.700Z,POST,/users/,200,1,136.393,6f9b3e28-c61d-49ba-b539-c330cc29e828
2026-07-22T15:24:44.573Z,PATCH,/workers/change-role,200,1,271.047,daf679e9-1b11-4a03-a999-4638bd481df3
2026-07-22T15:24:44.581Z,POST,/work/,200,1,263.033,4eb8ccca-73ac-419e-918d-9cb6a18ced24
2026-07-22T15:24:44.593Z,POST,/work/,200,1,254.300,453e8e08-da5b-4f17-bd9a-e22faa974a7e
2026-07-22T15:24:44.723Z,POST,/orders/,200,1,127.026,396cef3c-5da1-4d3f-a7c6-87a6f0326f28
2026-07-22T15:24:44.610Z,POST,/orders/,200,1,242.126,103c06a2-bc1b-49f9-8eee-f9c373093817
2026-07-22T15:24:44.401Z,PATCH,/customers/change-contacts,200,1,453.353,b2aab35b-1492-498d-9b5e-19609124f61a
2026-07-22T15:24:41.505Z,GET,/workers/57b99061-1d56-491b-a066-be1bfa183361,200,1,3351.188,8bb544b5-c431-4a07-8a6f-09633e768371
2026-07-22T15:24:44.614Z,POST,/workers/,200,1,245.584,a19db461-fe5b-4839-9a62-a0110d584ef0
2026-07-22T15:24:44.612Z,POST,/users/,200,1,247.789,f563672a-68b9-4c8d-9eb6-a0566082fc01
2026-07-22T15:24:44.739Z,PATCH,/workers/change-hourly-rate,200,1,120.700,fccf7827-e550-4322-b127-cacbb3509106
2026-07-22T15:24:36.508Z,GET,/work/?page=1&pageSize=10,200,1,8359.120,e56cc39f-bdb5-4434-93c7-7101529bfddd
2026-07-22T15:24:43.809Z,GET,/users/?page=1&pageSize=10,200,1,1082.913,bd3c5b18-7bfe-4ebb-9c1d-01409cf6bdfd
2026-07-22T15:24:44.766Z,POST,/workers/,200,1,126.413,5c906b8b-9c15-41ee-97ca-1f5fa6f3a1d9
2026-07-22T15:24:44.763Z,POST,/cars/,200,1,129.383,6505314b-25ea-4f3e-b85a-dc1860df33bc
2026-07-22T15:24:44.436Z,POST,/workers/,200,1,456.073,ec47c67f-8c7d-4cc0-a935-d2d59d46f60b
2026-07-22T15:24:44.433Z,POST,/cars/,200,1,459.827,ea437fb8-40b4-4656-bdf7-8e7e97864812
2026-07-22T15:24:44.765Z,POST,/workers/,200,1,127.867,a348d3e4-2e46-4744-ada2-0020c5f85e84
2026-07-22T15:24:42.761Z,GET,/work/69632f52-bb29-45bc-8d0a-9e01d3ede5a4,200,1,2138.131,40b9b21a-6315-4946-ac19-3e99cb83d6be
2026-07-22T15:24:44.773Z,POST,/workers/,200,1,135.542,6edb36e1-0f0c-42f7-a2f8-6b39f4db7065
2026-07-22T15:24:44.773Z,POST,/workers/,200,1,135.038,760a880f-6e1b-4cf1-9cd3-61de787a8490
2026-07-22T15:24:39.065Z,GET,/users/?page=1&pageSize=10,200,1,5854.633,3fbfa27e-1af7-40d8-9510-dbc1199f579e
2026-07-22T15:24:44.781Z,POST,/workers/,200,1,148.563,1c5d3e0c-9410-413f-bf34-fd8707f8ed44
2026-07-22T15:24:44.791Z,POST,/orders/,200,1,138.013,d7648c0c-e9b1-4892-a159-5369ca9e286d
2026-07-22T15:24:40.307Z,GET,/workers/fd06f706-9d91-4bc1-9bc2-ee87ea816ff7,200,1,4665.021,40dfe684-bea2-4c85-aa46-a27bb7b06e9e
2026-07-22T15:24:44.842Z,POST,/work/,200,1,179.866,725a858f-4b49-4108-8532-aca50f992e87
2026-07-22T15:24:44.819Z,POST,/users/,200,1,203.333,70c86044-81f0-41db-85d1-53341cb6bb00
2026-07-22T15:24:44.828Z,PATCH,/workers/change-role,200,1,195.171,2eece564-1e89-494d-8fc0-0eea118a6764
2026-07-22T15:24:44.860Z,POST,/customers/,200,1,173.707,c979c31f-33c3-4643-b923-cb8584c18e72
2026-07-22T15:24:41.736Z,GET,/orders/16884def-3b51-4008-8601-341efea93af6,200,1,3310.147,1ca93ca8-f5d1-4778-a2ff-66136daab38f
2026-07-22T15:24:44.891Z,PATCH,/customers/change-contacts,200,1,154.927,4bc7b982-ab5a-48a8-ab1d-8787d8e7f73b
2026-07-22T15:24:44.900Z,POST,/users/,200,1,146.535,024ad4bd-4462-454d-8a2b-7372f8e651ae
2026-07-22T15:24:44.919Z,POST,/workers/,200,1,127.820,baa005a0-599c-4bd5-bcae-b56358e8b349
2026-07-22T15:24:44.896Z,POST,/work/,200,1,150.226,712d8a00-5898-427d-9bea-cca0da9473e8
2026-07-22T15:24:44.897Z,POST,/cars/,200,1,149.412,797b9889-45e3-489d-b1d9-8a39a9702f99
2026-07-22T15:24:43.489Z,GET,/orders/7d61ebbd-86cd-47b2-bb3c-8928fb8ec3f9,200,1,1561.138,5f08c71c-300b-4e35-b089-cd7235182cc8
2026-07-22T15:24:44.924Z,POST,/orders/,200,1,141.320,56e7a228-67d0-4c5c-a39c-9fdcfa6c8d95
2026-07-22T15:24:44.937Z,POST,/workers/,200,1,157.601,01452a7e-d739-4fe5-86dc-dca7059c1ddb
2026-07-22T15:24:44.949Z,POST,/orders/,200,1,147.383,a1382f84-235e-4734-8a4a-7e103740dc16
2026-07-22T15:24:40.967Z,GET,/work/?page=1&pageSize=10,200,1,4135.764,370e633b-c554-4870-9cb8-39af68567893
2026-07-22T15:24:44.947Z,PATCH,/workers/change-role,200,1,156.706,504a871d-a58c-41e1-aa29-08415fa8b60a
2026-07-22T15:24:44.950Z,POST,/workers/,200,1,158.859,1a570e1a-8833-45cf-a6a8-273ecfc3a2ce
2026-07-22T15:24:44.983Z,POST,/customers/,200,1,131.903,0488ce46-da0b-4aad-b3b2-f0a8bfea5582
2026-07-22T15:24:44.962Z,PATCH,/cars/record-mileage,200,1,170.166,e4f41771-f60a-412b-a145-976a30472807
2026-07-22T15:24:43.091Z,GET,/workers/a6521b3e-a512-42f0-b8da-206565a3e271,200,1,2046.767,ffac1449-28c5-4344-a480-e7bf8029cc69
2026-07-22T15:24:37.767Z,GET,/workers/50d269c5-f3bf-408f-b2ec-e6e06546fb59,200,1,7379.651,05ac070c-78a4-4f1a-b952-677b9db0bf23
2026-07-22T15:24:45.005Z,POST,/cars/,200,1,147.715,2d14a57a-ee3f-417b-89ef-826d1e41c174
2026-07-22T15:24:45.030Z,PATCH,/work/change-description,200,1,141.739,6724da0d-e98a-4844-9eba-592f837fdf64
2026-07-22T15:24:45.029Z,POST,/cars/,200,1,142.845,3332dca6-fddb-4594-874c-1c5e9c413745
2026-07-22T15:24:45.051Z,PATCH,/work/change-description,200,1,148.055,37db1348-9304-4bed-a05c-f56df83fba5a
2026-07-22T15:24:45.054Z,POST,/work/,200,1,152.547,f6b67cd0-6aa7-43ae-9b61-10d1319b24c1
2026-07-22T15:24:43.806Z,GET,/orders/?page=1&pageSize=10,200,1,1424.691,c0ad23cf-d3bc-474e-8eca-5cbcf4edb7d7
2026-07-22T15:24:45.066Z,POST,/users/,200,1,167.960,3c21479b-cacf-4909-8b98-bb019cbe348e
2026-07-22T15:24:45.088Z,POST,/orders/,200,1,145.836,e47fb897-cd5d-449e-859a-d202e8571234
2026-07-22T15:24:45.054Z,POST,/customers/,200,1,180.342,9d179907-7b76-496d-9c8a-7fa05fecd013
2026-07-22T15:24:45.096Z,POST,/orders/,200,1,138.374,c7c197e5-f2e9-4b33-a42f-0c97efbaecfd
2026-07-22T15:24:45.112Z,PATCH,/users/change-password,200,1,135.627,cdb0e614-4ece-4970-be36-142f511fbdd0
2026-07-22T15:24:45.115Z,PATCH,/orders/apply-discount,200,1,133.499,cdfcad65-fb3a-4655-8f89-28852f9f8b1f
2026-07-22T15:24:45.150Z,POST,/customers/,200,1,134.074,365b7a6d-a3e8-4486-bb30-15f642755318
2026-07-22T15:24:45.152Z,PATCH,/customers/rename,200,1,132.763,9711ecbc-9e24-4ab8-8316-2216765e326c
2026-07-22T15:24:41.036Z,GET,/users/13da222d-a05c-480d-aa16-4345557fe462,200,1,4262.294,aef63d80-ef43-48e4-8209-ec2c2def67f4
2026-07-22T15:24:45.167Z,POST,/users/,200,1,133.966,d5aaaec4-a0e4-462d-bd7a-e946bcd7a234
2026-07-22T15:24:45.169Z,POST,/workers/,200,1,132.180,1744d950-c41b-45e0-a1e2-08e6098413b7
2026-07-22T15:24:45.174Z,POST,/orders/,200,1,133.193,99734a90-b6ea-4f6d-aee7-1dd2cc47c55e
2026-07-22T15:24:45.177Z,PATCH,/work/change-description,200,1,136.467,be8f8fe7-cb7b-4a9c-a09b-0a621c282094
2026-07-22T15:24:45.185Z,PATCH,/users/change-password,200,1,128.678,f3d7a3f5-316b-4e57-b3ab-9b4ee6d6898a
2026-07-22T15:24:45.183Z,PATCH,/work/change-description,200,1,136.323,ad3aeda1-b738-479c-a299-904c02c723b8
2026-07-22T15:24:45.191Z,PATCH,/orders/apply-discount,200,1,128.630,80250766-fde3-4566-ba53-ba4b7a3c7c9f
2026-07-22T15:24:45.207Z,POST,/customers/,200,1,126.611,1dc423dc-e99a-4470-a701-7eefe97a9a37
2026-07-22T15:24:44.885Z,PATCH,/workers/change-hourly-rate,200,1,448.795,71c09e65-a9e0-4f5c-b1ae-263fdbb213d4
2026-07-22T15:24:38.904Z,GET,/orders/c19dd24b-19bd-43d4-9eb2-dfa6ca034019,200,1,6433.945,89c35ce1-d22c-490c-a670-f9caf2bd695f
2026-07-22T15:24:41.069Z,GET,/orders/?page=1&pageSize=10,200,1,4279.468,96237725-3f7b-4004-9167-738b4114b854
2026-07-22T15:24:45.231Z,POST,/workers/,200,1,125.412,f590ec62-c754-42ea-a8d4-47f22d1b580e
2026-07-22T15:24:45.236Z,POST,/work/,200,1,120.970,bca7799b-147b-4eb3-9b8c-1c52b5b0c32f
2026-07-22T15:24:45.243Z,POST,/workers/,200,1,120.314,6a312e8f-430b-4685-81cb-adeb0621633d
2026-07-22T15:24:43.011Z,GET,/orders/?page=1&pageSize=10,200,1,2354.082,cbc3323c-2c14-4844-bebb-56941bbcdc4a
2026-07-22T15:24:44.823Z,POST,/users/,200,1,550.012,8dfd68ad-e172-4a34-a126-43b6d54f2fcf
2026-07-22T15:24:45.255Z,POST,/work/,200,1,130.445,902a4571-22f3-4e59-a254-002416147b95
2026-07-22T15:24:45.255Z,POST,/work/,200,1,130.005,d35e16f7-1f08-491c-80b3-778323fd33d6
2026-07-22T15:24:44.184Z,GET,/customers/45aeca88-7768-4f69-aa2f-7567b5c58763,200,1,1205.858,0a4120e0-146c-41ad-8866-a8df704eacf9
2026-07-22T15:24:45.267Z,PATCH,/workers/change-role,200,1,126.086,ff3ee533-0b7b-4419-8c51-89079de0c284
2026-07-22T15:24:44.866Z,PATCH,/work/set-estimate,200,1,536.839,da444812-bc2a-46a4-870f-c175e07a4e2c
2026-07-22T15:24:44.847Z,POST,/workers/,200,1,555.817,a3c5ce43-b7d2-45fc-a362-fb8b8044856b
2026-07-22T15:24:44.837Z,POST,/customers/,200,1,566.335,b3e5f289-26b7-4dba-9c05-32c2fcefda22
2026-07-22T15:24:45.285Z,POST,/workers/,200,1,118.738,c32d281f-4cc7-4d7b-b0e7-99f6cab4a60e
2026-07-22T15:24:45.300Z,POST,/users/,200,1,125.596,42b447cd-63cd-41b1-a888-80623e0b0cf4
2026-07-22T15:24:45.192Z,POST,/customers/,200,1,235.325,c12184c5-0785-409d-aca6-e52ea3a5d1ee
2026-07-22T15:24:45.196Z,POST,/work/,200,1,230.919,6027d3a0-5a02-4144-a345-ef26e1e412fc
2026-07-22T15:24:43.564Z,GET,/customers/18adaffc-9ba6-4d50-bf43-b429ac040aa1/with-cars,200,1,1868.771,0ae36fa0-ca47-4e5c-b260-84b516dfc531
2026-07-22T15:24:45.326Z,POST,/users/,200,1,120.645,abe93fea-249d-43dd-82ff-0d0f9fdb89b5
2026-07-22T15:24:45.328Z,POST,/workers/,200,1,118.241,a27a825c-a979-4ac4-a5f5-fec9c08baf1a
2026-07-22T15:24:45.013Z,PATCH,/work/change-description,200,1,434.466,27d2e3a6-dfad-4a66-9c59-f44bdf773e49
2026-07-22T15:24:39.037Z,GET,/cars/?page=1&pageSize=10,200,1,6437.413,0a820550-c5fc-421b-be51-56e809504fc4
2026-07-22T15:24:39.368Z,GET,/users/?page=1&pageSize=10,200,1,6109.181,2347bb22-c120-4021-a2b5-7204d3957034
2026-07-22T15:24:45.332Z,POST,/users/,200,1,146.063,58ba1b69-5e43-45a6-9ab8-54c21c4d3bec
2026-07-22T15:24:45.339Z,PATCH,/work/change-description,200,1,161.701,9ec92539-dad4-437a-85ce-8a38fba2b9f7
2026-07-22T15:24:45.216Z,POST,/work/,200,1,284.260,87250ad4-7378-4f47-8386-5853be832078
2026-07-22T15:24:44.985Z,POST,/orders/,200,1,515.442,58e437c9-25fa-4426-97d1-0e26374ba4c1
2026-07-22T15:24:45.356Z,POST,/cars/,200,1,147.170,28bad317-7bce-4661-bc11-70c303f62341
2026-07-22T15:24:45.357Z,PATCH,/work/change-title,200,1,149.259,31857665-75ce-4e26-b4d3-746342bad1de
2026-07-22T15:24:42.207Z,GET,/work/?page=1&pageSize=10,200,1,3301.972,0356dce6-fa07-453d-a276-ef75a2b41121
2026-07-22T15:24:45.220Z,POST,/customers/,200,1,289.984,79c449c3-e635-4b89-8117-1140f82faa4b
2026-07-22T15:24:45.394Z,PATCH,/workers/change-hourly-rate,200,1,132.546,dc4f3176-bd77-482e-a76d-7e788e2bff90
2026-07-22T15:24:45.398Z,POST,/cars/,200,1,130.048,8fde9ec5-69c4-404e-bcea-f66a4519e6ea
2026-07-22T15:24:45.400Z,POST,/orders/,200,1,131.682,865f5dc9-1c66-4458-b5ca-ae48c3694184
2026-07-22T15:24:44.472Z,GET,/workers/?page=1&pageSize=10,200,1,1082.731,f7f8e0da-1f16-47e3-90f1-2eb8c33e1371
2026-07-22T15:24:45.429Z,POST,/users/,200,1,131.531,a89c4f75-d8e0-4254-b538-b21e7e4abec1
2026-07-22T15:24:41.670Z,GET,/customers/54d1b453-b6a3-4dd9-b860-6f15be0caa03/with-cars,200,1,3893.095,2fdb2898-73e8-446f-8399-f372f42001c3
2026-07-22T15:24:40.935Z,GET,/users/a2ce7210-1e04-4baa-b211-ad3356e43330,200,1,4642.642,96562d03-9e4e-4f63-a0db-f3ccba43a2a4
2026-07-22T15:24:45.442Z,PATCH,/orders/set-priority,200,1,137.278,811905ba-f64b-4168-92c4-4601f0dee39d
2026-07-22T15:24:45.445Z,POST,/work/,200,1,134.353,49b6edc6-341c-45b8-8942-b3fd42d6cfd6
2026-07-22T15:24:45.466Z,POST,/workers/,200,1,123.371,0ebe9948-4f2d-4819-8356-d663d4b387d2
2026-07-22T15:24:45.460Z,POST,/cars/,200,1,138.247,8c47e80a-8870-41b5-a90d-98ad8c3dfe1f
2026-07-22T15:24:45.481Z,GET,/customers/e69b1530-bfcb-44d1-b84a-bcc6131fb6ad/with-cars,0,0,122.989,
2026-07-22T15:24:39.895Z,GET,/orders/57bb6f1e-43c7-4b1d-b768-8986cbaa3d0b,200,1,5709.100,fdd60204-0c83-4b97-b239-22a448374ac0
2026-07-22T15:24:45.471Z,POST,/orders/,200,1,144.927,bd0922c1-354b-4a67-924e-b7e6c21d3f84
2026-07-22T15:24:45.471Z,PATCH,/work/set-estimate,200,1,149.456,4ec69cd9-0ca0-4fef-ada5-9520ad421b31
2026-07-22T15:24:45.470Z,PATCH,/orders/set-priority,200,1,150.411,10786cd6-73e6-41fb-ba09-8228abb81bfc
2026-07-22T15:24:45.491Z,PATCH,/workers/change-hourly-rate,200,1,129.552,7933ba29-121b-4e41-b3a9-aa1bbf5ac9eb
2026-07-22T15:24:45.494Z,POST,/users/,200,1,126.706,ec0caf72-9fb0-4c82-8f86-1cb68a694139
2026-07-22T15:24:42.125Z,GET,/customers/a18bc9c4-bea1-4740-9c60-faeae16e7745/with-cars,200,1,3508.862,2fafba30-3c38-45dd-86c0-27e8486438cd
2026-07-22T15:24:45.502Z,POST,/cars/,200,1,133.685,e04adcff-3576-476e-9dda-0c1329f9f77b
2026-07-22T15:24:45.499Z,POST,/customers/,200,1,144.068,f5fbc938-c0bc-4ffe-875c-7be57262afcd
2026-07-22T15:24:45.515Z,POST,/users/,200,1,133.134,b549f01c-dc96-42f5-83e4-193d23142ce6
2026-07-22T15:24:45.519Z,POST,/customers/,200,1,136.064,88cbfa1d-2751-414d-a323-f44a5ac18b2e
2026-07-22T15:24:45.518Z,PATCH,/workers/change-hourly-rate,200,1,137.921,082ed2e9-d5bd-4aa8-bdaa-90958b1d2d56
2026-07-22T15:24:45.208Z,POST,/workers/,200,1,459.836,a68ad9e4-582c-418d-a3db-25da8b24cf60
2026-07-22T15:24:45.538Z,POST,/users/,200,1,129.791,332bd0fd-b789-4642-a97b-7aa0d93bea07
2026-07-22T15:24:44.962Z,GET,/orders/f896b4a8-b563-465e-9780-ac5d91ec5b97,200,1,715.550,bc789762-8021-435f-b96d-872c432be1f8
2026-07-22T15:24:45.548Z,POST,/work/,200,1,132.429,95504df5-a36c-4d2e-8d99-77f31c6575e6
2026-07-22T15:24:45.547Z,POST,/customers/,200,1,134.589,184d589d-dd87-4130-867f-c6fbb1b3fa96
2026-07-22T15:24:45.560Z,PATCH,/customers/rename,200,1,126.234,5cd7e292-83f9-4f12-9829-90be7ea95580
2026-07-22T15:24:45.567Z,POST,/customers/,200,1,126.454,1ffb8d3c-c2f4-4cf8-bc88-aa546c1ce242
2026-07-22T15:24:38.796Z,GET,/workers/?page=1&pageSize=10,200,1,6939.095,64aa271f-5d61-48a0-b9e9-d4559c70bb77
2026-07-22T15:24:45.736Z,POST,/cars/,0,0,1.968,
2026-07-22T15:24:38.911Z,GET,/orders/?page=1&pageSize=10,200,1,6869.633,d9cf263a-dff9-4710-9e88-8627103e520e
2026-07-22T15:24:45.782Z,POST,/work/,0,0,1.840,
2026-07-22T15:24:42.906Z,GET,/cars/?page=1&pageSize=10,200,1,2891.326,01bad58a-f621-4f72-98fa-54adc5bed179
2026-07-22T15:24:44.369Z,GET,/work/?page=1&pageSize=10,200,1,1439.503,aa93258d-d959-4ccb-874d-30728c5ff849
2026-07-22T15:24:44.223Z,GET,/work/?page=1&pageSize=10,200,1,1609.665,262dc642-ce2d-4cb1-93af-cb86c59e1a9d
2026-07-22T15:24:45.598Z,POST,/workers/,200,1,242.586,2af2b20e-963b-419d-b047-adcb9dc6ec6c
2026-07-22T15:24:45.378Z,POST,/workers/,200,1,466.644,2e78d858-eb59-4fcd-97ab-9d7d7a4f09cf
2026-07-22T15:24:45.584Z,PATCH,/workers/change-role,200,1,260.231,0365d287-4552-46c1-8f66-762c6f111c75
2026-07-22T15:24:45.371Z,PATCH,/work/change-description,200,1,474.071,8cdb8a3c-73fa-4167-bae6-e09b5d4f37d5
2026-07-22T15:24:45.620Z,PATCH,/orders/set-priority,200,1,234.805,9eb4043e-4462-4adb-aaed-80e9862b024f
2026-07-22T15:24:45.651Z,POST,/work/,200,1,205.826,7372f41f-1d23-4855-a91f-29d1d7559e27
2026-07-22T15:24:45.592Z,PATCH,/customers/rename,200,1,266.363,9acf1b07-5a19-4fe5-878e-e6db30c49577
2026-07-22T15:24:45.601Z,PATCH,/customers/rename,200,1,258.144,35fbfc22-49d4-4b8f-acde-332deb9a2144
2026-07-22T15:24:41.015Z,GET,/customers/45aeca88-7768-4f69-aa2f-7567b5c58763/with-cars,200,1,4845.156,9722c05e-ee6c-4067-8c67-526f71b71648
2026-07-22T15:24:45.615Z,POST,/customers/,200,1,250.764,bd107140-5b38-497e-8b5d-fc0f1eedf726
2026-07-22T15:24:45.672Z,POST,/users/,200,1,194.116,c17dedaa-ac45-4ea6-9541-0587c6c50131
2026-07-22T15:24:45.625Z,PATCH,/customers/change-contacts,200,1,247.700,897ad722-0d5a-4276-ae20-1bd7fe8fe627
2026-07-22T15:24:45.628Z,POST,/customers/,200,1,244.985,3710397a-5dff-42d6-a8ee-e082bd990356
2026-07-22T15:24:45.666Z,POST,/cars/,200,1,212.386,e0f73c97-8753-45b3-8cff-b7875dca967e
2026-07-22T15:24:45.730Z,POST,/customers/,200,1,153.522,d1e153a9-47f0-4b06-8172-c6316c504759
2026-07-22T15:24:45.721Z,POST,/cars/,200,1,162.698,a957eb73-37d3-4468-8257-b3b997d3868a
2026-07-22T15:24:44.549Z,GET,/work/78330dd3-2a74-467e-9ab1-1c097bfdc56d,200,1,1337.506,d3720251-5427-4b4b-8cc9-26ddc4ddbb2e
2026-07-22T15:24:45.736Z,PATCH,/customers/rename,200,1,155.855,7385948b-3af3-4955-a651-10766a76eff8
2026-07-22T15:24:45.717Z,PATCH,/customers/change-contacts,200,1,178.222,286a58f7-7bcc-4369-88d6-7dc4375551b1
2026-07-22T15:24:45.765Z,POST,/cars/,200,1,141.870,880c7543-f18f-4b62-9023-61204a81d86a
2026-07-22T15:24:40.751Z,GET,/users/159a68ea-5438-4131-8a35-a2c40bfbf56c,200,1,5158.426,8b868f2f-60a3-47dc-b585-0014cc2467d1
2026-07-22T15:24:43.124Z,GET,/customers/5e34b39a-0566-49d6-b132-a39c638aaa9c/with-cars,200,1,2789.579,054adff9-96d7-4ec1-bdb7-3dbbc469f45a
2026-07-22T15:24:45.770Z,PATCH,/users/change-password,200,1,168.313,6a6e0d73-be32-476e-9b02-32ad22059dfd
2026-07-22T15:24:42.638Z,GET,/orders/d93d0f25-9af0-4058-86b9-4b6585fb03b2,200,1,3319.484,24ff2275-74eb-47f6-9dd0-519cce8714f4
2026-07-22T15:24:44.514Z,GET,/cars/62be6453-4e66-490e-91f9-6aac1426b0c2,200,1,1450.612,e30c98e7-c085-456c-a722-e4dd11559d97
2026-07-22T15:24:42.757Z,GET,/orders/827a94f0-ae7f-4790-addf-25449bb165b7,200,1,3216.460,7ecfc622-6ebf-43b0-b278-6bfa08bcc628
2026-07-22T15:24:38.839Z,GET,/customers/a8d9a3a9-1a6f-4246-a194-602f4275f899,200,1,7140.370,ea8a5330-5eb8-4690-ad92-258588919bfd
2026-07-22T15:24:45.813Z,PATCH,/work/change-title,200,1,169.063,f8634d25-5344-45d4-96ae-a3aad4d63c69
2026-07-22T15:24:45.810Z,POST,/cars/,200,1,182.215,900e97d3-4990-451b-b784-173e9cd8d87d
2026-07-22T15:24:45.836Z,POST,/workers/,200,1,156.768,f40e0799-bd95-42dc-b9e1-e042621a1d81
2026-07-22T15:24:45.821Z,POST,/cars/,200,1,171.989,0ee4392e-4c8a-4f30-b01d-f9d232b97ba0
2026-07-22T15:24:45.828Z,PATCH,/customers/rename,200,1,164.269,51b7a12c-280f-41d7-a456-3adae72b1bc3
2026-07-22T15:24:44.999Z,GET,/users/?page=1&pageSize=10,200,1,997.325,a6d04fe4-bc8b-4a1e-9060-3578ad5be089
2026-07-22T15:24:45.835Z,POST,/users/,200,1,161.508,53bc5d1a-1ba1-4186-966c-d0b7cb7e1b6c
2026-07-22T15:24:45.839Z,POST,/users/,200,1,163.510,19da3388-ab84-4ee3-827b-43270acd3b1f
2026-07-22T15:24:45.836Z,PATCH,/customers/rename,200,1,167.496,0bb3a7b7-7c96-4c8b-ab85-6b93104724ec
2026-07-22T15:24:45.848Z,POST,/cars/,200,1,158.137,9a218b6a-ee48-4f41-809b-c03da03000cc
2026-07-22T15:24:45.738Z,POST,/workers/,200,1,280.828,469b34ee-30ff-4c32-8630-0689131cbb85
2026-07-22T15:24:45.853Z,PATCH,/workers/change-hourly-rate,200,1,170.340,f2aceb55-0b4c-4a7c-be74-29b0f7bab52f
2026-07-22T15:24:45.862Z,PATCH,/users/change-password,200,1,168.390,dd36fb54-be14-4e96-9287-58d1928cc1ce
2026-07-22T15:24:45.887Z,POST,/work/,200,1,144.153,7a265f48-6459-47a2-91f2-41704faec145
2026-07-22T15:24:45.874Z,POST,/work/,200,1,157.415,9093dcbd-f26a-4f16-aad6-1bda7a5d732d
2026-07-22T15:24:45.875Z,POST,/work/,200,1,156.006,604091f2-4fe9-4746-b33e-d09138c3c184
2026-07-22T15:24:41.407Z,GET,/orders/?page=1&pageSize=10,200,1,4631.622,99ebe551-8d1f-4c1d-b9a2-d9d33d5b8531
2026-07-22T15:24:45.874Z,PATCH,/customers/rename,200,1,171.624,dd8e5239-e454-4c79-8f6a-0dc37f4f5b31
2026-07-22T15:24:45.878Z,PATCH,/orders/set-priority,200,1,167.995,4a4ec7dd-2e15-46fb-a090-36447eeee886
2026-07-22T15:24:40.884Z,GET,/customers/d3d19f2c-e785-48fd-888e-bc923f71ba27,200,1,5164.447,061b4dfd-0fbe-4709-9e1f-e7bd24ad8ca7
2026-07-22T15:24:45.907Z,POST,/workers/,200,1,159.512,66f5d391-5f1d-44a4-9e58-70b7af9312d4
2026-07-22T15:24:45.904Z,PATCH,/users/change-password,200,1,167.706,aefda29c-89b0-4e59-b37e-38c5f3484e52
2026-07-22T15:24:45.914Z,PATCH,/customers/change-contacts,200,1,158.463,4be3db13-70ad-4e09-9906-ba3d60dca0c5
2026-07-22T15:24:45.795Z,POST,/users/,200,1,277.871,edcd4445-ff4b-438c-8012-562030392bf1
2026-07-22T15:24:45.915Z,POST,/cars/,200,1,165.842,c08725b4-9950-466a-9cc9-fb045023833d
2026-07-22T15:24:45.920Z,POST,/customers/,200,1,161.133,37d95955-f7c4-43a9-9060-9cc08ea19fe8
2026-07-22T15:24:45.939Z,POST,/work/,200,1,146.340,433b2aa6-bd3f-4862-b13e-36a9652fe5ae
2026-07-22T15:24:45.613Z,POST,/customers/,200,1,474.329,190abea6-dca7-47fb-9925-12223ceadf4f
2026-07-22T15:24:45.946Z,POST,/workers/,200,1,142.359,82432c14-4ad1-45e3-8cc7-10d1e4175dda
2026-07-22T15:24:40.618Z,GET,/orders/24158010-8649-4c38-bab0-55bc50a3e2cd,200,1,5474.770,1eb8dec2-cad4-4549-b5df-71b3a3ee4c53
2026-07-22T15:24:45.976Z,POST,/users/,200,1,133.284,5748dd47-a6dd-460d-9ae8-37d54756f65d
2026-07-22T15:24:45.990Z,POST,/work/,200,1,140.305,8c33f232-ad7e-4535-bfe5-be8d0e45ace9
2026-07-22T15:24:46.007Z,POST,/work/,200,1,123.182,47c46d13-f104-4043-b41f-5a282035c2aa
2026-07-22T15:24:46.009Z,POST,/users/,200,1,138.454,ff6d3403-9b6c-44d8-853f-4011eef5f3f4
2026-07-22T15:24:46.013Z,PATCH,/orders/apply-discount,200,1,134.467,8c52253b-3f9b-4e18-9711-fc03243362e2
2026-07-22T15:24:46.012Z,POST,/cars/,200,1,137.283,8fca562d-8b10-4dc4-ad5f-8d8f2fa66b01
2026-07-22T15:24:42.071Z,GET,/cars/c4fe3368-5aa7-4026-a838-a6b36cb9954a,200,1,4081.251,6a50fc9c-2257-4503-8d69-bc693ee4c473
2026-07-22T15:24:46.018Z,POST,/customers/,200,1,138.971,841b869a-e990-40eb-890e-a234b84225b7
2026-07-22T15:24:46.033Z,POST,/workers/,200,1,131.507,78b3fe7a-e91e-4dd6-bdaf-65e1972b74b7
2026-07-22T15:24:46.036Z,PATCH,/workers/change-hourly-rate,200,1,129.315,abc8d2e3-b9d8-4c89-97fe-bd2427143bd4
2026-07-22T15:24:46.042Z,PATCH,/customers/change-contacts,200,1,129.824,cd2ba31e-a002-4367-89f3-dba109ce8ca4
2026-07-22T15:24:46.043Z,POST,/orders/,200,1,130.432,5373f8eb-6b58-4630-95b7-ea90750786df
2026-07-22T15:24:46.066Z,POST,/users/,200,1,126.134,546a98b4-03cc-4771-979f-9f85e5577aaa
2026-07-22T15:24:46.071Z,POST,/users/,200,1,132.692,c36e45cd-9985-4dbe-9f1f-abaacc977e58
2026-07-22T15:24:46.070Z,PATCH,/work/set-estimate,200,1,133.635,ce1e4255-fe35-4b71-a23e-51f6a107b727
2026-07-22T15:24:46.074Z,POST,/work/,200,1,129.738,2fb0323e-2628-4121-bd2d-5919d846c551
2026-07-22T15:24:46.075Z,PATCH,/orders/apply-discount,200,1,131.940,2544cbf6-6009-4c26-8630-5ebd2f5832d8
2026-07-22T15:24:46.073Z,PATCH,/work/change-description,200,1,138.576,f9669175-b6d5-4c8f-873d-6d2beba93a2e
2026-07-22T15:24:46.084Z,PATCH,/work/set-estimate,200,1,140.811,401f2d86-9e02-495a-8d78-92a3a624c77d
2026-07-22T15:24:38.935Z,GET,/users/?page=1&pageSize=10,200,1,7319.694,c3d2e2e2-cfe2-46bc-97c0-424f06c50f75
2026-07-22T15:24:39.401Z,GET,/cars/a346322a-d6d7-4349-8bd2-8085b01047fa,200,1,6863.260,57ddfc2e-011f-4b26-af29-20ebbb19d7ef
2026-07-22T15:24:46.138Z,POST,/orders/,200,1,147.771,20f3a004-0cd2-44aa-8fa2-47d71228d635
2026-07-22T15:24:46.142Z,POST,/users/,200,1,143.468,b11a8b9c-86c4-4c1a-a56e-79ec93499dfc
2026-07-22T15:24:46.144Z,POST,/workers/,200,1,144.859,8bfd41a1-68b0-4504-a76d-9b135a29bffa
2026-07-22T15:24:46.143Z,POST,/cars/,200,1,146.080,9a77faf6-ceb4-4d05-bba3-efe8f42f97b2
2026-07-22T15:24:46.154Z,POST,/workers/,200,1,146.932,5fd86e64-ad51-4e60-838a-5dbdcd9b13b9
2026-07-22T15:24:46.147Z,PATCH,/work/change-description,200,1,155.760,75f85b01-4632-45e5-93df-9242cb3edb75
2026-07-22T15:24:46.163Z,PATCH,/orders/apply-discount,200,1,140.078,eff28cb6-03a8-4eb9-908c-7b6addcd009b
2026-07-22T15:24:46.164Z,PATCH,/orders/apply-discount,200,1,144.736,f24d49aa-f948-49c3-ac9d-c9c9acf0fcdd
2026-07-22T15:24:42.400Z,GET,/workers/?page=1&pageSize=10,200,1,3918.333,8c18487f-6330-4196-8205-db0ea8815acb
2026-07-22T15:24:45.269Z,PATCH,/customers/rename,200,1,1049.851,60d0bdf3-d215-49c9-b771-7dae4daf4311
2026-07-22T15:24:41.502Z,GET,/users/?page=1&pageSize=10,200,1,4819.476,2adbd95b-3903-4282-b7e7-19cf3a7fd212
2026-07-22T15:24:44.071Z,GET,/users/0a10deba-0107-42cb-a202-91df5e950ef4,200,1,2255.389,381d0de8-9e80-4700-b3b9-481157a308a8
2026-07-22T15:24:46.176Z,POST,/cars/,200,1,155.535,d79d6004-b479-449d-8b13-3b5a4b1e395d
2026-07-22T15:24:46.184Z,POST,/cars/,200,1,148.054,e5f2f467-3a44-4990-801e-7d3c19c585d7
2026-07-22T15:24:46.197Z,POST,/workers/,200,1,135.390,70fcc6da-84a3-45ed-8665-3a83602b0078
2026-07-22T15:24:46.198Z,POST,/work/,200,1,134.653,650b7f46-0ee5-4656-b0ae-24e1ec403877
2026-07-22T15:24:44.216Z,GET,/customers/aafe9e52-aa5f-4d84-8dca-9546c7983704/with-cars,200,1,2135.566,347a5838-eb12-4676-bd11-2d6e760cabd4
2026-07-22T15:24:45.018Z,GET,/orders/?page=1&pageSize=10,200,1,1335.332,4de21964-b4cf-4c3a-8779-abb8a5e14daa
2026-07-22T15:24:41.316Z,GET,/orders/fde1bb9f-c7dd-4f8c-9ae4-2f7564037fe2,200,1,5041.879,e97b6990-9e0a-4c4c-8d68-e690329e5a97
2026-07-22T15:24:46.227Z,POST,/users/,200,1,138.907,0ea70297-c8c7-45ba-b305-323f34b6864d
2026-07-22T15:24:46.235Z,POST,/work/,200,1,131.035,03c7c304-8090-4ed9-9dfb-f7ba48a03de1
2026-07-22T15:24:40.563Z,GET,/cars/2c393f51-6801-4b0b-85b8-b37b2cefd82f,200,1,5806.595,7fac5d67-66df-4384-9653-0e9ce263e4f9
2026-07-22T15:24:46.238Z,PATCH,/customers/change-contacts,200,1,134.065,c6ede0a3-5eb3-4671-aa3c-40bebbfb7e7f
2026-07-22T15:24:38.752Z,GET,/users/b7203537-192f-4bb3-8445-8d4a75e39075,200,1,7623.850,899493d6-1f1d-402f-9d4e-d12911a0f097
2026-07-22T15:24:46.242Z,POST,/orders/,200,1,135.211,20d5ac46-0219-401c-8e29-0df56298828b
2026-07-22T15:24:46.241Z,POST,/work/,200,1,139.015,be9c3bf4-b579-447b-8209-952c89b2ac77
2026-07-22T15:24:43.639Z,GET,/customers/68724142-0e02-4f20-bfdd-113b5af7d887/with-cars,200,1,2742.918,ab3cf971-134a-4164-8dc7-d177b41b29f3
2026-07-22T15:24:46.253Z,POST,/customers/,200,1,132.528,d34fa1b6-4d6b-4822-a972-9f81c6ce1460
2026-07-22T15:24:37.704Z,GET,/work/?page=1&pageSize=10,200,1,8692.239,6c245cea-66f3-4f86-bba1-ddf9d0cf267b
2026-07-22T15:24:46.275Z,POST,/workers/,200,1,131.843,4e52b940-9248-4d9e-abbb-76d1153b6f95
2026-07-22T15:24:46.277Z,POST,/work/,200,1,130.289,e410e9d9-1910-4a7f-a816-6b30e54aec3d
2026-07-22T15:24:46.276Z,PATCH,/workers/change-role,200,1,131.227,a8aa41a2-9b4d-4a1c-b1e5-95649cb51932
2026-07-22T15:24:46.299Z,POST,/users/,200,1,134.992,03b19c57-2910-45ba-87d9-f7116aedef49
2026-07-22T15:24:46.303Z,POST,/cars/,200,1,131.088,f31cdb4d-9077-4c33-8bb8-c98ec06cf139
2026-07-22T15:24:46.305Z,POST,/customers/,200,1,133.711,ecfb30f3-cd30-4700-9796-020573af0045
2026-07-22T15:24:46.307Z,POST,/orders/,200,1,133.491,a173851c-0060-48d7-bef2-64a487787321
2026-07-22T15:24:46.319Z,POST,/users/,200,1,136.916,060f50ff-f92a-4067-af93-70450706c17e
2026-07-22T15:24:45.479Z,GET,/workers/?page=1&pageSize=10,200,1,982.529,a3989b6d-680d-4215-91fe-7f8992a1bb57
2026-07-22T15:24:46.337Z,POST,/workers/,200,1,129.412,46266574-78b2-4471-ad05-19e1df448675
2026-07-22T15:24:45.232Z,GET,/customers/3d0204c3-21bf-4a62-9e8b-159d3944f58b,200,1,1251.868,1f411171-e5f7-41bb-9c0e-a5b9648d4123
2026-07-22T15:24:46.356Z,PATCH,/users/change-password,200,1,129.143,cfecf5b1-e55b-4c7e-aa19-05acc446054e
2026-07-22T15:24:42.580Z,GET,/customers/?page=1&pageSize=10,200,1,3905.696,4a337551-f545-4ac7-868e-bd21547196b4
2026-07-22T15:24:40.916Z,GET,/work/?page=1&pageSize=10,200,1,5570.414,3a000f92-9013-46a8-9687-ecec63982fe1
2026-07-22T15:24:39.431Z,GET,/work/?page=1&pageSize=10,200,1,7066.540,4a86315c-210a-4800-b424-ae836128b0e5
2026-07-22T15:24:46.380Z,POST,/cars/,200,1,128.834,ef268c71-6215-40d1-b5ed-c3b25d2014fc
2026-07-22T15:24:46.377Z,POST,/cars/,200,1,131.788,91131b1e-55b7-4a10-8274-3807b54345c0
2026-07-22T15:24:46.391Z,POST,/users/,200,1,126.260,31317538-95d6-43c8-bc96-634d8129e133
2026-07-22T15:24:46.397Z,POST,/customers/,200,1,119.963,84536455-4e20-4e53-9229-57eaa1070c91
2026-07-22T15:24:46.407Z,PATCH,/work/change-title,200,1,130.466,8d88755b-df6b-4748-aa29-acfc1f5d6844
2026-07-22T15:24:42.222Z,GET,/users/14925b8d-920d-4ae1-a954-34ed3f6d773b,200,1,4320.131,495db321-749b-4f0f-8986-474f85c32eaa
2026-07-22T15:24:46.416Z,POST,/workers/,200,1,127.025,c71847f1-3eb9-41af-bf3f-ca059256e859
2026-07-22T15:24:43.294Z,GET,/work/5abb2426-2d52-468c-b21d-085612e34f20,200,1,3250.595,d740b2f6-7313-45f2-bffb-b6c43fc0881d
2026-07-22T15:24:46.087Z,POST,/cars/,200,1,465.124,c2062064-3e8d-4a72-8cf6-57de2346a793
2026-07-22T15:24:46.436Z,POST,/cars/,200,1,142.934,5d838784-03e2-4eb2-b365-8ddb7e127dc0
2026-07-22T15:24:46.107Z,PATCH,/workers/change-hourly-rate,200,1,478.605,4c4c5361-f9f4-45a1-a1e4-9a3f1bda7bf6
2026-07-22T15:24:42.158Z,GET,/workers/958f05ec-af18-4dbb-9e96-6d0ba9b8b61e,200,1,4428.124,965260c8-f1e3-4d3b-8244-e5805de7f079
2026-07-22T15:24:46.447Z,PATCH,/workers/change-hourly-rate,200,1,148.387,e29083d7-fbaf-4292-85ad-179e14a4f5e5
2026-07-22T15:24:46.444Z,POST,/customers/,200,1,163.803,c95db83d-bd9c-4471-b8d0-860ff0c7bad8
2026-07-22T15:24:46.455Z,POST,/work/,200,1,152.760,a9f07d9d-86cf-48df-a0c3-8216fbc28ff0
2026-07-22T15:24:46.492Z,POST,/work/,200,1,133.082,2dd1bf98-15c4-4330-aff6-9ecd39870489
2026-07-22T15:24:46.494Z,PATCH,/cars/record-mileage,200,1,131.342,a99bad16-b395-4b76-b943-345fd9e422d8
2026-07-22T15:24:46.500Z,POST,/cars/,200,1,133.549,737b8981-ab44-438a-8b0b-1e2c895acb76
2026-07-22T15:24:44.483Z,GET,/users/04e8d37b-5a13-4d65-819d-e0dec818583f,200,1,2161.384,ff643af8-ef32-4b90-b5ee-860c5b85eed9
2026-07-22T15:24:39.951Z,GET,/customers/14a9fa56-6d45-4824-8eb1-f87915be00ac,200,1,6697.557,5d561685-772e-4997-b01d-497ec66ddf38
2026-07-22T15:24:40.204Z,GET,/customers/9a891cbb-b092-4201-8a0f-a5bdb3826066/with-cars,200,1,6445.381,082085a7-54cd-4bf3-ae34-02a86b17a55a
2026-07-22T15:24:40.289Z,GET,/customers/8b18de62-666d-4830-bdf5-0eda65195018,200,1,6379.555,71555ab0-9996-47d1-95dc-2da3ea6da4cd
2026-07-22T15:24:46.669Z,GET,/cars/5bbe5cb9-a40b-4768-8a41-cf062047beb0,0,0,6.157,
2026-07-22T15:24:41.597Z,GET,/workers/63405e2d-5346-42ed-922e-7985f3d64770,200,1,5079.538,37365d36-0ab8-4b6c-a3a2-68d7dd69d55a
2026-07-22T15:24:46.511Z,POST,/workers/,200,1,215.187,c8833836-37a3-47e4-87fc-6aea6e58d7c9
2026-07-22T15:24:46.297Z,POST,/cars/,200,1,445.114,dd885a08-c61d-4c98-a6d5-817940366f05
2026-07-22T15:24:46.522Z,PATCH,/users/change-password,200,1,222.097,12d9bd5d-7413-453e-aa50-f284ed2b5b66
2026-07-22T15:24:46.519Z,PATCH,/work/change-description,200,1,225.042,0dc9d094-5221-45a2-8bd8-9cdb78f6330d
2026-07-22T15:24:46.532Z,POST,/workers/,200,1,211.693,ab33db97-7c47-433e-9182-4034552bbed0
2026-07-22T15:24:46.534Z,POST,/users/,200,1,212.887,f887ff90-27ea-48d3-aa24-bec98678d7be
2026-07-22T15:24:46.548Z,POST,/workers/,200,1,207.043,f79fb5f3-3ab1-4ab5-adf9-741be7f6ce37
2026-07-22T15:24:44.943Z,GET,/workers/a8bfd277-865d-4e64-bd4f-e8ef48262bef,200,1,1812.341,f296239a-7c7a-47b4-81cb-7ca5c9bff023
2026-07-22T15:24:41.472Z,GET,/work/8a9757b8-f1bb-4e15-88c9-eda4d35a150f,200,1,5290.847,a46207dd-eecf-4811-aa00-15327bc98b4b
2026-07-22T15:24:46.596Z,POST,/orders/,200,1,175.132,dbb5b8d7-8b65-4a96-971d-f5d722b4e2f5
2026-07-22T15:24:46.603Z,PATCH,/customers/change-contacts,200,1,169.289,9e3e2de4-486d-404a-b2cc-2400f6ebfe70
2026-07-22T15:24:46.621Z,POST,/users/,200,1,156.320,a7847682-80c5-4ff7-97bb-75905fc4d00d
2026-07-22T15:24:40.847Z,GET,/workers/8070f735-038a-4c54-af9d-e2129db959e7,200,1,5929.794,a09ba50a-1e71-4cdb-b241-c9cb6a6cc4f3
2026-07-22T15:24:46.631Z,POST,/cars/,200,1,175.160,f0563fa2-47ba-4a24-ba40-662978739382
2026-07-22T15:24:45.625Z,GET,/users/?page=1&pageSize=10,200,1,1181.948,fa3b6043-51fd-446f-8658-064e2dbed6e4
2026-07-22T15:24:46.644Z,POST,/work/,200,1,165.342,9f1ecb77-64f3-4469-8281-d6b2636aef40
2026-07-22T15:24:42.605Z,GET,/cars/?page=1&pageSize=10,200,1,4208.001,a48952e2-860e-4904-996d-6881761a6787
2026-07-22T15:24:46.653Z,POST,/workers/,200,1,165.906,7d7cd03e-a2b1-42f0-93d4-329ebe69efed
2026-07-22T15:24:46.638Z,POST,/customers/,200,1,183.297,49db85da-fcf9-40c1-94b1-f72a6f51117d
2026-07-22T15:24:46.653Z,POST,/customers/,200,1,167.765,32f8cca9-0a52-4d23-87be-aceed8bd5b90
2026-07-22T15:24:46.677Z,PATCH,/orders/apply-discount,200,1,143.908,4543a318-88c0-4a1e-ad61-cef448464ca6
2026-07-22T15:24:46.690Z,POST,/workers/,200,1,137.865,35442d41-10ff-4b2d-b153-0f5495c2e522
2026-07-22T15:24:46.711Z,POST,/work/,200,1,130.350,a74e7312-c8d8-487a-a361-b4db64a3fa73
2026-07-22T15:24:43.486Z,GET,/customers/?page=1&pageSize=10,200,1,3359.267,f075a0b6-40c4-468e-ac28-f95eb7a9e016
2026-07-22T15:24:44.243Z,GET,/work/bcd74a1c-a6b7-43fb-a6f6-cbf6462f978a,200,1,2607.650,86320c26-1d00-4223-9f62-43aab68362c1
2026-07-22T15:24:43.440Z,GET,/work/519775a1-5f66-4f1a-85e6-3ed166c35278,200,1,3422.563,dd6f13e4-10ca-444a-ac6e-4fc2a471afb4
2026-07-22T15:24:46.748Z,POST,/workers/,200,1,130.854,ee859643-1b7c-40fa-88e5-482d9d271871
2026-07-22T15:24:41.635Z,GET,/work/?page=1&pageSize=10,200,1,5247.576,caee57ba-980b-4e8e-b05d-98ce14961a43
2026-07-22T15:24:45.071Z,GET,/users/?page=1&pageSize=10,200,1,1814.075,b5f4fcd7-772b-4351-89fb-d0e4bd8aa956
2026-07-22T15:24:46.760Z,POST,/workers/,200,1,129.295,478e2461-fde3-403d-9023-ceefb907917f
2026-07-22T15:24:46.774Z,POST,/cars/,200,1,124.711,7d82ed6e-4efa-41e8-9b1a-db3255235ce3
2026-07-22T15:24:40.389Z,GET,/work/a954b010-02f3-4fac-9d90-7fddf4ec9709,200,1,6515.004,f7b75c06-f402-4395-810f-e194366248ee
2026-07-22T15:24:46.796Z,POST,/orders/,200,1,118.954,834c1196-97d5-420d-ad80-c0274197e3c4
2026-07-22T15:24:46.791Z,POST,/customers/,200,1,124.781,a675319d-0674-48e1-ae01-0f87c14feb50
2026-07-22T15:24:46.824Z,PATCH,/work/set-estimate,200,1,137.023,ddf2c7eb-1734-41a4-8c5c-d52f388ed4ce
2026-07-22T15:24:46.828Z,POST,/cars/,200,1,133.321,e5fa08a7-de70-4b8c-996c-5f34276fa6ca
2026-07-22T15:24:46.829Z,POST,/workers/,200,1,133.672,1632b08a-fa03-4c5c-9183-038bd284f047
2026-07-22T15:24:46.851Z,POST,/users/,200,1,133.776,6850c402-24c8-435e-8352-fb8cce59e7c1
2026-07-22T15:24:46.843Z,PATCH,/workers/change-hourly-rate,200,1,146.603,06dd20cc-ef98-4163-8b73-038d52efd8dd
2026-07-22T15:24:46.868Z,POST,/customers/,200,1,124.959,27df09d5-01e5-47c3-9fb8-c519493c39d9
2026-07-22T15:24:43.389Z,GET,/cars/1457cc9c-402b-4160-b5ba-74f58194f551,200,1,3604.632,1188f6b5-55e2-4d1c-8490-b0fa2fc9f08a
2026-07-22T15:24:46.881Z,POST,/users/,200,1,125.416,ed33fd4e-5647-4983-a503-68d2a803aefc
2026-07-22T15:24:46.891Z,PATCH,/users/change-password,200,1,121.814,ff8e6336-7f48-4093-b6c2-342aff8b54b1
2026-07-22T15:24:46.896Z,POST,/orders/,200,1,127.159,c62f33ba-0520-49d6-b3c0-6b782e649cad
2026-07-22T15:24:46.894Z,PATCH,/orders/apply-discount,200,1,131.762,f3d7e3cd-a326-4111-a250-979a7ac8f718
2026-07-22T15:24:46.905Z,POST,/cars/,200,1,120.260,92f05867-513d-4a7e-b120-896351cbcead
2026-07-22T15:24:46.909Z,PATCH,/users/change-password,200,1,131.271,6fe01826-8938-4755-a9ba-5842b7939c4f
2026-07-22T15:24:46.916Z,PATCH,/customers/rename,200,1,124.954,ced23868-b3ba-448b-9a73-ee321b85d3a5
2026-07-22T15:24:46.923Z,POST,/orders/,200,1,122.512,3eabbf33-36fe-4041-9603-c1dddd99f395
2026-07-22T15:24:42.609Z,GET,/orders/?page=1&pageSize=10,200,1,4449.675,f7e17d32-7992-454f-ad7a-550b6ed76b39
2026-07-22T15:24:43.821Z,GET,/cars/b132efe0-93ae-4927-b451-382824e0438f,200,1,3239.503,5b34c5e5-0508-447d-a938-5d09d640c4a7
2026-07-22T15:24:40.874Z,GET,/orders/2c0515e7-dca2-45d0-9e37-6efc9b6241bc,200,1,6189.265,75b3fd87-7c50-4246-8c4d-c6e8f7ec3fcc
2026-07-22T15:24:46.959Z,POST,/cars/,200,1,127.811,2dc0a854-dfb6-4489-b89a-17aa43efcd91
2026-07-22T15:24:46.546Z,POST,/cars/,200,1,552.370,1f72e639-94d2-4dfa-addd-7d2bd17f745a
2026-07-22T15:24:46.981Z,PATCH,/work/change-title,200,1,120.869,e3e6493b-a3b5-4add-b764-320c8b267a5f
2026-07-22T15:24:47.008Z,POST,/users/,200,1,120.166,20457ea8-1432-4420-bc31-ba5e7adbf5a7
2026-07-22T15:24:47.016Z,POST,/workers/,200,1,119.375,fe864c89-524b-4fbd-8ad0-db75ecb98c2a
2026-07-22T15:24:46.178Z,GET,/customers/8b18de62-666d-4830-bdf5-0eda65195018/with-cars,200,1,963.113,41a6906c-0e62-43ec-babc-425ed311cc9e
2026-07-22T15:24:47.027Z,POST,/work/,200,1,126.375,14d8fb49-735a-45b1-84ef-bcd9283db41d
2026-07-22T15:24:42.576Z,GET,/users/0b8c2ce9-dcb7-44ab-baf5-d5efecb2164a,200,1,4581.497,1019e489-2ce9-4f57-9167-9764ba7b9839
2026-07-22T15:24:47.038Z,PATCH,/customers/change-contacts,200,1,124.755,0a906c15-9c04-4d9e-9ca4-af5882ce498d
2026-07-22T15:24:47.047Z,POST,/workers/,200,1,132.383,f72c71dc-8864-4ab6-aa0e-40cc097afca8
2026-07-22T15:24:38.736Z,GET,/customers/761d2042-de8c-4752-99b6-bdb70ea9b7a0,200,1,8449.956,3183b0cc-dedd-4856-954a-e8920cd61aad
2026-07-22T15:24:47.061Z,POST,/workers/,200,1,138.259,e01617eb-98a9-437f-8e59-1acab6d6c103
2026-07-22T15:24:46.468Z,GET,/work/e21e4002-7a92-4056-aece-2704f4686c20,200,1,732.748,eff9e8d7-09e5-4add-869d-13083b9eae3f
2026-07-22T15:24:44.311Z,GET,/cars/?page=1&pageSize=10,200,1,2900.029,a1bb5794-b4c0-4faf-88b8-67679616e236
2026-07-22T15:24:40.255Z,GET,/cars/ab16edb6-9356-403b-8b3c-bd39b079e5f8,200,1,6956.442,57d5c628-b3cb-4e6a-86f5-472563ff2224
2026-07-22T15:24:39.888Z,GET,/users/?page=1&pageSize=10,200,1,7341.809,a223db3c-9323-44d2-b1c8-b3605bd6d7b7
2026-07-22T15:24:47.095Z,POST,/workers/,200,1,137.255,5b5bda7f-c4ef-41c0-9ab2-06824cd61c71
2026-07-22T15:24:47.099Z,POST,/work/,200,1,133.017,142d426c-469e-44c4-86fd-2bdf15e61dcb
2026-07-22T15:24:42.802Z,GET,/work/437a3ce5-28d8-43b5-99f6-28e5c8aed530,200,1,4432.253,eb908d4b-8f0d-4689-902b-d5af0a4ba872
2026-07-22T15:24:47.111Z,POST,/customers/,200,1,137.534,60042eb2-4653-40dc-8727-700b061e8745
2026-07-22T15:24:47.115Z,POST,/users/,200,1,144.528,2b2dcc87-0ed0-43bd-b15a-d5f685f1d793
2026-07-22T15:24:47.120Z,POST,/workers/,200,1,140.144,50983dcd-a71f-49df-84bc-9f489c6bf8e2
2026-07-22T15:24:47.126Z,POST,/customers/,200,1,136.032,a4cbe566-6bb9-44fb-bdc3-4663c8dd9ad9
2026-07-22T15:24:47.139Z,POST,/users/,200,1,136.034,42312e64-3781-465c-b83b-7996dd97f934
2026-07-22T15:24:40.744Z,GET,/work/83c1299a-55a7-4032-a349-9045c25e4d54,200,1,6532.052,ada2d6c4-a233-479e-8d8d-c607926df036
2026-07-22T15:24:47.148Z,PATCH,/users/change-password,200,1,137.998,776902a0-b070-44de-b247-e0241255f0bc
2026-07-22T15:24:47.147Z,POST,/cars/,200,1,141.484,2db98fba-acea-4d04-b2f2-c46dbe14c574
2026-07-22T15:24:47.150Z,PATCH,/work/set-estimate,200,1,138.591,25d946ba-9177-4a1c-9c9f-12a242cc447d
2026-07-22T15:24:47.149Z,POST,/cars/,200,1,141.778,f787e1cb-f98d-4f3c-8cd9-30f3c8983df6
2026-07-22T15:24:47.152Z,POST,/orders/,200,1,139.962,dbc4bd42-2816-469d-81c7-3bc8c092abe3
2026-07-22T15:24:47.165Z,PATCH,/orders/apply-discount,200,1,134.131,7f3bf9b9-652a-4d5d-9452-cce81b9ee872
2026-07-22T15:24:42.866Z,GET,/work/c6539db6-09bb-42b2-9bab-7659fc76af05,200,1,4433.299,65127016-b390-4837-a540-81cd4bae47ce
2026-07-22T15:24:40.573Z,GET,/workers/53a3b228-5666-4b84-81d0-fda5a921bb94,200,1,6727.403,ccd6897c-f373-4e07-8a68-6dd1698bcd56
2026-07-22T15:24:46.680Z,POST,/users/,200,1,641.100,41582a93-80c9-45f8-a654-f7c27c61f900
2026-07-22T15:24:46.853Z,POST,/work/,200,1,468.668,e6917c5c-b99b-4676-b2ed-202c7bf400e0
2026-07-22T15:24:47.204Z,POST,/workers/,200,1,120.511,3ea4087b-0f0c-489c-a986-77e9dd25b030
2026-07-22T15:24:47.080Z,POST,/work/,200,1,256.715,4ec46b9c-51ec-4c31-a734-ba176dccfd45
2026-07-22T15:24:47.235Z,PATCH,/workers/change-role,200,1,125.652,fc0f5aa4-a3d0-4ee8-b88e-2cd469a78e30
2026-07-22T15:24:47.239Z,POST,/customers/,200,1,135.988,73510146-fee1-4bbc-ace1-95754db3c4f3
2026-07-22T15:24:46.928Z,PATCH,/work/change-description,200,1,465.250,a063b041-adbb-4fda-bbde-eb0621888d30
2026-07-22T15:24:47.278Z,POST,/users/,200,1,126.264,be9ea5f3-c3d7-4b54-81b9-febc254a59ba
2026-07-22T15:24:44.819Z,GET,/cars/?page=1&pageSize=10,200,1,2585.687,bed6556f-761d-430e-aa68-98ce28f2f5ae
2026-07-22T15:24:47.292Z,PATCH,/cars/record-mileage,200,1,134.739,c20dc57a-bbb1-4c24-a786-caba95d0197e
2026-07-22T15:24:41.362Z,GET,/cars/967815b3-f5ad-4f45-8acf-7ab05d71c722,200,1,6082.853,b61a3a3d-8845-4954-b67a-2ec7a3df330f
2026-07-22T15:24:47.312Z,PATCH,/users/change-password,200,1,135.301,4b264b8a-d574-44cf-8878-1d037bc8f258
2026-07-22T15:24:40.713Z,GET,/workers/1a47a2ff-84c6-475c-922b-afd6e4084102,200,1,6749.279,024c6394-04f0-4240-9528-fbf262d591df
2026-07-22T15:24:47.214Z,PATCH,/work/set-estimate,200,1,248.740,2e285d7d-e9e7-4afe-be51-afcc69262639
2026-07-22T15:24:40.216Z,GET,/workers/?page=1&pageSize=10,200,1,7248.751,e7e47ad1-0455-4386-951f-3492fe56e118
2026-07-22T15:24:47.356Z,POST,/orders/,200,1,126.775,326ad676-181c-49f7-ac2f-4f8d307736f6
2026-07-22T15:24:46.499Z,GET,/users/8182dc5d-c833-497c-ab0e-a40cea486c65,200,1,996.182,5314d2a9-5905-4d32-abec-416b468f9ecf
2026-07-22T15:24:42.141Z,GET,/orders/?page=1&pageSize=10,200,1,5356.461,42f30ccf-8ceb-47e5-8cc2-3d7655c8d014
2026-07-22T15:24:47.374Z,POST,/work/,200,1,137.829,870f09f0-40e6-45c8-ae61-297cfb1d0f99
2026-07-22T15:24:47.384Z,POST,/users/,200,1,131.829,396a53a9-c5b3-4d53-92be-80cd786640b0
2026-07-22T15:24:44.128Z,GET,/users/?page=1&pageSize=10,200,1,3388.232,c6e0a517-d1c2-4de1-abfb-67ddd598328a
2026-07-22T15:24:47.388Z,POST,/users/,200,1,129.070,632c24c1-ad71-4468-b2df-9f4604251bee
2026-07-22T15:24:46.089Z,GET,/orders/?page=1&pageSize=10,200,1,1428.788,e8a90e99-d65f-4540-94c3-4949a249b197
2026-07-22T15:24:47.399Z,PATCH,/orders/apply-discount,200,1,122.791,8fdb27df-f840-4994-a626-855d5c0a8943
2026-07-22T15:24:47.430Z,POST,/users/,200,1,128.647,07ae27e3-b82c-4484-b5ca-8f2ae7a4d2c9
2026-07-22T15:24:47.427Z,POST,/cars/,200,1,132.904,1696c84b-89b2-4cee-b3b1-6e4b1d6ffe00
2026-07-22T15:24:47.425Z,PATCH,/orders/apply-discount,200,1,135.615,5c9400b9-c7c3-4c31-a008-ccceb8f8ce74
2026-07-22T15:24:47.431Z,POST,/work/,200,1,129.329,f44b9d1c-5bde-40f9-aa61-b81674bd9bd3
2026-07-22T15:24:47.445Z,POST,/orders/,200,1,130.013,6753cea8-7e72-418b-9b6d-a41acb3b4617
2026-07-22T15:24:47.449Z,POST,/workers/,200,1,131.596,4addd2c9-91dd-4714-bb69-355f160b9a84
2026-07-22T15:24:47.141Z,PATCH,/workers/change-hourly-rate,200,1,472.628,fe7247a6-3d7f-49e9-bf37-35ddee79555c
2026-07-22T15:24:47.494Z,POST,/customers/,200,1,138.110,7e986360-6902-479c-b254-9dc62da4e0ef
2026-07-22T15:24:47.497Z,PATCH,/orders/set-priority,200,1,135.404,93605ba4-86d6-4d7a-9edb-4becc34cbb5a
2026-07-22T15:24:41.936Z,GET,/users/f9875c4e-f0b9-4b18-bb06-c29e5847d5b3,200,1,5700.942,e8d2aff1-87d3-4e8c-9c71-06ad7c87d209
2026-07-22T15:24:47.518Z,POST,/workers/,200,1,121.915,f5965e8b-4aed-46bc-a4af-61d4b5ab48d0
2026-07-22T15:24:47.177Z,POST,/customers/,200,1,462.943,8eddc62d-c123-43d5-b0cd-79ba02f0f77c
2026-07-22T15:24:42.161Z,GET,/cars/?page=1&pageSize=10,200,1,5490.378,6b241c23-1d0d-40d1-a2c9-43260bfe5b36
2026-07-22T15:24:41.781Z,GET,/customers/?page=1&pageSize=10,200,1,5886.613,365089bc-b2f6-47b8-a2b2-02b223d5b081
2026-07-22T15:24:47.553Z,POST,/orders/,200,1,122.273,6dc8f149-bf12-4ff3-afcd-dd9e2769ec2b
2026-07-22T15:24:47.557Z,POST,/work/,200,1,127.752,642cccdb-d77d-40f9-bf29-1409d9245638
2026-07-22T15:24:47.440Z,POST,/work/,200,1,244.453,9113692f-b68d-4dbe-8f81-d1b09edc7bf4
2026-07-22T15:24:47.561Z,PATCH,/workers/change-hourly-rate,200,1,130.179,e0eb7f1b-d315-4a27-b263-2a952265dcd1
2026-07-22T15:24:47.456Z,POST,/orders/,200,1,244.610,cd824f9c-246e-4d85-91dc-e3b728118426
2026-07-22T15:24:47.580Z,POST,/workers/,200,1,127.414,621d8d27-9822-41c2-b0d1-0c06a54fa786
2026-07-22T15:24:47.258Z,PATCH,/orders/set-priority,200,1,449.449,1ffb9395-11c8-4378-a1b7-5d3e01201a8f
2026-07-22T15:24:47.459Z,POST,/work/,200,1,248.897,09a9fdb9-459b-4bf0-a6f5-f9c5568d5d0c
2026-07-22T15:24:41.621Z,GET,/work/af7738b1-b5c3-4ae1-9871-1801c2f73a83,200,1,6111.706,1651e47e-6c7f-4243-ae1b-bc928d289863
2026-07-22T15:24:47.591Z,POST,/cars/,200,1,142.784,f33d2b35-6c06-40d3-959a-4047c1099258
2026-07-22T15:24:47.594Z,POST,/cars/,200,1,141.740,0a6088e8-4e20-4e1d-9907-8f5ee76c6067
2026-07-22T15:24:47.594Z,POST,/cars/,200,1,141.019,883d2ecd-17c7-4ed8-92e5-1649efa04dab
2026-07-22T15:24:47.598Z,POST,/cars/,200,1,145.474,e9601770-7db9-4d4e-a407-6da98a60c539
2026-07-22T15:24:47.479Z,POST,/orders/,200,1,275.834,e5074abd-a9bb-4fe9-a928-c599877f5d3c
2026-07-22T15:24:39.935Z,GET,/customers/1bf19ab5-5ce8-4758-96d0-67cc515bc19e/with-cars,200,1,7829.978,cf134d08-c51e-4c67-acec-6db994e75408
2026-07-22T15:24:47.499Z,PATCH,/work/change-description,200,1,267.032,1dfa382b-2df8-4b21-a7af-6382b0281877
2026-07-22T15:24:47.509Z,POST,/users/,200,1,262.954,5665577f-f68d-4dd8-9482-e1dd432c36bb
2026-07-22T15:24:47.634Z,POST,/cars/,200,1,138.334,39fdd251-dbad-4b91-a456-40354eea7743
2026-07-22T15:24:47.640Z,POST,/workers/,200,1,143.065,66de54d6-ba71-4254-9ce1-3fdec82eaec5
2026-07-22T15:24:46.311Z,GET,/cars/?page=1&pageSize=10,200,1,1478.667,5ab79a8e-5aa0-4497-917e-e8d84b5d0e33
2026-07-22T15:24:43.205Z,GET,/users/?page=1&pageSize=10,200,1,4592.421,21734650-2558-4071-abc2-c4e7d73806db
2026-07-22T15:24:37.181Z,GET,/customers/?page=1&pageSize=10,200,1,10671.769,1a2e2693-c470-4eb9-a198-95e72508b0a2
2026-07-22T15:24:47.734Z,POST,/customers/,200,1,129.768,cb90d967-caa2-4eed-9ee5-c539a3c542a8
2026-07-22T15:24:47.612Z,POST,/workers/,200,1,252.345,d9b3893d-ea32-4977-bec3-921b15bebe69
2026-07-22T15:24:47.756Z,PATCH,/cars/record-mileage,200,1,135.917,78618fea-2949-47fa-b96c-eb21bcd90469
2026-07-22T15:24:47.758Z,POST,/customers/,200,1,135.103,0cfa9703-81ab-4f57-ae95-325c94592e62
2026-07-22T15:24:47.649Z,POST,/customers/,200,1,265.772,663ab007-0b9b-480f-8f40-9e6fa8a3cb08
2026-07-22T15:24:47.645Z,POST,/users/,200,1,271.237,7e9b9fad-478e-4311-8ebb-51034e444584
2026-07-22T15:24:47.775Z,POST,/cars/,200,1,156.836,e20fd805-bb77-442a-b70d-5f96d546587d
2026-07-22T15:24:47.809Z,POST,/customers/,200,1,147.311,53fe2b34-4742-4478-a2d1-b67e5a31fede
2026-07-22T15:24:47.810Z,POST,/workers/,200,1,146.671,856eea8c-0234-46e8-94d7-1ca97b286b23
2026-07-22T15:24:46.661Z,GET,/workers/6961bc37-b6fa-461b-9e6b-87a62bb4d436,200,1,1301.873,c01159cd-21b5-4869-b048-70e477d731a4
2026-07-22T15:24:43.918Z,GET,/orders/?page=1&pageSize=10,200,1,4046.490,0c7e3a1c-04a8-43b4-9590-7da4f6fd031c
2026-07-22T15:24:47.820Z,POST,/users/,200,1,160.770,a80c2ab1-5d7a-4930-9d9e-2c7072b2a777
2026-07-22T15:24:41.751Z,GET,/work/?page=1&pageSize=10,200,1,6236.453,d8ba5d32-c245-4b1b-a2bc-db7d6b949cf2
2026-07-22T15:24:47.989Z,POST,/users/,0,0,2.358,
2026-07-22T15:24:47.825Z,PATCH,/workers/change-role,200,1,168.920,88de0ac3-d4b8-4ba7-a4bc-a7bc322f098b
2026-07-22T15:24:47.829Z,POST,/cars/,200,1,165.736,e9f3fc1e-5fd8-4294-bc0e-62a0c0e044d5
2026-07-22T15:24:47.861Z,POST,/work/,200,1,138.726,7a022f45-14f7-48c9-9872-bcefbab8a620
2026-07-22T15:24:47.856Z,POST,/users/,200,1,149.545,d75ad360-56c9-4fa2-8ac8-728f4a418144
2026-07-22T15:24:46.392Z,GET,/work/45a2ad68-90c6-4581-aa2a-1384d2f92e93,200,1,1613.265,3b0c21c9-c93e-491b-8056-2b48580cdc57
2026-07-22T15:24:47.859Z,POST,/cars/,200,1,149.025,dd52aa75-aebe-4a4d-b1ab-e38e56497ac7
2026-07-22T15:24:47.865Z,POST,/customers/,200,1,145.720,ffc2bf3c-a241-41b9-a523-6a67b1f96efd
2026-07-22T15:24:47.869Z,PATCH,/cars/record-mileage,200,1,146.991,60b91efa-2dc6-4aa8-88b6-f57f9dbb7e2d
2026-07-22T15:24:47.880Z,PATCH,/orders/set-priority,200,1,135.971,2b5a7f7e-0103-4a06-ae2e-54ac34fc0fb4
2026-07-22T15:24:47.895Z,POST,/work/,200,1,130.740,7697f62f-7931-4600-99bb-0b5c84d7732f
2026-07-22T15:24:47.206Z,PATCH,/work/change-title,200,1,820.923,097fc2d6-d608-4f6f-a903-df3ba3cd6f05
2026-07-22T15:24:47.780Z,PATCH,/workers/change-hourly-rate,200,1,256.729,2dbaf18f-f7ee-4042-9bef-d1582f7202ff
2026-07-22T15:24:44.941Z,GET,/workers/aac5d7af-7763-4e7a-87c7-dd9a1001de41,200,1,3120.563,150f14cc-7487-4b26-a1e1-c37e28d05b15
2026-07-22T15:24:47.933Z,POST,/cars/,200,1,132.277,09086f80-0e23-432b-b58d-82faa16d33b1
2026-07-22T15:24:42.354Z,GET,/workers/?page=1&pageSize=10,200,1,5732.759,a5cf9295-2da0-4859-939f-881f76570663
2026-07-22T15:24:47.451Z,POST,/work/,200,1,640.971,0e2f0aaa-85a2-421b-ad56-672e8dc54d62
2026-07-22T15:24:47.994Z,POST,/customers/,200,1,120.292,201c72e9-2ea7-4da1-9343-5bbbabca162e
2026-07-22T15:24:47.657Z,POST,/workers/,200,1,465.387,d2ac2ea8-e7e0-4c48-b179-7e982f10d2b0
2026-07-22T15:24:48.000Z,POST,/work/,200,1,123.614,47672ff4-3849-41fd-87fa-e91db3f0ce29
2026-07-22T15:24:48.006Z,PATCH,/workers/change-role,200,1,125.508,8588ca21-fa18-43d5-a13d-03df4334bf0c
2026-07-22T15:24:48.014Z,POST,/work/,200,1,121.013,7fee39c6-068e-46da-8760-180c7e1bf7a5
2026-07-22T15:24:48.024Z,POST,/orders/,200,1,126.891,c48c664d-5d6c-4b6e-a93b-e3e9c9e86e5e
2026-07-22T15:24:40.094Z,GET,/orders/ffa50452-1319-4484-bb09-cf1b933857b5,200,1,8058.810,8d7d0834-48b3-43e9-8963-1815edb0a288
2026-07-22T15:24:47.910Z,POST,/orders/,200,1,244.033,ad6db370-e4d9-4c2f-bed2-f3fc5c90d1dc
2026-07-22T15:24:42.379Z,GET,/work/?page=1&pageSize=10,200,1,5776.474,57abdcc0-db16-4ef5-8254-a277ed4ab84f
2026-07-22T15:24:43.202Z,GET,/workers/aa61dc6d-e1e1-44dd-bea8-97631babb379,200,1,4955.492,60cd3fcc-c857-4a9b-880f-5f63da3fad2f
2026-07-22T15:24:48.042Z,PATCH,/cars/record-mileage,200,1,121.565,1e02ca13-14dd-439a-bda7-66c4ee71466e
2026-07-22T15:24:47.726Z,PATCH,/cars/record-mileage,200,1,458.069,d8a97e03-d33f-44f7-8386-2e1d0efd3c1c
2026-07-22T15:24:48.063Z,PATCH,/workers/change-hourly-rate,200,1,147.223,8c2757c9-1e40-408e-87b9-8330863729ed
2026-07-22T15:24:48.080Z,POST,/orders/,200,1,130.490,e75e982f-18d8-4b85-b55b-b6cc11da7712
2026-07-22T15:24:48.082Z,PATCH,/work/change-description,200,1,137.994,708b21cb-f299-4a22-8cb0-3e5778c5c3e6
2026-07-22T15:24:48.095Z,POST,/users/,200,1,133.138,93111994-f38c-4481-92b7-ef7257d545f5
2026-07-22T15:24:47.992Z,POST,/customers/,200,1,258.539,62191554-4b35-4a37-ad60-3bb775b57afb
2026-07-22T15:24:48.118Z,POST,/users/,200,1,132.382,b37ba050-8909-443b-ba25-d84651629117
2026-07-22T15:24:48.122Z,PATCH,/customers/rename,200,1,129.410,00ca874d-19de-4938-bdf9-059fb72b5381
2026-07-22T15:24:48.119Z,PATCH,/work/change-title,200,1,132.479,b74b10d8-068b-4b51-8816-1a790a204cfd
2026-07-22T15:24:47.610Z,POST,/users/,200,1,642.259,131e716d-1d95-4fe9-b471-143dd62e415a
2026-07-22T15:24:46.937Z,GET,/orders/c581f989-e122-4427-b097-441cd854e803,200,1,1320.349,b8e7bb6b-e0b6-459b-89fc-80652987ad06
2026-07-22T15:24:48.133Z,POST,/cars/,200,1,131.767,1d677deb-8bb5-47b3-b424-d1ae4e524c57
2026-07-22T15:24:48.137Z,POST,/work/,200,1,131.807,5701bea4-eca0-4b14-81a8-5fe808cc2a74
2026-07-22T15:24:48.139Z,POST,/customers/,200,1,131.627,bb28885e-d792-4353-9af4-289bc67b5ddf
2026-07-22T15:24:40.004Z,GET,/cars/?page=1&pageSize=10,200,1,8274.017,e7973acd-9996-43b3-b0ba-f7878838d24a
2026-07-22T15:24:48.154Z,POST,/users/,200,1,125.630,441ced72-5308-429f-b1fc-deb5d7cfa1f2
2026-07-22T15:24:48.158Z,POST,/orders/,200,1,124.903,1f0abfb8-97b4-48b3-8b24-bc7d7f57b838
2026-07-22T15:24:48.160Z,PATCH,/work/change-description,200,1,123.156,d20d7582-947b-4f2e-ae92-e5d292967241
2026-07-22T15:24:48.166Z,POST,/workers/,200,1,119.242,11843165-61b4-4e0c-9a4e-3e44eaaaa911
2026-07-22T15:24:42.114Z,GET,/customers/a6bdc951-c906-4b9c-9ef1-502e7ee147b3/with-cars,200,1,6173.310,741b8f64-e991-4294-8197-7e556434b8e9
2026-07-22T15:24:48.179Z,POST,/customers/,200,1,123.343,8b1b14ff-81fe-40c5-b370-aaa2b73afdf8
2026-07-22T15:24:47.804Z,PATCH,/work/set-estimate,200,1,511.927,78d3462f-e0a1-4b86-9d10-d042d65d2690
2026-07-22T15:24:48.189Z,POST,/workers/,200,1,127.220,c5c108bb-390d-4e73-881c-f14ee94e06ac
2026-07-22T15:24:42.056Z,GET,/work/a81d0f9b-e150-452b-8450-fdef33259ca3,200,1,6279.509,5703fdc0-8bb1-4cfb-bb4e-33c9425ad329
2026-07-22T15:24:47.837Z,POST,/workers/,200,1,501.869,f44eb07c-c79a-4d72-acd8-5f33dff28a43
2026-07-22T15:24:47.836Z,PATCH,/workers/change-role,200,1,502.795,0b3fa99e-c558-4d04-8357-2ca95a21b04e
2026-07-22T15:24:42.117Z,GET,/users/?page=1&pageSize=10,200,1,6239.257,8b4052d8-5b74-4fa7-b8a0-f507b4f265c8
2026-07-22T15:24:48.356Z,POST,/workers/,0,0,0.788,
2026-07-22T15:24:48.228Z,POST,/customers/,200,1,135.831,722712d6-6cff-4b51-bc29-8099596a6f21
2026-07-22T15:24:46.934Z,GET,/work/d3076e87-0d5d-496a-84f0-020c1fd3787b,200,1,1434.374,0f057a7a-a354-4245-800c-14d8d2d19dee
2026-07-22T15:24:47.843Z,POST,/workers/,200,1,533.592,a71b12d3-e88c-4680-9314-f3b1bddb9e50
2026-07-22T15:24:48.258Z,POST,/customers/,200,1,130.380,707ff7d3-1512-4786-abfd-d8ace54eff2e
2026-07-22T15:24:40.994Z,GET,/workers/?page=1&pageSize=10,200,1,7396.117,762c98f1-c8c9-4713-9416-58427cc01797
2026-07-22T15:24:48.276Z,POST,/orders/,200,1,117.516,32236efe-079f-461c-ad5f-192c2aae4581
2026-07-22T15:24:48.286Z,POST,/workers/,200,1,128.291,df50e916-ee90-4875-b374-7e7245d5c17f
2026-07-22T15:24:48.288Z,POST,/users/,200,1,126.086,8a484956-49af-46f9-87a8-41708d54aa27
2026-07-22T15:24:48.300Z,PATCH,/work/set-estimate,200,1,147.207,cf7e8534-09bf-4692-9c25-8514f6a5f2cb
2026-07-22T15:24:48.310Z,POST,/workers/,200,1,136.976,593a9f58-318c-42ca-aa9b-8257b20724fd
2026-07-22T15:24:42.525Z,GET,/cars/453880c8-b967-4773-b14a-dee4809f7ae9,200,1,5927.044,fffad602-0d21-4208-a3c2-239540d6acdb
2026-07-22T15:24:48.193Z,POST,/customers/,200,1,260.587,9783c644-b55f-4a4f-a4c1-7110e4e5df5c
2026-07-22T15:24:48.191Z,PATCH,/orders/apply-discount,200,1,262.887,2c29feab-5d9e-47be-aef1-7f0bc019ea5a
2026-07-22T15:24:42.100Z,GET,/orders/35839a33-f298-4d94-ba59-4b956d1c76cf,200,1,6363.863,7776ceae-658d-4f4d-b9ac-84efa0ff124a
2026-07-22T15:24:48.207Z,POST,/work/,200,1,259.702,e27f43f3-2fc6-41a4-a700-bc294fad819d
2026-07-22T15:24:48.339Z,POST,/cars/,200,1,134.031,1f415f13-e669-449a-b8b7-fdc096a8d9d1
2026-07-22T15:24:48.226Z,POST,/work/,200,1,247.995,5fe66fe3-cfb5-4104-a2eb-f4225b37e8ec
2026-07-22T15:24:48.224Z,POST,/workers/,200,1,250.323,9c2648b0-228d-417a-8149-52a8c8173fdf
2026-07-22T15:24:48.246Z,POST,/users/,200,1,243.190,118ea9bf-c0ce-456c-a601-7880e17eb744
2026-07-22T15:24:46.135Z,GET,/users/1e2ceffe-8178-45bf-a7eb-4f7982818c0d,200,1,2372.455,29754236-b3b0-4dea-a1da-59e1655c7a93
2026-07-22T15:24:48.368Z,PATCH,/customers/change-contacts,200,1,140.081,61c2cad5-4c05-496a-96a2-a95c794d7085
2026-07-22T15:24:48.371Z,POST,/cars/,200,1,157.095,f9cc7327-d725-402b-b05b-85202eef3219
2026-07-22T15:24:48.015Z,POST,/orders/,200,1,514.640,b8a0e43d-1ff9-403b-8cab-4e277443166a
2026-07-22T15:24:48.377Z,POST,/work/,200,1,152.981,d203c7e9-32b3-4ef3-bf02-0e2914f96acd
2026-07-22T15:24:48.379Z,POST,/orders/,200,1,151.840,0a028abb-a864-439e-870d-b0c2696c46ee
2026-07-22T15:24:44.217Z,GET,/users/0f66410c-74df-4e96-8a07-c3c9ea48190f,200,1,4315.050,418ff610-860e-4892-9e7e-e657e5303acc
2026-07-22T15:24:48.379Z,PATCH,/users/change-password,200,1,154.320,4d5f6b03-8066-47a9-8d7f-59350a08b392
2026-07-22T15:24:48.280Z,POST,/workers/,200,1,253.617,5a4238eb-670e-4828-bbbc-21978d265913
2026-07-22T15:24:48.407Z,POST,/cars/,200,1,129.358,4195a69c-abf8-46b6-ab2a-99f88dfc8a20
2026-07-22T15:24:48.060Z,POST,/work/,200,1,476.369,4c887d13-cc59-4bbb-813a-8737d4614d60
2026-07-22T15:24:48.411Z,POST,/cars/,200,1,133.422,e739008a-32f4-486c-96ff-8abde4abcc59
2026-07-22T15:24:42.202Z,GET,/users/766e822a-7810-444b-b3fb-b087ab9c51b5,200,1,6343.708,aaa6a41b-31ff-4a5d-8053-09c02ab6d60d
2026-07-22T15:24:48.549Z,GET,/orders/40eaf2e2-1369-4e87-a587-4ee3bb566d62,0,0,2.027,
2026-07-22T15:24:48.421Z,PATCH,/orders/set-priority,200,1,132.652,7d0e37f8-3729-456e-b153-4be55e67ab43
2026-07-22T15:24:48.427Z,PATCH,/work/set-estimate,200,1,127.337,e64f5fa5-a2c6-408b-bf85-0c86e127669c
2026-07-22T15:24:48.448Z,POST,/orders/,200,1,125.601,29e40f2c-9076-4510-b66b-5032c3dc6ff4
2026-07-22T15:24:48.448Z,PATCH,/orders/set-priority,200,1,131.775,ec53287d-7c02-4a2f-b470-eb5fe664c16a
2026-07-22T15:24:48.337Z,POST,/orders/,200,1,243.006,38a6757f-6661-49aa-9d98-c3bec81a7e9b
2026-07-22T15:24:48.464Z,PATCH,/orders/apply-discount,200,1,129.977,07b9a793-b6f1-4a02-a0d5-43df360fcf59
2026-07-22T15:24:48.474Z,POST,/orders/,200,1,129.470,9f2e5f9f-ec41-41a9-89f3-4da8f6c302f5
2026-07-22T15:24:47.953Z,POST,/work/,200,1,651.489,7f9120d1-ac17-42b6-a6b5-a09b9154010e
2026-07-22T15:24:48.361Z,POST,/cars/,200,1,242.672,4ca24006-ee1b-4c86-99f4-48e4946c6bc8
2026-07-22T15:24:44.473Z,GET,/orders/?page=1&pageSize=10,200,1,4131.459,5d31ee95-61f2-4577-94bf-42216cc0d529
2026-07-22T15:24:48.484Z,PATCH,/workers/change-role,200,1,126.937,2c18540f-b0da-4cbd-8f7a-d7c836abb143
2026-07-22T15:24:48.099Z,POST,/users/,200,1,511.510,ab6823d2-9b2a-4b93-9aa9-2dfe110e7844
2026-07-22T15:24:43.825Z,GET,/users/?page=1&pageSize=10,200,1,4789.611,305d3b23-e489-4c44-b2db-38ce2da2bf7b
2026-07-22T15:24:48.486Z,PATCH,/customers/change-contacts,200,1,133.509,52867171-4660-4cc4-b75a-4eaaf00792d4
2026-07-22T15:24:43.093Z,GET,/cars/e920b2ef-877c-48c6-a153-cb96a09fe17f,200,1,5547.972,ef44a5b5-f591-4e31-9f16-30027ca0ae28
2026-07-22T15:24:48.525Z,POST,/cars/,200,1,130.502,1266c01d-3a27-43bd-a6c2-f9a1496d8744
2026-07-22T15:24:46.612Z,GET,/orders/7049c77a-0c9d-4253-8cfb-5914faa66081,200,1,2044.903,6364e547-e0a3-41ab-b799-f51a9d36ce57
2026-07-22T15:24:48.534Z,POST,/customers/,200,1,139.012,334e5044-2c43-47d6-bad9-e73e3e5e3521
2026-07-22T15:24:48.218Z,POST,/customers/,200,1,472.488,dcc471a3-4221-4f15-a72d-4aafe4296f59
2026-07-22T15:24:48.221Z,POST,/orders/,200,1,469.479,d5966622-c55c-49a8-9ef7-bc3cd1d6ce21
2026-07-22T15:24:48.216Z,PATCH,/customers/change-contacts,200,1,475.202,9691acce-205e-4c80-8b48-d109ef838fd2
2026-07-22T15:24:48.557Z,POST,/users/,200,1,145.933,df1c34fc-0f51-4e2e-9220-b31733f1e729
2026-07-22T15:24:43.014Z,GET,/customers/af0aef8b-5039-488c-935f-8054d5863a46,200,1,5693.011,94a31f8a-cdde-42c2-88f0-91b1e249aab6
2026-07-22T15:24:48.583Z,PATCH,/workers/change-role,200,1,134.323,2b4a0889-67cd-49fa-9e42-d09a8be151b9
2026-07-22T15:24:48.567Z,PATCH,/customers/rename,200,1,150.592,a70b05ec-6adf-4cf7-820c-ad0a437a4428
2026-07-22T15:24:48.568Z,POST,/customers/,200,1,177.362,157293a8-9762-46e0-aa4f-740bc1f5775a
2026-07-22T15:24:43.061Z,GET,/customers/8eb6c773-11e6-4484-a7fa-3e4bad3c8227,200,1,5684.935,fc1b3063-7852-4658-806a-fcf6d8b5da3d
2026-07-22T15:24:48.593Z,POST,/cars/,200,1,166.465,e9cb7d46-bdd2-462f-bba5-2cba5e9321be
2026-07-22T15:24:48.605Z,POST,/orders/,200,1,155.704,425c0188-89b5-4056-8f03-e2852a41a60d
2026-07-22T15:24:48.589Z,PATCH,/workers/change-role,200,1,171.306,e252d9ef-993e-4384-af0b-1228eb528d84
2026-07-22T15:24:48.240Z,POST,/users/,200,1,520.850,9d1a7c7b-7f0d-4b0e-bd11-3b700ca17290
2026-07-22T15:24:48.610Z,PATCH,/workers/change-hourly-rate,200,1,152.694,a05f8e27-728a-4793-91bb-e405274b2804
2026-07-22T15:24:48.614Z,POST,/users/,200,1,149.920,babbff85-aca8-4124-8b67-5dc53060d063
2026-07-22T15:24:48.605Z,PATCH,/customers/change-contacts,200,1,159.388,4c76b881-346f-45c2-8fc0-8fb8a12f413e
2026-07-22T15:24:48.242Z,PATCH,/workers/change-hourly-rate,200,1,522.846,88ee6b68-fd8d-47ab-86d7-88578b09aae7
2026-07-22T15:24:48.252Z,PATCH,/workers/change-role,200,1,513.534,49331f71-afc5-419b-9024-6cba057dd174
2026-07-22T15:24:48.617Z,PATCH,/work/change-description,200,1,151.833,672b8a10-1677-4024-8493-392bd9ca4e41
2026-07-22T15:24:48.635Z,POST,/orders/,200,1,144.051,5fb405c9-9b73-421b-bb0f-610934d98ed3
2026-07-22T15:24:48.652Z,PATCH,/customers/change-contacts,200,1,131.429,2405db3d-87c1-4bca-aea6-c35ad62610c1
2026-07-22T15:24:48.332Z,PATCH,/orders/set-priority,200,1,462.925,a12dd246-6dff-4194-b049-ac556bda5dce
2026-07-22T15:24:48.672Z,PATCH,/workers/change-hourly-rate,200,1,173.889,370d92f8-c726-4a09-9623-9f87a1d38bd6
2026-07-22T15:24:48.697Z,POST,/customers/,200,1,149.521,b44ac8e5-91cc-4e89-aadf-7a7f9738c5bc
2026-07-22T15:24:48.673Z,POST,/customers/,200,1,174.376,f0a86451-4918-4c1c-86fd-5ed2c728409a
2026-07-22T15:24:48.700Z,POST,/work/,200,1,146.985,f3e073f1-30cf-45d0-861e-9b1a4a0e11cc
2026-07-22T15:24:48.704Z,PATCH,/work/change-description,200,1,156.878,78406dd0-f067-4b41-8cae-85f927c9f3ea
2026-07-22T15:24:47.342Z,GET,/workers/?page=1&pageSize=10,200,1,1519.999,8cb96364-c952-4811-9442-b0349b15ea97
2026-07-22T15:24:48.768Z,PATCH,/work/change-description,200,1,140.190,320edb0d-5fa8-4d9b-9e7b-7ec16ea41838
2026-07-22T15:24:48.782Z,POST,/users/,200,1,133.555,e0fa8481-aa52-437f-a784-a4a50c573faa
2026-07-22T15:24:48.809Z,POST,/orders/,200,1,122.894,446789ad-669b-4602-96e6-cfe33609d97e
2026-07-22T15:24:48.825Z,POST,/users/,200,1,132.052,eca7a672-1ae2-42c6-b54f-9dd944036bc9
2026-07-22T15:24:48.832Z,POST,/workers/,200,1,131.767,5d02c83a-2974-48ac-84d2-d26f1b0549e0
2026-07-22T15:24:48.835Z,PATCH,/customers/rename,200,1,128.843,a11247b7-6351-4eef-bfe3-0b8d7bf6f5d8
2026-07-22T15:24:40.391Z,GET,/work/fac96738-87ec-422e-817e-744b5aefbd30,200,1,8573.135,3e2feb50-1152-473e-9de1-1745d8f9785c
2026-07-22T15:24:43.377Z,GET,/cars/e920b2ef-877c-48c6-a153-cb96a09fe17f,200,1,5588.573,2ac6f280-31ae-4460-9a79-54d43c9e186e
2026-07-22T15:24:48.838Z,POST,/cars/,200,1,129.549,504346a0-40b0-43a5-b392-48ad77441e13
2026-07-22T15:24:48.844Z,POST,/work/,200,1,136.647,b78d99a3-1bd9-4f60-a754-2bf69709697b
2026-07-22T15:24:48.857Z,POST,/workers/,200,1,124.408,fa98efac-1ac6-480b-b055-99e0807de67d
2026-07-22T15:24:48.056Z,GET,/users/?page=1&pageSize=10,200,1,955.738,c86a2b0c-0c98-448a-9595-690505f222ae
2026-07-22T15:24:48.873Z,POST,/cars/,200,1,140.667,b3cf1edd-f452-4e17-800f-586be25344f8
2026-07-22T15:24:48.873Z,PATCH,/orders/apply-discount,200,1,140.563,f096c1c4-6a40-4861-bd07-98cb29c67635
2026-07-22T15:24:46.144Z,GET,/customers/599e6482-3d39-4479-bc57-bb4b8779c72d,200,1,2876.602,b5c1a21c-b396-4944-bca4-97930ac8a095
2026-07-22T15:24:48.540Z,POST,/workers/,200,1,482.711,c4db5afd-b131-4b14-85e8-ceb0a7fd7859
2026-07-22T15:24:48.537Z,POST,/orders/,200,1,485.794,9b0738ed-8d54-4838-a8a7-d866af147319
2026-07-22T15:24:48.894Z,POST,/customers/,200,1,135.248,af229280-a890-412a-965b-73e1a1ac8081
2026-07-22T15:24:48.903Z,POST,/users/,200,1,126.307,3c791b07-d664-4b83-a703-c9750b328f0b
2026-07-22T15:24:47.934Z,GET,/users/?page=1&pageSize=10,200,1,1102.941,facba04c-3304-447e-850c-b4de83813b60
2026-07-22T15:24:48.903Z,PATCH,/work/change-description,200,1,134.290,f39c59cd-57fa-4347-b0ba-9e357b3605d8
2026-07-22T15:24:42.748Z,GET,/users/3fc73758-273e-4954-bfb0-4bbb97f73d7d,200,1,6289.774,d07948a3-0ab8-4c0a-94f2-97574b8004e0
2026-07-22T15:24:48.574Z,POST,/orders/,200,1,482.840,223a7510-1428-497c-8fc5-e5fba4ec32e4
2026-07-22T15:24:48.562Z,POST,/users/,200,1,494.950,006d2eab-37d9-4ba5-817e-5c285364ebc0
2026-07-22T15:24:48.929Z,PATCH,/customers/change-contacts,200,1,135.698,f56a97d9-c3f7-4dd8-86a7-37a7a17bce7e
2026-07-22T15:24:48.932Z,POST,/cars/,200,1,134.987,297d16fa-ef78-404d-9b01-d9bd8fa43833
2026-07-22T15:24:48.942Z,POST,/orders/,200,1,128.109,fdb130ff-ad70-47a2-b424-1c982c77a28e
2026-07-22T15:24:48.538Z,PATCH,/cars/record-mileage,200,1,532.297,9a91d987-aa3d-489c-bef8-46aa489d47bb
2026-07-22T15:24:47.659Z,GET,/customers/6760547e-3b75-4b8b-9d3b-4c3d10716259,200,1,1413.614,7dffe01a-d56e-4221-b2b6-f45c46504e61
2026-07-22T15:24:48.235Z,GET,/orders/?page=1&pageSize=10,200,1,838.088,37a4d2f0-99c4-4939-b366-da19a85bdd10
2026-07-22T15:24:40.214Z,GET,/orders/69a68c22-9c08-4a4d-999f-1ca7a78bf83d,200,1,8870.948,efac9e72-8f94-4691-9b9b-e41d4400c0bd
2026-07-22T15:24:48.961Z,PATCH,/workers/change-role,200,1,126.040,9568836c-8132-4629-b8b0-a701172f7475
2026-07-22T15:24:48.964Z,POST,/customers/,200,1,124.392,14387bdc-519a-4969-acde-9af7ee56ac8a
2026-07-22T15:24:48.969Z,PATCH,/work/change-title,200,1,123.034,8d940887-ae7a-423a-870f-9cab418b646d
2026-07-22T15:24:47.627Z,GET,/work/?page=1&pageSize=10,200,1,1471.332,93fd49ba-9a7b-48a7-b469-5925eec05b12
2026-07-22T15:24:40.391Z,GET,/cars/?page=1&pageSize=10,200,1,8712.398,07ded56f-5aaf-456d-8111-eaf45cd4a1b3
2026-07-22T15:24:44.003Z,GET,/cars/e1f725fe-6ddb-46f4-a1a5-746b1ee119fb,200,1,5112.557,5324ea12-86c7-43ff-a92e-9c3f4b8566b0
2026-07-22T15:24:48.994Z,POST,/orders/,200,1,123.402,d5bcfd29-5345-4b3f-aebd-ed676509a79b
2026-07-22T15:24:48.996Z,PATCH,/work/change-description,200,1,124.657,44ade984-9731-44a9-b2db-d40ae30c78b2
2026-07-22T15:24:42.848Z,GET,/cars/453880c8-b967-4773-b14a-dee4809f7ae9,200,1,6280.415,7c73c9f6-5d48-4a79-b34b-bf6839b46771
2026-07-22T15:24:49.010Z,POST,/cars/,200,1,128.787,6ce5ad1d-0c54-4f08-903f-efd6752fb7e4
2026-07-22T15:24:48.663Z,POST,/work/,200,1,485.680,fd7ad9cb-9d9e-4695-9eb0-367fe57369d7
2026-07-22T15:24:49.028Z,POST,/users/,200,1,130.327,ddaf2ffe-b6b4-48d4-94ab-34faed4bebe5
2026-07-22T15:24:49.036Z,PATCH,/orders/apply-discount,200,1,127.283,9d6a4675-9835-4ffe-ba3f-dee3f2e6f1ed
2026-07-22T15:24:49.038Z,POST,/customers/,200,1,125.317,d726bc89-ab4b-4d20-b119-bbd98d5cabe4
2026-07-22T15:24:49.043Z,PATCH,/work/change-description,200,1,124.645,42ff1103-4cc6-455c-b8d8-be4644825777
2026-07-22T15:24:41.428Z,GET,/cars/?page=1&pageSize=10,200,1,7751.799,e8185288-af5b-4799-93bf-bd172cd1197f
2026-07-22T15:24:49.057Z,POST,/customers/,200,1,123.617,491a1789-e6f0-43a1-a7f4-e4c2b50b960c
2026-07-22T15:24:43.650Z,GET,/work/?page=1&pageSize=10,200,1,5540.993,d776ccc4-41f1-4ecb-b362-a5d90ac6ee33
2026-07-22T15:24:49.065Z,POST,/users/,200,1,127.856,ae1b0141-54bd-45f3-971f-ab98601ad50f
2026-07-22T15:24:49.080Z,POST,/users/,200,1,124.196,27c59b7a-03c1-461b-90d9-e5a95bd3f53e
2026-07-22T15:24:48.689Z,POST,/cars/,200,1,515.699,c62ae710-0ee2-4225-b08f-ec84fa1872e7
2026-07-22T15:24:48.946Z,PATCH,/cars/record-mileage,200,1,258.175,8ba41605-1d82-4a41-856f-cd6885b60915
2026-07-22T15:24:48.951Z,PATCH,/orders/apply-discount,200,1,258.629,7537e4dd-40a2-4d77-a845-1be5ef6fa43e
2026-07-22T15:24:48.709Z,POST,/users/,200,1,501.955,7ababeac-a63f-441e-966f-e013070545a6
2026-07-22T15:24:48.671Z,POST,/work/,200,1,540.259,3fc1196e-8135-4a2c-acda-d8dd7946f935
2026-07-22T15:24:48.668Z,PATCH,/work/change-title,200,1,547.304,e94296ea-bcc0-4393-8cfe-9e95d7585703
2026-07-22T15:24:49.098Z,POST,/work/,200,1,126.020,ca65a65a-ad9d-4713-b277-242d8ed45423
2026-07-22T15:24:49.098Z,PATCH,/workers/change-role,200,1,133.265,3d5660f5-9d9b-4bf3-a168-4aedbb2e567b
2026-07-22T15:24:49.106Z,PATCH,/orders/set-priority,200,1,128.529,f75a81d4-3335-46cf-8138-60013d209cdf
2026-07-22T15:24:42.971Z,GET,/cars/039e7489-f38d-4dad-96b1-ae321c4c6990,200,1,6265.230,91265ce3-a158-4fb9-b53f-705c101eeee2
2026-07-22T15:24:49.117Z,PATCH,/cars/record-mileage,200,1,128.408,9ddaff18-86b0-4789-9f02-48e166371d91
2026-07-22T15:24:49.139Z,POST,/workers/,200,1,122.724,4b2002d2-40c7-4cc4-9e3c-fdddfd97f539
2026-07-22T15:24:49.147Z,POST,/cars/,200,1,123.349,51a50b34-a2af-473f-ab01-8c9395b2631c
2026-07-22T15:24:49.151Z,POST,/orders/,200,1,122.379,ddcc620e-dcd8-4840-9df1-21609365ab4f
2026-07-22T15:24:44.755Z,GET,/orders/62da99c6-78ed-4785-9edd-ce2ad8a5254b,200,1,4521.412,127fea48-c3e0-4c0a-8a09-d0f3f4b10ddb
2026-07-22T15:24:49.157Z,PATCH,/customers/rename,200,1,122.858,40a3dd8c-462f-4912-a792-a9f831cd2fa4
2026-07-22T15:24:41.779Z,GET,/customers/4bbfa63d-978d-4628-b8cc-8abfa2ede6ac,200,1,7509.961,6f39258b-ca79-49af-ab31-e9be72ad62c3
2026-07-22T15:24:49.168Z,PATCH,/customers/rename,200,1,126.581,4dbf3313-b0d6-4c6a-8054-0f7594d865ca
2026-07-22T15:24:49.173Z,POST,/work/,200,1,124.331,723499a2-e2bd-4f97-88d9-5ef155571ab2
2026-07-22T15:24:49.175Z,POST,/work/,200,1,123.375,30e1a63d-70d2-4106-a128-8e8b31df40f8
2026-07-22T15:24:49.189Z,POST,/customers/,200,1,141.527,7312407a-4ca4-4853-92f6-394945763ff9
2026-07-22T15:24:49.188Z,PATCH,/workers/change-hourly-rate,200,1,143.167,0a32890b-0b6e-4a66-8f3d-dad163eb03c9
2026-07-22T15:24:41.426Z,GET,/workers/?page=1&pageSize=10,200,1,7906.950,e8760777-7b54-4c0d-b84f-3e8a2090e0b8
2026-07-22T15:24:49.202Z,POST,/orders/,200,1,133.226,d1d6de63-1376-4e68-af6f-070e8717ea7b
2026-07-22T15:24:49.207Z,POST,/users/,200,1,128.222,754db034-f0a3-4e77-872e-1c87093f125b
2026-07-22T15:24:48.378Z,GET,/users/?page=1&pageSize=10,200,1,959.787,02eeff88-ee81-443a-91b3-35faedbfe43a
2026-07-22T15:24:49.087Z,PATCH,/orders/apply-discount,200,1,251.206,48801056-0dc9-4f6c-9318-f1f30a3b9ad3
2026-07-22T15:24:49.212Z,POST,/orders/,200,1,126.195,089a2e2a-d2d8-4acf-894a-4a5ed662c3b3
2026-07-22T15:24:49.214Z,POST,/cars/,200,1,124.832,48f48a0b-710f-4a42-befa-c008f3d7ad3d
2026-07-22T15:24:49.215Z,POST,/work/,200,1,124.062,4fd213e9-061d-4071-b31f-194c9a6717a2
2026-07-22T15:24:47.926Z,GET,/workers/8572ea1f-feb8-4948-a81d-d28721e734d9,200,1,1421.756,67fc1277-83bf-4613-94a9-f34ec8fff4b7
2026-07-22T15:24:49.231Z,PATCH,/workers/change-role,200,1,123.333,6d74cca9-c815-43f3-86b4-4159fb2101e8
2026-07-22T15:24:41.868Z,GET,/orders/6188bfd6-ac46-4737-a8f5-670b0a3051c0,200,1,7503.504,60ea553a-89bc-4a1f-a019-aea61b67e81d
2026-07-22T15:24:49.252Z,POST,/customers/,200,1,124.467,6c020318-1134-4040-a211-e7a89afed578
2026-07-22T15:24:42.527Z,GET,/users/a754e6ad-f303-410f-a948-4599a70e496c,200,1,6860.242,6f5def95-277a-4cc5-9ba9-c2bc0df07d80
2026-07-22T15:24:49.284Z,POST,/workers/,200,1,124.723,50f04e57-4be5-45ab-8eb1-e5b0a1b0f8de
2026-07-22T15:24:49.283Z,POST,/work/,200,1,126.694,b0008178-f77a-4d09-9071-de04c4200073
2026-07-22T15:24:48.948Z,POST,/customers/,200,1,473.471,ab39316f-0c05-4613-8bc7-4014f641f496
2026-07-22T15:24:49.298Z,PATCH,/users/change-password,200,1,132.831,27fe1c88-9c7a-4a87-876c-9e704674b460
2026-07-22T15:24:49.307Z,POST,/users/,200,1,124.292,043be9d2-91b5-4041-8b9f-131a39fc961d
2026-07-22T15:24:41.020Z,GET,/workers/f0404331-ea1f-47cd-8394-cca537f0413b,200,1,8412.799,00492786-1284-4bb6-b59e-f42c6245d9cc
2026-07-22T15:24:48.238Z,POST,/cars/,200,1,1204.779,f49664a6-528f-4fe6-b0f7-497665dae746
2026-07-22T15:24:49.320Z,POST,/users/,200,1,135.939,941cc87b-5707-41a9-a658-b165041c5a0d
2026-07-22T15:24:49.324Z,POST,/users/,200,1,132.688,ae8d95cc-821d-4834-ba29-016c3a2f5d21
2026-07-22T15:24:48.243Z,POST,/cars/,200,1,1220.277,370508aa-1882-4cea-8cb4-16ee1d3252aa
2026-07-22T15:24:49.333Z,POST,/cars/,200,1,133.812,b5128abf-cb80-4cab-b651-a14288c83d74
2026-07-22T15:24:49.339Z,PATCH,/work/change-title,200,1,130.554,60519e49-7ecf-4ee5-979a-8c153873f609
2026-07-22T15:24:49.345Z,PATCH,/workers/change-role,200,1,128.923,84aa2a3d-8a05-49ee-8875-280283a7b1e1
2026-07-22T15:24:49.349Z,POST,/workers/,200,1,130.584,12322a28-4a1e-4538-b4dd-591f71d97675
2026-07-22T15:24:49.373Z,POST,/workers/,200,1,123.974,61889678-f78e-4af6-87ea-66136eedcb8d
2026-07-22T15:24:49.029Z,POST,/users/,200,1,479.454,4eb728dc-902a-4df6-8294-e3868dafb747
2026-07-22T15:24:49.405Z,POST,/orders/,200,1,125.899,938948bd-7fda-4bec-87a4-9f5cf090c300
2026-07-22T15:24:49.291Z,POST,/customers/,200,1,253.634,5868ea01-e499-4775-ba8e-16cc843aaeaf
2026-07-22T15:24:49.411Z,POST,/workers/,200,1,133.596,94a59716-a7e0-4ef6-8fcc-c420a49419b8
2026-07-22T15:24:49.414Z,POST,/work/,200,1,130.803,7cd6113c-588f-4589-a98c-dd5a64d3a04b
2026-07-22T15:24:40.533Z,GET,/workers/7703ce7c-63f1-4b1f-b716-eb80cf279a10,200,1,9018.711,00072ea0-7949-4891-a982-12c3eaf455bc
2026-07-22T15:24:48.371Z,GET,/orders/6e6d31c9-1ec5-406a-ab87-ab47c6046d85,200,1,1188.915,409c0e9a-7b8e-4b02-b7fa-c0a2410ecaa1
2026-07-22T15:24:49.429Z,POST,/orders/,200,1,131.112,f44c69d2-e88f-432d-b61b-07ab52ea4f75
2026-07-22T15:24:49.431Z,POST,/customers/,200,1,138.038,9ac94ed6-2d5c-4ed7-b425-38d540fb7b1f
2026-07-22T15:24:49.432Z,PATCH,/orders/apply-discount,200,1,136.892,8e1902fe-ffed-4e03-bdfe-6298db2e1183
2026-07-22T15:24:49.444Z,POST,/workers/,200,1,135.672,57df514f-e81a-4c61-9fe0-05a5c94f878c
2026-07-22T15:24:49.455Z,POST,/work/,200,1,131.501,973e0ac8-5454-4857-8089-b8a1c975b2c8
2026-07-22T15:24:48.720Z,GET,/orders/653992c8-8280-4744-844d-2c8439256c10,200,1,875.346,c4069434-a5e9-4572-98ef-a5e7c4b3f88c
2026-07-22T15:24:44.363Z,GET,/workers/0d9d6639-9e89-460f-a9b8-5d40d19b7ea5,200,1,5235.359,62f263e4-335e-40fa-8108-d54affca3eff
2026-07-22T15:24:48.882Z,GET,/cars/?page=1&pageSize=10,200,1,727.716,15c1f770-9ba2-4bd4-894c-8b14bf1b1b5d
2026-07-22T15:24:49.470Z,POST,/workers/,200,1,148.370,8714f8e6-4d92-4f8b-ad5c-4d8638d18ece
2026-07-22T15:24:49.467Z,POST,/customers/,200,1,151.574,6eefa947-c604-4938-8f92-b113ec43985a
2026-07-22T15:24:49.473Z,PATCH,/orders/apply-discount,200,1,151.625,55a679aa-84b5-4b8f-b9a0-b5a5cc61c661
2026-07-22T15:24:48.701Z,PATCH,/customers/change-contacts,200,1,930.514,ed232111-84ba-4563-925d-6f6702afa970
2026-07-22T15:24:49.498Z,POST,/customers/,200,1,140.707,7afd1b66-9147-49a8-bf89-4add6ba4219d
2026-07-22T15:24:47.497Z,GET,/orders/c6720db8-b7a4-4ac0-bb60-637ec20acdc0,200,1,2142.055,6e693751-a6fb-47df-a7f9-9aba6c70c4fb
2026-07-22T15:24:48.917Z,GET,/users/?page=1&pageSize=10,200,1,727.129,34eb33fa-8ef0-4322-8884-e88bbed4d1c5
2026-07-22T15:24:49.384Z,POST,/work/,200,1,274.182,fda7738d-e50f-4477-ab93-a53f6d9aa5eb
2026-07-22T15:24:49.504Z,POST,/customers/,200,1,164.357,d1cf3078-dc74-480b-9e5e-4068258bad18
2026-07-22T15:24:49.521Z,POST,/orders/,200,1,171.456,de10963c-6bbd-4d58-b53d-7779a9e2d09e
2026-07-22T15:24:49.541Z,POST,/orders/,200,1,156.751,35337106-4c70-4cb9-90b0-487218c15965
2026-07-22T15:24:49.558Z,POST,/users/,200,1,146.808,7b4e6bf8-c200-49fa-9730-6912807fe588
2026-07-22T15:24:49.561Z,POST,/orders/,200,1,143.276,a0aab3c5-b1ab-4841-afea-c065841fba6c
2026-07-22T15:24:49.553Z,POST,/customers/,200,1,153.739,506ff614-d023-4007-ad03-aeb0f8de0b18
2026-07-22T15:24:49.570Z,PATCH,/users/change-password,200,1,140.132,4f41f6d7-8bf7-48fd-8579-26cd7a49f0b4
2026-07-22T15:24:49.565Z,PATCH,/work/change-title,200,1,148.599,7e11a2b3-ebb7-490d-8eee-15d41d6db5dc
2026-07-22T15:24:49.579Z,POST,/workers/,200,1,139.696,629a9bc2-2199-4ad5-9571-70dbafbfa50b
2026-07-22T15:24:47.291Z,GET,/work/17f06694-e9c9-4e9b-a6d8-47fb62752f54,200,1,2432.687,f5d83ffd-df6a-4039-b1f7-379909148144
2026-07-22T15:24:49.585Z,PATCH,/workers/change-role,200,1,138.996,8ed3c299-b3a4-4100-8f62-54dfee52da6f
2026-07-22T15:24:49.642Z,POST,/cars/,200,1,118.765,958384c0-2681-4469-bcde-ed307d303bb2
2026-07-22T15:24:45.042Z,GET,/cars/?page=1&pageSize=10,200,1,4723.543,13f4f4fb-3eb7-4785-b6a0-e95c1d74cd1f
2026-07-22T15:24:49.650Z,POST,/orders/,200,1,122.790,0f825c40-2352-42a2-b349-eabce03cece3
2026-07-22T15:24:49.654Z,POST,/orders/,200,1,132.335,d5a59d7b-f741-47fc-a652-17df42056759
2026-07-22T15:24:49.658Z,POST,/customers/,200,1,128.433,061012c0-0dc0-49a8-ba81-211ea7115569
2026-07-22T15:24:49.662Z,POST,/cars/,200,1,124.670,5f4fe8f4-5ac1-45be-b2ad-0cfc94450c84
2026-07-22T15:24:49.675Z,POST,/work/,200,1,143.315,9324ce23-4e77-4c83-b6c9-33f8ec3aad4a
2026-07-22T15:24:49.674Z,POST,/users/,200,1,145.423,a351c970-864b-451b-84a3-fc9806874f26
2026-07-22T15:24:49.718Z,POST,/workers/,200,1,126.602,5fc0e650-e401-4771-8775-45b71ad82e4d
2026-07-22T15:24:49.752Z,PATCH,/customers/change-contacts,200,1,124.751,c87f0d0b-5cec-43ac-bc2c-3da7c50270b2
2026-07-22T15:24:49.787Z,POST,/customers/,200,1,138.807,3e65c06c-46b5-4cb4-b18e-c62abcce202e
2026-07-22T15:24:49.783Z,POST,/work/,200,1,146.777,90d859ac-4b5c-476f-901f-49da4fa82f55
2026-07-22T15:24:49.786Z,PATCH,/work/change-description,200,1,144.442,97a8d13e-cbd4-4aad-80f8-f17eb9f7a449
2026-07-22T15:24:49.784Z,PATCH,/work/change-description,200,1,153.364,30b77f51-63f8-4dda-993d-acb63782589a
2026-07-22T15:24:47.439Z,GET,/orders/?page=1&pageSize=10,200,1,2511.570,8db2bb45-3969-4e48-a5eb-42372d8fab30
2026-07-22T15:24:49.817Z,PATCH,/work/set-estimate,200,1,159.411,8fd29f79-42bc-4dbc-9655-32e3f0c0ba23
2026-07-22T15:24:49.843Z,PATCH,/customers/change-contacts,200,1,145.803,973cf034-fd24-4d35-8b31-0e82d5af19e8
2026-07-22T15:24:41.656Z,GET,/customers/d9fde39a-e44d-4c92-ba59-e03fd0d9a117,200,1,8334.215,27bcb7df-c8ec-45ca-a198-c441855319fe
2026-07-22T15:24:49.874Z,POST,/work/,200,1,126.494,46a7a876-8ccd-4d11-a70f-78584d0aad28
2026-07-22T15:24:44.709Z,GET,/customers/?page=1&pageSize=10,200,1,5298.911,f00f3b09-ad29-44da-8acd-d13db70d04ae
2026-07-22T15:24:49.893Z,POST,/cars/,200,1,120.913,3d0f230d-d88e-4140-87d6-cde17638703f
2026-07-22T15:24:48.112Z,GET,/customers/301b4820-34d2-4f42-acf9-bf97011c051d,200,1,1912.565,b7ad2e6f-6fc6-46a3-a762-15159760496f
2026-07-22T15:24:47.493Z,GET,/work/?page=1&pageSize=10,200,1,2535.426,dd9cc664-fe76-47a9-b66d-a883e4cfdf5d
2026-07-22T15:24:49.899Z,POST,/cars/,200,1,132.102,fce3dd26-69d5-4976-a57a-c6ed0b932c12
2026-07-22T15:24:49.534Z,POST,/workers/,200,1,502.528,00bdfdb8-6d4e-4485-be1c-4333f345883b
2026-07-22T15:24:49.916Z,PATCH,/users/change-password,200,1,128.286,ecd1f2f2-6be8-4275-b35c-d6a6f9a3d5ab
2026-07-22T15:24:48.595Z,POST,/orders/,200,1,1508.390,b6a93e7b-49af-4b02-b1e6-a5a30c59daf0
2026-07-22T15:24:49.984Z,PATCH,/customers/rename,200,1,128.375,5685cf62-bcf5-4a7d-956a-9ff6a54cfa14
2026-07-22T15:24:49.990Z,POST,/users/,200,1,126.842,227da20d-acc1-4e51-9e16-c27afce4094d
2026-07-22T15:24:47.629Z,GET,/orders/1acc7fdc-111d-4c68-af1e-c89e38ff88a7,200,1,2488.572,c467a0b8-c4fe-46e4-92c2-d6a5db04b4ab
2026-07-22T15:24:49.986Z,POST,/cars/,200,1,136.988,eff6ca19-4a97-4dfa-ac8c-ad6338b3eac5
2026-07-22T15:24:49.993Z,POST,/users/,200,1,129.548,db0ad5c7-4484-4f44-924a-5b4bf2bde926
2026-07-22T15:24:44.471Z,GET,/customers/?page=1&pageSize=10,200,1,5661.606,2bdbe272-999e-4b1b-abfa-164366944148
2026-07-22T15:24:50.007Z,POST,/workers/,200,1,126.032,c9d48012-dc17-4814-ab45-dcdbfd7e0e9a
2026-07-22T15:24:50.009Z,POST,/workers/,200,1,124.560,706f1ec1-d67d-4a9b-b1bd-c87d67953a49
2026-07-22T15:24:39.611Z,GET,/customers/4951abe5-4fc6-4079-8c82-a28faf4007cf,200,1,10526.604,988498d0-c1ac-446a-8f72-3d1d708c4304
2026-07-22T15:24:42.181Z,GET,/customers/?page=1&pageSize=10,200,1,7966.714,3256d1fc-6a11-4587-9044-fa785bfb7245
2026-07-22T15:24:50.026Z,PATCH,/customers/rename,200,1,125.109,f02540dd-98b4-42b1-9ca0-94fde22ea8a9
2026-07-22T15:24:42.896Z,GET,/customers/?page=1&pageSize=10,200,1,7258.292,7ab706ff-0e84-4bbc-ba63-111c6bbfc185
2026-07-22T15:24:50.034Z,POST,/work/,200,1,123.350,c382f0cd-91a5-4f4a-869c-0479a4814d89
2026-07-22T15:24:50.048Z,POST,/orders/,200,1,119.736,5329f9a8-6a2e-4d59-a6a8-bfce3975438a
2026-07-22T15:24:50.061Z,POST,/orders/,200,1,124.444,098814b0-04a8-4a29-a300-fb9c1fad0928
2026-07-22T15:24:50.062Z,PATCH,/users/change-password,200,1,136.253,eb47d2e3-8242-4732-90e2-9653ba2e0baf
2026-07-22T15:24:44.171Z,GET,/users/?page=1&pageSize=10,200,1,6030.955,cee35b87-263e-4e3f-aa88-cc1c0f58c126
2026-07-22T15:24:42.556Z,GET,/customers/?page=1&pageSize=10,200,1,7659.262,6165333b-05f0-4185-84b2-91772ae47dd7
2026-07-22T15:24:44.163Z,GET,/work/?page=1&pageSize=10,200,1,6062.052,7c659769-4ea3-40c5-a4d1-a986e67dc45f
2026-07-22T15:24:50.122Z,POST,/orders/,200,1,125.044,5aeedb15-2bcb-4fa1-85e1-35b98244fdaa
2026-07-22T15:24:44.844Z,GET,/orders/?page=1&pageSize=10,200,1,5409.271,6653dc72-db51-4666-b405-4a4a001a6bcc
2026-07-22T15:24:50.134Z,POST,/work/,200,1,127.329,2502122b-7167-41ce-9b18-319573260a59
2026-07-22T15:24:49.784Z,POST,/work/,200,1,479.030,b916192f-2b23-47e5-ba6a-1551205f239d
2026-07-22T15:24:49.782Z,PATCH,/cars/record-mileage,200,1,480.888,8db03846-bbe4-4754-b4c3-1b669aa5ce0c
2026-07-22T15:24:49.781Z,POST,/cars/,200,1,481.803,c54f248d-9149-4f2f-913f-6a1f8dde7d04
2026-07-22T15:24:50.137Z,POST,/work/,200,1,128.524,7b382de6-2667-4966-a79c-0c918d8043a7
2026-07-22T15:24:50.157Z,POST,/orders/,200,1,124.382,9f5f5d4d-7b50-414c-9b43-11e74d2d7da3
2026-07-22T15:24:50.157Z,POST,/orders/,200,1,125.116,538ac26a-ac75-4bab-8713-b6dc11687b73
2026-07-22T15:24:50.158Z,PATCH,/workers/change-hourly-rate,200,1,123.899,c722a7e2-e746-4ef8-96ef-a5cefc8794bc
2026-07-22T15:24:50.161Z,POST,/users/,200,1,126.792,260834cd-cb1a-4930-b8e0-afc484cfed28
2026-07-22T15:24:50.229Z,PATCH,/cars/record-mileage,0,0,61.556,
2026-07-22T15:24:50.173Z,POST,/users/,200,1,125.326,fa36413b-620c-4a2f-891d-f475bb4c36c5
2026-07-22T15:24:42.780Z,GET,/workers/?page=1&pageSize=10,200,1,7518.631,480a6735-d311-491a-9984-881d40857bf6
2026-07-22T15:24:50.167Z,PATCH,/orders/set-priority,200,1,132.847,27a1d2c6-c4e7-4938-bfd6-9730b34be614
2026-07-22T15:24:50.068Z,PATCH,/users/change-password,200,1,248.182,7dcf25a2-3a0d-4a08-8b82-f2914a59bca9
2026-07-22T15:24:50.070Z,POST,/workers/,200,1,250.140,11e164d6-4f79-42c3-ae80-b0170616d86f
2026-07-22T15:24:50.077Z,POST,/customers/,200,1,246.425,5f5bd362-47b3-48f9-bf21-9e052bed7de4
2026-07-22T15:24:50.207Z,POST,/work/,200,1,120.972,178106e3-3c34-425a-b25c-ac18ca22d4c5
2026-07-22T15:24:41.215Z,GET,/customers/bb47c794-d391-49aa-b4ed-80aeef11b713/with-cars,200,1,9114.148,95653928-a0d7-4bae-8abc-9be8c4049b41
2026-07-22T15:24:50.091Z,POST,/users/,200,1,254.157,2c03a57e-fc12-4892-ae75-a3f5ed0f459c
2026-07-22T15:24:50.096Z,POST,/cars/,200,1,256.610,206287a3-c2a9-4c1c-af60-ed62b530f3ef
2026-07-22T15:24:49.866Z,POST,/customers/,200,1,486.702,fe78437f-f81d-455d-b7fc-c0bb57baeb2e
2026-07-22T15:24:49.872Z,POST,/workers/,200,1,480.693,74110014-3732-435f-9752-a891bdbf9755
2026-07-22T15:24:43.684Z,GET,/work/51ab4037-41f9-4d3a-8cdf-f1d741f04c18,200,1,6669.298,75210251-968c-4f8a-b986-9b7db7ac87d7
2026-07-22T15:24:47.560Z,GET,/orders/d8d61d87-1b13-4de3-ab4a-c1dcc7b9ab68,200,1,2817.033,ff50632c-b305-4029-abc4-9ebccf5b432f
2026-07-22T15:24:43.654Z,GET,/work/?page=1&pageSize=10,200,1,6726.798,8106bbb3-6f14-4f96-829d-13a6edadebd2
2026-07-22T15:24:50.265Z,POST,/work/,200,1,119.948,62daaeb7-4d69-4546-bfc0-ec3e39f0ac0d
2026-07-22T15:24:49.888Z,POST,/orders/,200,1,503.792,8b002ca2-a7fa-48d2-9adc-805f81a07162
2026-07-22T15:24:50.288Z,POST,/users/,200,1,125.509,eba29ba0-ae81-41df-84b0-39a3c673d36b
2026-07-22T15:24:50.179Z,POST,/orders/,200,1,252.381,8021dfb5-6ce0-4a56-a5da-26fbb5943b60
2026-07-22T15:24:50.182Z,POST,/users/,200,1,253.194,a3b271b1-0d18-437b-ae41-00cbe2b93117
2026-07-22T15:24:40.821Z,GET,/users/bf14ad24-7b53-4771-b56a-ffdc1be844df,200,1,9621.297,1592a68c-0791-42e3-a8b0-44096310d030
2026-07-22T15:24:50.321Z,POST,/work/,200,1,123.273,00e44573-54eb-471a-ab83-a37d59cf1412
2026-07-22T15:24:50.319Z,POST,/workers/,200,1,124.468,2c1a9805-c066-446a-a69c-cf0845e9ca61
2026-07-22T15:24:42.700Z,GET,/users/b251a9b1-79bd-49d3-bc83-e1ab9f7242dc,200,1,7748.993,572619cb-ca25-40df-a694-e0a0816348b9
2026-07-22T15:24:50.216Z,PATCH,/orders/set-priority,200,1,243.592,d34ea97a-971a-4203-bc42-99243ee0e323
2026-07-22T15:24:50.337Z,POST,/users/,200,1,129.081,d8640b20-4eb0-43ca-9a06-989e71573a2f
2026-07-22T15:24:49.650Z,GET,/work/20a36122-1457-47a0-8a4d-ac883c9f01f5,200,1,817.754,3cbab51d-ca1b-4dbe-9393-d2df96605230
2026-07-22T15:24:50.341Z,POST,/customers/,200,1,137.895,5daaa8aa-a8c2-46c0-8f61-10b5f9e1b372
2026-07-22T15:24:50.340Z,PATCH,/orders/apply-discount,200,1,143.181,68b527fb-271f-47b6-a244-68e0c486f13d
2026-07-22T15:24:50.230Z,PATCH,/workers/change-role,200,1,253.730,9b1b662d-c238-41aa-80f6-a35ef872cfb1
2026-07-22T15:24:50.357Z,POST,/workers/,200,1,131.454,db474bc0-98ba-474a-ae78-09af3aca2ad0
2026-07-22T15:24:50.237Z,POST,/customers/,200,1,252.643,df10f33e-54a3-4ce9-b0f1-79ea1d9b3501
2026-07-22T15:24:50.245Z,PATCH,/workers/change-hourly-rate,200,1,254.324,c29685c9-deb2-490c-94dc-ff8fb92d83bd
2026-07-22T15:24:46.761Z,GET,/workers/?page=1&pageSize=10,200,1,3756.188,e08bf21b-a4d1-4a22-841c-20bb4d0244cf
2026-07-22T15:24:50.410Z,POST,/orders/,200,1,118.388,3de9df2c-54c9-491f-9eb9-8558c696c003
2026-07-22T15:24:50.416Z,POST,/customers/,200,1,118.994,e0f1c915-73f0-4040-840c-6a3cb9de5090
2026-07-22T15:24:46.762Z,GET,/users/?page=1&pageSize=10,200,1,3772.633,2decf787-b879-4631-b392-ccba5ca5b058
2026-07-22T15:24:50.433Z,POST,/work/,200,1,124.269,78e4cbe7-43ad-4264-8c6d-07510aabe1c9
2026-07-22T15:24:50.432Z,PATCH,/workers/change-role,200,1,124.973,f9b966df-5c06-45a5-8be1-6ef81b34b037
2026-07-22T15:24:50.112Z,PATCH,/work/set-estimate,200,1,453.746,cba1e271-862a-4ce4-94ac-af60d81a06f9
2026-07-22T15:24:50.116Z,POST,/users/,200,1,451.018,d9af3a3a-3a56-4d94-a01b-5a081103a926
2026-07-22T15:24:43.239Z,GET,/cars/?page=1&pageSize=10,200,1,7358.006,fb6bcce5-7fde-4a05-a4d7-ed9fbe3df508
2026-07-22T15:24:50.470Z,POST,/users/,200,1,127.403,e0ae216b-d32f-4a41-8f63-a8ed0fe01782
2026-07-22T15:24:50.449Z,PATCH,/cars/record-mileage,200,1,148.600,6c80d9eb-596b-4ff2-915a-3253f183853f
2026-07-22T15:24:45.471Z,GET,/users/22c10f25-aba4-48ae-a531-fc2367119fea,200,1,5139.808,6ddc17a6-1684-45dd-8046-1d07500e4af7
2026-07-22T15:24:50.489Z,PATCH,/workers/change-hourly-rate,200,1,127.734,f6905993-567e-452f-8031-8f25f4b5714a
2026-07-22T15:24:50.507Z,PATCH,/work/change-title,200,1,127.821,223f7c37-0e5e-4f6c-9034-e967181a9c49
2026-07-22T15:24:50.390Z,PATCH,/users/change-password,200,1,252.234,4a9ec043-0697-4f13-946b-11371fb69dce
2026-07-22T15:24:43.687Z,GET,/workers/a3b7c095-657a-43d9-9e16-dd96023cf5f8,200,1,6962.366,c33c55ba-0105-4530-9305-370458c86e82
2026-07-22T15:24:41.373Z,GET,/workers/4c1beddd-c60b-40b7-9b01-a755f918b64e,200,1,9305.102,c040a95d-b156-4c34-91a2-935ee44752b7
2026-07-22T15:24:50.533Z,POST,/customers/,200,1,159.340,7dbe1856-755b-4385-8793-4a4db82447c8
2026-07-22T15:24:50.539Z,PATCH,/users/change-password,200,1,153.561,b96d84db-5f0d-48b3-8099-be0445f45cbd
2026-07-22T15:24:50.537Z,PATCH,/work/set-estimate,200,1,162.380,f5ab2ee1-8cba-4409-bc9f-9ff930adce40
2026-07-22T15:24:50.545Z,POST,/workers/,200,1,158.801,2b3738ed-32e0-4094-87e2-ae1cf56740df
2026-07-22T15:24:50.551Z,PATCH,/customers/change-contacts,200,1,152.295,b376b4d6-7d9b-4a0e-8b2e-945a770474f1
2026-07-22T15:24:50.552Z,POST,/cars/,200,1,154.282,de54c071-ed82-4488-b3be-3fe1917d4efc
2026-07-22T15:24:50.214Z,PATCH,/orders/set-priority,200,1,500.982,d9dd5735-66b3-468f-8d73-b9794a31722a
2026-07-22T15:24:46.143Z,GET,/cars/?page=1&pageSize=10,200,1,4642.870,cb03b8cd-91c4-45f9-9af8-42b50cf131a0
2026-07-22T15:24:47.915Z,GET,/customers/097ae3a5-f2fb-4ecd-9f0c-e0fe6e1f47c7,200,1,2896.882,d4aae086-ef6a-435d-a857-86077f900706
2026-07-22T15:24:49.765Z,GET,/users/f05551e2-a913-4dd3-a3d0-3a9b9f7137bd,200,1,1055.272,311bb6a0-8f87-409f-987e-78aac3f6b2fe
2026-07-22T15:24:40.811Z,GET,/workers/c75f434f-f48d-47ff-89b9-164e56add5ab,200,1,10014.332,cc621bb8-94bd-4db4-b369-2f2c191b8c73
2026-07-22T15:24:50.307Z,POST,/cars/,200,1,519.880,0c50a56d-2275-4950-822e-fd71142e3034
2026-07-22T15:24:42.992Z,GET,/orders/fa1f78ba-21bf-4c17-ab91-951ee73a4ffb,200,1,7871.251,4d900ebf-0268-4862-99d2-e182c6933bcd
2026-07-22T15:24:50.419Z,PATCH,/orders/set-priority,200,1,454.566,c878d220-d9c0-4eeb-8b45-dbccb5f8b305
2026-07-22T15:24:48.264Z,GET,/users/?page=1&pageSize=10,200,1,2624.094,de878a1a-23e6-4d3a-a22a-d9f935134104
2026-07-22T15:24:50.498Z,PATCH,/orders/set-priority,200,1,474.144,0a2fe7f6-e8fc-4290-b6d8-c09dd8b6e114
2026-07-22T15:24:50.064Z,GET,/customers/1574c28b-89d0-4055-adc3-fcf52b0275de/with-cars,200,1,953.680,a57cfb41-7b92-4b64-aa34-f7158350d1b9
2026-07-22T15:24:50.218Z,GET,/work/76bc200f-d29d-4235-9154-02ae9d04bbc7,200,1,845.013,44045d1b-592c-48d8-ac11-a6e65ef3f46f
2026-07-22T15:24:44.788Z,GET,/users/da34350a-f2a9-425b-b3e6-6810230db1c2,200,1,6278.146,88d7ace6-f4ee-428f-a044-bae89e02d2d4
2026-07-22T15:24:50.095Z,GET,/cars/?page=1&pageSize=10,200,1,980.142,8bd3f6cf-0126-4105-a300-0543101d9870
2026-07-22T15:24:43.308Z,GET,/users/cda1f8f0-add3-46cf-9a1f-e6795aa379ea,200,1,7810.906,34365f52-dd3b-4575-95a6-4020c4840861
2026-07-22T15:24:43.889Z,GET,/customers/?page=1&pageSize=10,200,1,7245.921,5f322b44-b1b7-49ff-9279-06ae86ae2900
2026-07-22T15:24:43.483Z,GET,/work/036afb60-0ed0-4072-ad0f-7be36f772f83,200,1,7654.385,5ecb55be-9b7b-42eb-a480-93e98f34a90f
2026-07-22T15:24:47.728Z,GET,/workers/5885b22e-916e-4d6b-aa6e-64e316bc837f,200,1,3429.994,becbeb5b-afa0-4293-812a-878c99b7905f
2026-07-22T15:24:43.187Z,GET,/customers/594e457e-75ef-4aa0-bc70-47efb8a4d1b6/with-cars,200,1,7982.292,c8bb735f-c7d5-4832-a121-5768ce2512aa
2026-07-22T15:24:45.059Z,GET,/orders/13b42cde-9c66-4e24-8eea-520001d309fe,200,1,6246.528,0c29f9d8-1f34-4a6a-abeb-16696ebcc2f7
2026-07-22T15:24:49.748Z,GET,/users/?page=1&pageSize=10,200,1,1591.076,30991a8a-8427-4e9f-adc5-62d5bf73f4df
2026-07-22T15:24:49.197Z,GET,/orders/dea55fc0-f122-4599-9b45-abfc85b2e863,200,1,2159.053,36b9078e-e38d-49a8-9c0c-72dcfd592725
2026-07-22T15:24:47.859Z,GET,/users/?page=1&pageSize=10,200,1,3504.874,3629cf4f-7666-4497-ae6c-ad1a2caae690
2026-07-22T15:24:44.783Z,GET,/users/?page=1&pageSize=10,200,1,6584.520,c326e0c2-de45-4657-9bc1-e9f413db201b
2026-07-22T15:24:41.940Z,GET,/work/?page=1&pageSize=10,200,1,9439.894,423cc681-2c8b-4ebf-8637-ad0f2fbe3956
2026-07-22T15:24:50.050Z,GET,/orders/?page=1&pageSize=10,200,1,1337.575,f3d07e7b-2d9c-4506-9481-e4233eb0fa5e
2026-07-22T15:24:45.945Z,GET,/customers/ffc949e4-3025-4ad6-b843-0f5d8d615850,200,1,5470.683,e00af019-3028-4bdf-a625-7c88951617e1
2026-07-22T15:24:44.693Z,GET,/customers/6760547e-3b75-4b8b-9d3b-4c3d10716259/with-cars,200,1,6724.701,39af4282-6c9c-437a-b43d-52d20278d5d2
2026-07-22T15:24:49.863Z,GET,/orders/f14bdda6-3e06-4eb4-ad7c-1b0e5d918bdd,200,1,1573.603,d95b189d-6a15-4844-8d05-ad2c3d5cc14f
2026-07-22T15:24:44.367Z,GET,/users/d06ebf87-80f3-44ba-83ce-dfe2a8a5a0ce,200,1,7087.665,cd108c5c-fa61-4971-ba03-42455c5d6c41
2026-07-22T15:24:43.088Z,GET,/work/?page=1&pageSize=10,200,1,8373.132,02386c7c-2896-41c5-a4c4-0ca749975a74
2026-07-22T15:24:44.632Z,GET,/users/e5ba9221-475a-4fa5-b9f6-9c9ad9af404f,200,1,6861.328,33f01b30-9a5f-4b6a-8dda-c229062d0723
2026-07-22T15:24:46.844Z,GET,/workers/?page=1&pageSize=10,200,1,4661.583,1f99864c-78be-4785-9580-9b7eba989c3b
2026-07-22T15:24:46.476Z,GET,/customers/?page=1&pageSize=10,200,1,5050.225,16e4feac-661b-42aa-bbf6-7e7ca93b01d7
2026-07-22T15:24:43.936Z,GET,/customers/838ff0b1-c717-486e-95cb-ae2a3323b52a/with-cars,200,1,7592.725,5b83f37e-4f52-4965-b163-49ac44177466
2026-07-22T15:24:46.184Z,GET,/users/?page=1&pageSize=10,200,1,5365.112,b273b2db-390f-4305-913c-36e86ee27447
2026-07-22T15:24:45.887Z,GET,/customers/13aa05d1-c2d6-40de-9b5e-0114afe40456,200,1,5672.141,e0e7ca6b-8ec5-450a-9f66-9a8694daf7e7
2026-07-22T15:24:46.665Z,GET,/orders/?page=1&pageSize=10,200,1,4896.110,ae3782b3-68d5-410a-a75b-690dad154105
2026-07-22T15:24:44.780Z,GET,/workers/c1272ea0-2997-40e8-87e1-d5bbfe8b4dcc,200,1,6795.019,575778aa-516e-4e93-a9d1-5bfbc02ffa83
2026-07-22T15:24:45.365Z,GET,/users/?page=1&pageSize=10,200,1,6232.805,0f014cec-47db-47bf-af81-493f895d043f
2026-07-22T15:24:44.460Z,GET,/cars/2a1558e0-de05-49cb-91a1-de3624afced2,200,1,7143.041,9eef178d-1df2-400b-ab3a-cb3bb97b5da6
2026-07-22T15:24:46.582Z,GET,/users/?page=1&pageSize=10,200,1,5033.132,99d61895-c056-403b-947b-23d79cca1a53
2026-07-22T15:24:50.055Z,GET,/work/faf029b7-2d02-4f13-b680-da3a37b6b16a,200,1,1581.741,2538888d-d557-434a-b2f3-1c51d5559085
2026-07-22T15:24:49.689Z,GET,/cars/?page=1&pageSize=10,200,1,1984.705,032cedb9-84b6-47a0-8b0f-aa97a426b086
2026-07-22T15:24:43.159Z,GET,/work/a41b103e-abda-4619-b8ce-75c309769611,200,1,8539.648,c7184ca7-ebaa-4a07-ba8d-61c70fe20bee
2026-07-22T15:24:47.929Z,GET,/customers/4381ad57-a9fe-4a9b-85ae-917380c6fc22/with-cars,200,1,3795.495,f22cda23-4a64-4fd5-8b53-5edef457a905
2026-07-22T15:24:43.827Z,GET,/cars/?page=1&pageSize=10,200,1,7969.362,7369ec50-2264-464b-b781-7dd5af6fb29f
2026-07-22T15:24:46.812Z,GET,/customers/?page=1&pageSize=10,200,1,5003.804,17da1d74-e793-43e5-b22a-c1fd035d0933
2026-07-22T15:24:49.021Z,GET,/orders/934ccfa3-94ae-4456-a3a6-e80fab181230,200,1,2860.940,2ac9d38b-313f-4ad9-aaaa-8c9a8fdcc6b2
2026-07-22T15:24:47.506Z,GET,/workers/?page=1&pageSize=10,200,1,4378.554,bcf0fbbd-3c17-4ea2-bc0c-6b5f652925dc
2026-07-22T15:24:47.498Z,GET,/workers/?page=1&pageSize=10,200,1,4399.255,66166cb0-66ee-44b4-a483-1eff2638c63d
2026-07-22T15:24:42.694Z,GET,/users/?page=1&pageSize=10,200,1,9210.741,2a9421a5-3d12-472e-8e24-dbb6835e4df3
2026-07-22T15:24:45.838Z,GET,/workers/822864fb-ce7e-4df9-b095-dff2708553e5,200,1,6093.895,906e2ce2-8072-4e04-98e6-f00eab1a0641
2026-07-22T15:24:43.095Z,GET,/cars/?page=1&pageSize=10,200,1,8867.547,ee778803-4982-486e-b214-75b762575991
2026-07-22T15:24:47.256Z,GET,/users/?page=1&pageSize=10,200,1,4718.322,359901bc-70a6-4bef-ab2d-3a1fb57adf9d
2026-07-22T15:24:46.648Z,GET,/workers/79152350-33a1-4e8e-8809-84dac4682e76,200,1,5346.429,7b7ab672-79e7-4fc7-bbc3-7e0af6b74267
2026-07-22T15:24:45.335Z,GET,/work/?page=1&pageSize=10,200,1,6680.069,fa057c76-e4c2-4f49-a88d-f60ae0ab4091
2026-07-22T15:24:44.288Z,GET,/customers/?page=1&pageSize=10,200,1,7764.261,fd4a76a5-8e36-47ab-8d3a-fbac6c50bc8e
2026-07-22T15:24:50.235Z,GET,/orders/?page=1&pageSize=10,200,1,1833.768,bf4fbe2f-14d5-4d52-b7eb-975088d6cd02
2026-07-22T15:24:45.901Z,GET,/workers/28f6e0cc-27e9-4143-8a3d-406f91e35152,200,1,6218.501,a4f0d267-a84b-483a-adcf-7e8997095fd1
2026-07-22T15:24:48.412Z,GET,/customers/?page=1&pageSize=10,200,1,3728.071,72a49d2c-4db3-4910-bdff-acafa2157e3d
2026-07-22T15:24:47.259Z,GET,/workers/?page=1&pageSize=10,200,1,4894.594,8dee42e1-c025-46f9-8ff5-5d98fbaf74c4
2026-07-22T15:24:45.988Z,GET,/customers/?page=1&pageSize=10,200,1,6179.098,00647f9b-9c92-4dc8-81c6-312003ec12be
2026-07-22T15:24:43.250Z,GET,/customers/ab8f13a7-74d1-4f5c-a39f-8f73970d87f8/with-cars,200,1,8947.009,a4725e3b-5bc6-46e0-9915-a7842c120ffa
2026-07-22T15:24:42.470Z,GET,/work/34474fde-c1d6-4abe-9f1b-227692536ab3,200,1,9736.247,41d72566-5aad-4a32-b58a-1d6f92ec5e25
2026-07-22T15:24:42.855Z,GET,/workers/3d92854e-49cb-4e49-b7bd-c652278cd126,200,1,9362.460,cb36547d-4b28-4fb6-b0c9-5d2fbae7c665
2026-07-22T15:24:41.566Z,GET,/work/5114a4da-a1c7-410c-bfea-17eb175ce434,200,1,10654.668,801b2c1e-0eff-4786-91d1-8b7736e200c2
2026-07-22T15:24:47.088Z,GET,/cars/c891c0bd-12a6-4734-8343-036378ae16cd,200,1,5138.307,7a48a5d7-a368-410f-9751-e6ec41564524
2026-07-22T15:24:43.769Z,GET,/work/?page=1&pageSize=10,200,1,8532.124,806a7c01-0ba7-4799-85dc-2cf7f7868d12
2026-07-22T15:24:48.057Z,GET,/workers/?page=1&pageSize=10,200,1,4246.103,3035ac1f-9569-42ec-93fd-8046d133dcaf
2026-07-22T15:24:44.498Z,GET,/orders/5ce8bc3f-778a-43a2-bc67-e97317dd0de2,200,1,7808.218,4f9fad61-a355-427a-8c58-62ad6d50c804
2026-07-22T15:24:47.605Z,GET,/cars/?page=1&pageSize=10,200,1,4708.680,ad1d495b-ccd8-4220-83dc-1573de9181a7
2026-07-22T15:24:45.763Z,GET,/workers/6e30f106-bbf6-4a08-836e-cdccd0e84828,200,1,6594.891,bc5e98f8-727e-4e58-af44-4a6240c4206a
2026-07-22T15:24:44.700Z,GET,/workers/5aad7e6e-3702-4f91-b165-4762d78fd456,200,1,7658.208,f5cef1ca-39fb-4586-9867-993db7734e7d
2026-07-22T15:24:45.441Z,GET,/work/d3d67ddb-6011-48e9-a6d2-fdd0125f7369,200,1,6925.486,c726fb2a-5118-4978-adde-f3d2547e359f
2026-07-22T15:24:47.661Z,GET,/work/?page=1&pageSize=10,200,1,4717.090,3ea61f57-0a7b-443f-90ed-b9424825f007
2026-07-22T15:24:46.000Z,GET,/customers/eb64ea52-ec03-4b56-9cc8-f507b2c103ad,200,1,6383.408,e51a8c9b-8fe3-403a-ade2-7b8f73d3c2f7
2026-07-22T15:24:43.717Z,GET,/workers/7d4075c8-8f67-4a7e-a672-47456f87cd53,200,1,8673.399,c143855f-f907-4aa8-94ec-b1a5497b55e9
2026-07-22T15:24:44.600Z,GET,/workers/?page=1&pageSize=10,200,1,7796.951,f2854a74-361c-430e-ba05-d261eff23a32
2026-07-22T15:24:48.468Z,GET,/orders/64e0a122-e5a3-4c9c-80c4-6ac703129e80,200,1,3936.535,30b8abac-84b3-4334-9303-e41ab8e184b7
2026-07-22T15:24:46.402Z,GET,/orders/73682171-6fa1-4a58-9736-214caf8163bd,200,1,6006.434,7e2f3220-5b0c-4905-9538-85ab4c39cf7a
2026-07-22T15:24:45.035Z,GET,/customers/?page=1&pageSize=10,200,1,7467.513,38e5010a-584e-45cf-8172-6963ffec727e
2026-07-22T15:24:46.975Z,GET,/cars/?page=1&pageSize=10,200,1,5572.431,fa62d440-4576-4d0d-b287-a64596533757
2026-07-22T15:24:44.752Z,GET,/users/83b23626-f540-47b4-a325-a1245be336ab,200,1,7827.962,d6bb0480-0c09-49e1-b12b-9f209fc60773
2026-07-22T15:24:46.171Z,GET,/orders/?page=1&pageSize=10,200,1,6410.843,d941ee91-4cea-4209-ae23-41f5e241f0ab
2026-07-22T15:24:47.117Z,GET,/workers/2cfb7b78-90b3-4561-bb4a-762eef62568d,200,1,5492.172,e2203824-ab13-4358-8160-844777186b8c
2026-07-22T15:24:48.180Z,GET,/orders/da9b55d8-8784-40d9-ad04-8bbe27fd9f3c,200,1,4449.570,6ec64211-8730-41f3-9d31-2abcc36b0205
2026-07-22T15:24:46.245Z,GET,/customers/ab8f13a7-74d1-4f5c-a39f-8f73970d87f8/with-cars,200,1,6392.600,82ee96b2-e208-4d5c-a33e-e25a5ac5bbc2
2026-07-22T15:24:47.243Z,GET,/orders/7305eb43-0fa9-483f-a799-3b6d6e36ea0a,200,1,5418.208,7cc2fc62-0c28-488b-bc42-1cbdaab1de24
2026-07-22T15:24:43.413Z,GET,/cars/1cdc98f4-a2c4-4eec-b322-73fbb774b564,200,1,9248.929,b1571fae-1cad-4aee-9a6e-1ad746fd13a0
2026-07-22T15:24:46.160Z,GET,/users/71ccf842-1d7e-449b-a8fb-bf3fff9509ab,200,1,6540.966,cd07b9a3-080f-45a1-a740-597de03d0b33
2026-07-22T15:24:46.577Z,GET,/customers/3419b61b-2e07-48d0-8019-fbcae3d8a6ac/with-cars,200,1,6147.945,2b304913-e778-4aa0-9f02-61ec839d10f6
2026-07-22T15:24:47.593Z,GET,/customers/a09b4a82-3762-4981-912d-11701e0d3747/with-cars,200,1,5132.115,35a37e7f-3723-401a-9b93-8eb66da7dd44
2026-07-22T15:24:46.984Z,GET,/customers/6a704f1d-5fcb-4e10-93dc-835f25673d4f/with-cars,200,1,5831.230,d072702c-260e-4a11-acf2-c87affb36a72
2026-07-22T15:24:45.985Z,GET,/cars/221e9c50-cac6-4ebf-967e-4948dafc39fe,200,1,6835.450,8e8d5b02-30e2-471f-be65-9efd0960d005
2026-07-22T15:24:47.814Z,GET,/orders/a5780c09-4340-4e13-8f0e-52f2963bf949,200,1,5019.812,15cd0f87-f082-48f1-812c-c99e2356da4a
2026-07-22T15:24:47.132Z,GET,/workers/?page=1&pageSize=10,200,1,5709.203,c7857884-7d38-44dc-8d5e-f202038d633e
2026-07-22T15:24:44.814Z,GET,/work/f3cc3233-c0f2-4a0f-b203-0b344f61a6b0,200,1,8030.578,086d61dd-f4a1-41e0-84d8-954d8aa7441a
2026-07-22T15:24:50.280Z,GET,/orders/?page=1&pageSize=10,200,1,2567.329,823f1992-4900-47c9-9e82-82a556016cf9
2026-07-22T15:24:46.960Z,GET,/work/?page=1&pageSize=10,200,1,5902.129,195a31cd-68c6-4e16-ab64-5a37808f1702
2026-07-22T15:24:45.264Z,GET,/cars/?page=1&pageSize=10,200,1,7599.523,9c0c20f5-7d8d-4086-ac5b-68886f865dcd
2026-07-22T15:24:45.304Z,GET,/cars/6bb8dc87-a145-46c2-b1ce-fc45efc5e7b5,200,1,7564.700,6c5710be-887c-4fb0-9350-e04125ac0e55
2026-07-22T15:24:47.309Z,GET,/workers/1ad12826-e188-4d72-aa4e-82213c619098,200,1,5584.517,a4b0ec1a-a06c-47e4-bd8e-4b22f5ac74fc
2026-07-22T15:24:41.109Z,GET,/work/?page=1&pageSize=10,200,1,11820.888,044ce403-a6ff-40ba-bda1-3d3d5acb60f6
2026-07-22T15:24:47.227Z,GET,/cars/04a0fcf3-9032-40aa-b0aa-2c074ee60686,200,1,5705.924,28dbf052-8f7a-48ff-8728-4f0a046e02a7
2026-07-22T15:24:46.876Z,GET,/workers/?page=1&pageSize=10,200,1,6067.987,bc0ef9f8-dfad-43b2-af58-e31e3dc047f6
2026-07-22T15:24:44.901Z,GET,/customers/a6bdc951-c906-4b9c-9ef1-502e7ee147b3/with-cars,200,1,8094.316,024b9027-af4a-4e46-b072-70e0a42b01fd
2026-07-22T15:24:46.406Z,GET,/work/6a3055cc-edce-4832-8ea6-59631ecc65ee,200,1,6597.890,c7bd75d4-ca4a-4fe8-a883-a5d282546910
2026-07-22T15:24:49.081Z,GET,/work/?page=1&pageSize=10,200,1,3939.949,dc2984b8-313a-4727-9d87-c9b3ee2b0a3e
2026-07-22T15:24:45.188Z,GET,/work/6851700e-5e5c-4987-9ff2-c239cfbab27c,200,1,7841.487,295fab1c-b098-49d3-868b-79de3153cd9c
2026-07-22T15:24:47.058Z,GET,/orders/?page=1&pageSize=10,200,1,5979.716,9c14f53c-616e-491c-8e15-613dadc48168
2026-07-22T15:24:43.543Z,GET,/cars/?page=1&pageSize=10,200,1,9510.906,ee7562e0-1e1f-47d1-b870-9aa988c4e378
2026-07-22T15:24:49.507Z,GET,/workers/?page=1&pageSize=10,200,1,3594.717,2b54d0fc-40dc-4cfb-b2cc-151c40a55908
2026-07-22T15:24:46.314Z,GET,/customers/?page=1&pageSize=10,200,1,6798.756,76176066-0a1d-4985-93fd-4e6eab53fea2
2026-07-22T15:24:42.833Z,GET,/customers/afc29c59-3fbc-4b7d-9e88-0bff74cd0e65/with-cars,200,1,10299.889,fb6170b7-2f91-4129-b59b-8288ee72d792
2026-07-22T15:24:46.917Z,GET,/workers/?page=1&pageSize=10,200,1,6218.400,064f2e15-ecb5-4d38-98cf-10d80db1db05
2026-07-22T15:24:49.470Z,GET,/orders/?page=1&pageSize=10,200,1,3667.537,10732a54-40cb-4a5b-a8a9-8d9eea7f9c09
2026-07-22T15:24:48.173Z,GET,/workers/?page=1&pageSize=10,200,1,4971.468,582441fe-fc06-438d-8ed7-77473b644376
2026-07-22T15:24:48.302Z,GET,/customers/?page=1&pageSize=10,200,1,4858.529,9ecdcaf8-651f-4417-81f0-463804115471
2026-07-22T15:24:47.624Z,GET,/workers/?page=1&pageSize=10,200,1,5543.220,4f3c8421-3a00-49ed-8c86-faee502c7e7a
2026-07-22T15:24:50.492Z,GET,/orders/bd1295b6-4811-46f6-b4bf-b95402488cb3,200,1,2678.762,7a77b1f4-cc6c-40d1-b59e-5a0526e7eb83
2026-07-22T15:24:45.981Z,GET,/orders/382039dd-1b11-41f5-86ff-b829c2f6ce26,200,1,7192.880,393d5e22-7a75-4df8-99e1-77a67957717f
2026-07-22T15:24:47.226Z,GET,/orders/b72b4335-c543-4a23-b7f4-ba57a6dc755e,200,1,5974.828,c5a29137-2db8-4cc3-9389-b0da151b1a4f
2026-07-22T15:24:47.016Z,GET,/customers/?page=1&pageSize=10,200,1,6186.236,f06143f3-a323-4f69-8f68-34294c3c4ab3
2026-07-22T15:24:49.246Z,GET,/workers/f668e204-b662-49a2-8223-81243841cc7f,200,1,3992.740,87c27cc9-d1fb-4018-830e-211c2b61a036
2026-07-22T15:24:49.913Z,GET,/users/?page=1&pageSize=10,200,1,3333.387,62ff7635-2dd4-4cf4-90eb-0d91b161f936
2026-07-22T15:24:49.900Z,GET,/workers/?page=1&pageSize=10,200,1,3425.368,8266d9bf-f950-4ac6-a891-a437cb97d515
2026-07-22T15:24:45.455Z,GET,/customers/6dea4040-2298-4e6b-b6aa-967e5a58a9df,200,1,7889.883,29fe9423-e919-41cc-b5c6-5b4bdb0ab2ba
2026-07-22T15:24:46.224Z,GET,/cars/f3c415a5-3944-432a-9477-1a075ececc8f,200,1,7125.752,95594b35-f27e-4306-92a9-98593198f9f5
2026-07-22T15:24:49.907Z,GET,/work/?page=1&pageSize=10,200,1,3453.313,d55dfd42-69d9-44f3-aece-906a378d0286
2026-07-22T15:24:47.224Z,GET,/workers/?page=1&pageSize=10,200,1,6144.340,31e13990-e538-438b-9e4d-bd40f076971d
2026-07-22T15:24:46.821Z,GET,/workers/?page=1&pageSize=10,200,1,6548.055,5be4fd62-3914-4c78-9124-fbe5b26c7af3
2026-07-22T15:24:49.858Z,GET,/customers/a09b4a82-3762-4981-912d-11701e0d3747/with-cars,200,1,3520.927,dff37228-e199-43e4-9e41-d47457f8cfd8
2026-07-22T15:24:43.660Z,GET,/workers/?page=1&pageSize=10,200,1,9721.042,249fe7fc-a7e9-488e-991f-22a5c159e484
2026-07-22T15:24:46.771Z,GET,/work/2ecdc0a0-cab5-4845-89b9-99bc767dad95,200,1,6614.484,42120d7c-9e67-45ec-b747-bdda5497942d
2026-07-22T15:24:48.551Z,GET,/workers/3c12e45b-0200-4393-b9e4-d544f09e7692,200,1,4837.029,8994efb6-74eb-479a-8a63-e3b385851b31
2026-07-22T15:24:49.639Z,GET,/workers/55d3f63b-c8f4-48b9-b6a8-c65dd4779c7d,200,1,3764.655,b8447148-0937-45b1-8a33-1f971e76bce5
2026-07-22T15:24:48.136Z,GET,/cars/?page=1&pageSize=10,200,1,5268.935,d14d604b-f456-4671-ac9c-d778cbcef43b
2026-07-22T15:24:47.724Z,GET,/cars/9a078394-55fb-4a07-a540-04ba5385110f,200,1,5683.165,8dcfd8c7-9435-4fb8-9066-4d58da226318
2026-07-22T15:24:50.162Z,GET,/orders/3c17f05f-eadb-410b-b0e9-c12cb060f858,200,1,3249.217,196194dd-5c68-49bb-885c-5f857e7ca39c
2026-07-22T15:24:47.900Z,GET,/customers/d3693eea-3b53-4cf4-b7fe-1ee57b2d11f8,200,1,5526.792,5d2be7de-59cd-4c3c-8ff4-4e1724cf7702
2026-07-22T15:24:43.734Z,GET,/work/292ec78c-ee17-4b1a-a02e-cf8dc72691c5,200,1,9693.310,ec6f775c-c9c0-48fc-a609-4e38782de126
2026-07-22T15:24:45.687Z,GET,/work/7b49bad8-360e-42b8-8a4a-9910fbdcddb2,200,1,7746.396,dcedb93a-dc5f-4812-b87e-d47fb9b043eb
2026-07-22T15:24:49.067Z,GET,/workers/?page=1&pageSize=10,200,1,4367.779,64833b19-69f0-451d-a332-8e8b949d948e
2026-07-22T15:24:46.642Z,GET,/customers/1afc90ee-f737-44f4-a37c-e4f9610667da/with-cars,200,1,6799.126,414ebc76-902c-4171-8a53-3b283e416b21
2026-07-22T15:24:49.691Z,GET,/users/06b78d51-9235-4b1c-a80c-1aad36b28606,200,1,3758.643,13b9879a-9894-46b7-96d2-86e1922a5003
2026-07-22T15:24:44.405Z,GET,/customers/c50af99a-213f-4750-a0e7-802a4b79e935,200,1,9049.614,9799bf8d-34ce-4d39-8544-9a2beabcbbbe
2026-07-22T15:24:48.627Z,GET,/workers/?page=1&pageSize=10,200,1,4840.362,eda0f76a-c162-4b12-b2a7-46b354b1f741
2026-07-22T15:24:49.987Z,GET,/customers/be3a2296-628c-4ac2-b4c8-c7bcf72d62dc/with-cars,200,1,3495.446,a2046d6e-7915-4b96-a805-86f7f6f7bc54
2026-07-22T15:24:46.338Z,GET,/users/b9b83011-1ec9-4d01-b79d-612226c548bd,200,1,7160.005,391e52da-a8bc-451b-a057-00d59a99418d
2026-07-22T15:24:45.310Z,GET,/cars/eb467a83-ce59-4d20-8b91-6199fc664d50,200,1,8196.976,54bc4041-e012-4ccc-8977-6e3a41c8f646
2026-07-22T15:24:45.977Z,GET,/orders/?page=1&pageSize=10,200,1,7534.390,66f7254c-4a75-46f8-81df-9cb9a0ba67c8
2026-07-22T15:24:43.768Z,GET,/customers/7c0524c4-1ac0-4037-97eb-a9fc3921e47a/with-cars,200,1,9750.105,bc391b69-d107-4563-979c-7847295800fd
2026-07-22T15:24:49.362Z,GET,/cars/?page=1&pageSize=10,200,1,4178.526,de21f94b-b16e-4388-bf8e-9567a7c474a5
2026-07-22T15:24:49.583Z,GET,/orders/?page=1&pageSize=10,200,1,3964.216,57e230fb-93a0-4e09-8d33-102886f80329
2026-07-22T15:24:45.575Z,GET,/orders/9a137b0f-2fcc-4828-8ef5-f0dc7f0e062e,200,1,7976.921,8959d0c7-c7be-433e-8492-1a54a4c109cc
2026-07-22T15:24:47.378Z,GET,/customers/1ab2d9fc-c07a-4f83-82c0-2f5a584312ca/with-cars,200,1,6187.898,ed8650c2-fa7d-4051-a994-ec14c96f220e
2026-07-22T15:24:48.545Z,GET,/workers/50910806-bfa6-4ebd-a7bd-ee23badb3123,200,1,5025.855,d714fc6f-7064-4ea7-8b15-390227f5f9af
2026-07-22T15:24:50.437Z,GET,/work/?page=1&pageSize=10,200,1,3137.301,01a95a40-87ad-43ec-8780-38c0a3ec119b
2026-07-22T15:24:48.295Z,GET,/orders/?page=1&pageSize=10,200,1,5287.686,32ede733-5586-447b-8f4e-85562a7b09df
2026-07-22T15:24:47.277Z,GET,/customers/c50af99a-213f-4750-a0e7-802a4b79e935/with-cars,200,1,6307.644,56c10824-24b5-4228-8fd9-1c68b73d6f48
2026-07-22T15:24:44.687Z,GET,/orders/8c9f98e3-9f86-4a56-9566-bc7041696626,200,1,8899.376,68b44e3a-d8b4-4098-9359-c3b3217a6ddf
2026-07-22T15:24:46.601Z,GET,/users/40c0e013-7bd1-479a-8d60-3613e388c393,200,1,6997.581,c7d22541-964e-4d3b-8d09-580a73807997
2026-07-22T15:24:49.897Z,GET,/work/0fe4b28c-1edc-420c-ae57-1f819c025b4c,200,1,3712.304,cf7d8fa9-f016-4426-89b4-41e29983dfa1
2026-07-22T15:24:43.703Z,GET,/orders/278d8ff2-f165-4996-8089-004c3d7a7409,200,1,9911.242,29ff4a01-7435-4268-ae77-a9488c4c64cf
2026-07-22T15:24:47.377Z,GET,/cars/e3aa9097-6613-4270-8fb9-f0336131971a,200,1,6237.326,4fd9b492-1ead-4730-ab3e-631437f4ddb1
2026-07-22T15:24:48.564Z,GET,/users/ec0bd221-161b-4a4a-b6e5-39e5a9468255,200,1,5052.968,2871793a-ccd8-44a0-be11-544cfcc5fe85
2026-07-22T15:24:46.789Z,GET,/cars/09ef9977-da48-46ee-96d3-5581dd9d0fde,200,1,6831.923,d7a0e11f-734c-499b-b7a4-1542fd708ada
2026-07-22T15:24:49.590Z,GET,/customers/d72bdad7-e1a2-4a1e-8459-db2611596576/with-cars,200,1,4034.783,e48b2722-adda-45aa-91f5-d78b9963bfff
2026-07-22T15:24:42.902Z,GET,/users/fcb50eab-9d86-43eb-a510-ffebb190f5d2,200,1,10730.792,e3d7ef15-6a93-4019-945c-1bc5ae4c31c3
2026-07-22T15:24:48.388Z,GET,/customers/?page=1&pageSize=10,200,1,5267.599,b72ad00b-2ecc-4682-b3f6-1dae0ba4cda6
2026-07-22T15:24:45.531Z,GET,/customers/87178613-567e-4092-a36a-9d426e4c8873,200,1,8129.859,f486a74e-44ba-49b3-8aa3-da43f82b6dae
2026-07-22T15:24:49.931Z,GET,/workers/?page=1&pageSize=10,200,1,3731.000,8f9987fa-1c2e-495b-871f-96dd925408a9
2026-07-22T15:24:44.932Z,GET,/users/543921ce-3bad-4d06-895c-6907583cae67,200,1,8734.059,6e1c7a54-d4e4-47c5-99e0-1196026f85c4
2026-07-22T15:24:49.854Z,GET,/orders/102806af-334f-4e0b-8126-212a3560749d,200,1,3812.494,bb222611-7a03-483c-8b26-ec085cb66bca
2026-07-22T15:24:48.050Z,GET,/orders/?page=1&pageSize=10,200,1,5624.517,72262cc1-69b5-4d23-86cf-ccb5dcf5da56
2026-07-22T15:24:49.113Z,GET,/customers/?page=1&pageSize=10,200,1,4563.731,6a1d1fa2-9f0b-45df-8979-606a7d5e4b04
2026-07-22T15:24:46.858Z,GET,/customers/?page=1&pageSize=10,200,1,6823.264,4b4e9da2-9601-4c0a-ab92-0149e625d7d9
2026-07-22T15:24:44.665Z,GET,/work/3d35272e-2ac5-4baf-82e0-20e785151204,200,1,9019.892,fa63a232-48a7-4ec1-b431-280f2886d2af
2026-07-22T15:24:47.622Z,GET,/users/e698ff3a-88e1-40db-bd48-4451d1f89e9f,200,1,6074.963,12159c3c-789b-4818-a8fc-b5e2e6e1d7ef
2026-07-22T15:24:49.179Z,GET,/workers/?page=1&pageSize=10,200,1,4518.689,f66585ed-25c2-41ee-86e0-c9914298de3b
2026-07-22T15:24:45.583Z,GET,/users/?page=1&pageSize=10,200,1,8116.358,8ec0a329-0fdf-4388-a863-65e6d1692c78
2026-07-22T15:24:48.023Z,GET,/orders/?page=1&pageSize=10,200,1,5681.360,34716330-3c30-4032-bdfe-459efda39102
2026-07-22T15:24:47.642Z,GET,/customers/8eb6c773-11e6-4484-a7fa-3e4bad3c8227,200,1,6062.971,89ff809e-1417-4bf0-b0e1-cfe340f4866c
2026-07-22T15:24:46.136Z,GET,/cars/47b08192-f3f8-4762-8c38-e27de6142787,200,1,7574.182,3dcca1da-0929-45f9-96dd-ed802e3fbad9
2026-07-22T15:24:46.334Z,GET,/users/543921ce-3bad-4d06-895c-6907583cae67,200,1,7391.682,6e30cdf8-0a35-4818-8f99-83e0c3e6ac95
2026-07-22T15:24:48.762Z,GET,/cars/?page=1&pageSize=10,200,1,4965.816,46339473-41c1-4411-a5e5-9251e99bccd4
2026-07-22T15:24:47.024Z,GET,/cars/?page=1&pageSize=10,200,1,6706.945,1f10eacb-1f7b-4e6d-92a7-264ee2c33961
2026-07-22T15:24:49.807Z,GET,/work/?page=1&pageSize=10,200,1,3927.166,f38a0f22-6a29-46fb-97e1-f7f1deae0364
2026-07-22T15:24:46.275Z,GET,/customers/f0c89419-3eb5-4636-a3e8-08423c1d8a7f,200,1,7465.585,0ca4672b-5547-4ddd-85f1-080aae26ef2e
2026-07-22T15:24:47.640Z,GET,/work/c01667ef-6503-4490-b431-ab4f8aed13cf,200,1,6101.038,6c354c99-decb-445b-b7de-0836da235282
2026-07-22T15:24:48.787Z,GET,/users/f34a2bc0-9e18-493a-9c59-ed53c68d428d,200,1,4954.662,e677c4ff-5b33-4dc9-8d36-5fafb420faa7
2026-07-22T15:24:49.319Z,GET,/workers/33b9f891-5c99-4af4-aebb-add19f19023d,200,1,4431.479,915f05d0-bcef-4dd4-b7c5-620d0f36967a
2026-07-22T15:24:48.410Z,GET,/orders/?page=1&pageSize=10,200,1,5342.695,a43aa084-2f8d-4a5b-a3cd-36217383f6ff
2026-07-22T15:24:47.408Z,GET,/users/1ccf831a-0046-4600-bac3-27332a95d84a,200,1,6349.093,c4fc5b35-d810-4adb-aa84-5f8a2d465480
2026-07-22T15:24:44.449Z,GET,/orders/?page=1&pageSize=10,200,1,9318.464,79215110-d381-4494-9e28-243fcb633e32
2026-07-22T15:24:50.509Z,GET,/cars/9af6395f-16d4-4f04-b781-6740ab280cbb,200,1,3258.572,48806f88-5a4d-42a2-a855-1a6beb37f49b
2026-07-22T15:24:46.363Z,GET,/customers/?page=1&pageSize=10,200,1,7406.619,fbfe8eb2-9dbe-4b9b-9f39-2c25343f3d34
2026-07-22T15:24:48.822Z,GET,/customers/?page=1&pageSize=10,200,1,4955.367,262db4c9-f9dd-4eb0-9f14-9046b44acc4a
2026-07-22T15:24:50.437Z,GET,/customers/4381ad57-a9fe-4a9b-85ae-917380c6fc22/with-cars,200,1,3341.109,ea3ce68a-602c-4b55-87a1-8429adf061bb
2026-07-22T15:24:48.308Z,GET,/orders/e005d434-fdda-4467-b4ad-33276fe94241,200,1,5471.624,33d5b3b3-b299-42fe-8f42-fb572002a64e
2026-07-22T15:24:46.649Z,GET,/cars/a481e92c-82a8-4c69-949c-dbfef7ed790c,200,1,7131.596,6ce547a4-f539-4821-9c67-5358ef3b5b0c
2026-07-22T15:24:50.141Z,GET,/workers/6fd8a353-9a12-4b45-acc2-fea405702667,200,1,3646.801,ba15d73b-d24b-46b9-9f5f-1887d5740d93
2026-07-22T15:24:49.828Z,GET,/cars/?page=1&pageSize=10,200,1,3966.046,3d2ced95-a9b1-411c-b7b1-641b8b809d89
2026-07-22T15:24:49.943Z,GET,/cars/b090221b-f426-4418-a70a-66c9c99aaabb,200,1,3858.419,e1222d06-a8db-492a-8199-bc1106e514dd
2026-07-22T15:24:45.911Z,GET,/customers/?page=1&pageSize=10,200,1,7897.245,61679a91-7b65-442e-bd27-c25d45264401
2026-07-22T15:24:47.319Z,GET,/users/739712bd-b376-4f88-b241-277a0b30fa43,200,1,6509.121,f09bed98-f213-4aee-abcb-0a7cb6b306db
2026-07-22T15:24:48.772Z,GET,/users/0a10deba-0107-42cb-a202-91df5e950ef4,200,1,5057.487,21130785-ca4f-4786-a808-5d52c59b956d
2026-07-22T15:24:50.315Z,GET,/customers/70d08ea5-2d95-46d5-8483-b329792da906,200,1,3534.109,acbb5d1f-c49b-486e-b5e6-bb4de94afbb4
2026-07-22T15:24:46.618Z,GET,/customers/?page=1&pageSize=10,200,1,7239.327,c179ea42-152b-45a7-ad6e-481f9f269d42
2026-07-22T15:24:48.873Z,GET,/work/?page=1&pageSize=10,200,1,4990.672,42ae36fd-db2e-4c96-8d17-4dbb81581d00
2026-07-22T15:24:49.768Z,GET,/work/c68e9142-ef93-4bdb-95d4-141659706e7a,200,1,4106.922,7fbaadc5-5be3-4a36-ab0f-546e7c759f69
2026-07-22T15:24:48.700Z,GET,/cars/?page=1&pageSize=10,200,1,5175.690,f2fb0aa6-727c-417b-806e-66a70e0722a8
2026-07-22T15:24:44.921Z,GET,/work/421ae71f-96ac-45db-94c1-ab14ff48d3c9,200,1,8956.537,e91a923b-8106-42f7-a9ed-7801d4f5c718
2026-07-22T15:24:48.666Z,GET,/workers/?page=1&pageSize=10,200,1,5215.021,b70a442f-8a61-4855-a876-d48a2ed56214
2026-07-22T15:24:49.758Z,GET,/work/6f97369b-0b87-4355-bcbe-bf38909e758e,200,1,4128.999,385e28f2-7f9b-4eb5-b2c7-8359b383c98e
2026-07-22T15:24:46.548Z,GET,/orders/?page=1&pageSize=10,200,1,7344.989,d2d5e2db-723e-44fc-b8b3-775c0baf7e14
2026-07-22T15:24:49.292Z,GET,/customers/a4e99c47-4726-484f-8e64-2eeacac71bb8/with-cars,200,1,4609.914,028a56da-f979-40cd-ba86-0fd30c59c8b5
2026-07-22T15:24:49.504Z,GET,/orders/fa1f78ba-21bf-4c17-ab91-951ee73a4ffb,200,1,4399.303,5f3434ee-8a5f-462a-94a2-d486a34cf297
2026-07-22T15:24:49.566Z,GET,/work/?page=1&pageSize=10,200,1,4339.044,1f7bb136-a8de-4e27-a4b7-a87d61fe0838
2026-07-22T15:24:47.365Z,GET,/customers/8e0b662a-7987-4ef1-94e1-f6a037ceacc2,200,1,6542.574,93ea13bd-948b-4a71-9d1d-cc6d9344104d
2026-07-22T15:24:47.314Z,GET,/workers/35a65ebd-8c7e-48ca-aebd-c01e3fdf9cee,200,1,6616.461,409a047e-3e76-4b8b-b283-f10ad13f9a8e
2026-07-22T15:24:49.734Z,GET,/orders/?page=1&pageSize=10,200,1,4205.815,7a6ad8fe-8c6e-4a90-ba1b-60ebf0404662
2026-07-22T15:24:46.734Z,GET,/cars/?page=1&pageSize=10,200,1,7233.727,5d2c8cfc-46cf-4fd3-bf83-a30a5b166a55
2026-07-22T15:24:49.192Z,GET,/users/0ee66e59-01db-493d-8e9c-f3a013be460a,200,1,4778.920,55e222f5-321a-49d4-9c05-9e5234f818de
2026-07-22T15:24:49.828Z,GET,/workers/?page=1&pageSize=10,200,1,4144.597,8722f45b-ce9c-4710-8a26-910527d69a46
2026-07-22T15:24:49.100Z,GET,/cars/?page=1&pageSize=10,200,1,4880.438,be71924c-0ebc-413e-94b2-b256d1fda766
2026-07-22T15:24:49.799Z,GET,/workers/?page=1&pageSize=10,200,1,4183.968,f2ed7308-909e-40ae-a8a9-e5931f190219
2026-07-22T15:24:49.132Z,GET,/customers/afc75d53-8f97-402c-8be3-4c5382e03465,200,1,4854.535,510537a3-e7f8-42a9-940b-4024bbc5cf42
2026-07-22T15:24:50.136Z,GET,/workers/?page=1&pageSize=10,200,1,3852.363,a49470e1-132f-4d46-a36d-af69a6840ee9
2026-07-22T15:24:47.234Z,GET,/work/07660e21-a6e1-48fc-b1c9-97d7db719934,200,1,6759.370,09a00f84-1338-4dd0-bafc-6da4fa1d1117
2026-07-22T15:24:49.299Z,GET,/workers/cbe2431f-de93-4a09-ac2c-3c995c70b766,200,1,4696.794,693c55c2-98c3-49f2-96d8-d93f99825bb0
2026-07-22T15:24:48.827Z,GET,/workers/384b1966-ee43-4d72-b333-770100fad43a,200,1,5177.825,8dc0fee4-9a10-4334-8a62-d1dbea70afcb
2026-07-22T15:24:48.340Z,GET,/orders/99acfe0d-7397-4ede-bb90-5b2a434a74d3,200,1,5670.910,f5cbfd23-6d68-4996-a56d-78167ce60a24
2026-07-22T15:24:48.871Z,GET,/users/c0e85944-09f0-45e3-b6ce-a4ff1dfe34fd,200,1,5156.763,6ae2e9d9-5f39-49f0-9992-74da1037ed45
2026-07-22T15:24:50.380Z,GET,/users/f05551e2-a913-4dd3-a3d0-3a9b9f7137bd,200,1,3661.581,08682958-58f7-4b8d-8b30-9abc2cd75134
2026-07-22T15:24:49.116Z,GET,/users/?page=1&pageSize=10,200,1,4944.928,7447e383-c212-44ec-b506-d9ecad978e0f
2026-07-22T15:24:48.871Z,GET,/users/?page=1&pageSize=10,200,1,5190.747,f50b0981-9539-4b5a-9295-0d076c74415c
2026-07-22T15:24:50.299Z,GET,/orders/f14bdda6-3e06-4eb4-ad7c-1b0e5d918bdd,200,1,3763.799,6b60b703-3c22-42e1-8ee2-5817ef15b4c8
2026-07-22T15:24:50.433Z,GET,/users/?page=1&pageSize=10,200,1,3634.764,bec00022-c392-4fc7-adb3-1cc90e0b076d
2026-07-22T15:24:47.638Z,GET,/workers/773b7e77-be75-4314-bda2-42588c089aad,200,1,6433.369,c21d095a-c89d-48bf-9fdb-6fc429b07959
2026-07-22T15:24:49.469Z,GET,/users/8dac00c0-5363-415b-b70c-e6783ae05a36,200,1,4652.569,5978298a-acd2-4a8a-b087-ac8b38e5f5fc
2026-07-22T15:24:49.429Z,GET,/customers/?page=1&pageSize=10,200,1,4694.067,4067b389-03ce-4f18-a165-06542df4dae4
2026-07-22T15:24:49.522Z,GET,/customers/775e6dfe-2c92-4da1-93e0-3e5d7e33a9d4,200,1,4617.429,2efe0943-7ea5-4b52-bf59-fe60527935bd
2026-07-22T15:24:50.154Z,GET,/cars/?page=1&pageSize=10,200,1,4050.242,668da768-b99c-4935-8483-84931e952095
2026-07-22T15:24:50.451Z,GET,/customers/90ea00c3-5e8b-4d8a-9565-a68948e763b2/with-cars,200,1,3781.796,9445a1f0-a5aa-444a-bcf2-cb9157593eec
2026-07-22T15:24:49.069Z,GET,/cars/?page=1&pageSize=10,200,1,5167.485,b760395d-ce96-461d-8e2b-ddf42af8d2ec
2026-07-22T15:24:50.534Z,GET,/workers/?page=1&pageSize=10,200,1,3728.662,4d59de55-3879-46d5-8b03-df7f81daa0a6
2026-07-22T15:24:46.140Z,GET,/workers/b166c374-0ae3-4e7e-91a4-2a0e1407e900,200,1,8126.079,8a8951b3-9912-48b6-ae16-ebccaa7803dd
2026-07-22T15:24:49.883Z,GET,/customers/fca4aca4-e049-4b1a-a832-d2f7bd0d4305/with-cars,200,1,4433.661,a6e219cf-c413-4fb8-be16-7cafe6067aee
