startedAt,method,path,status,ok,ms,reqId
2026-07-22T16:10:00.501Z,GET,/users/549271f4-5bcd-4e3c-80c2-8b61894e1a99,200,1,68.756,489d071c-5d9d-4835-aa2e-d878dfb6bbfa
2026-07-22T16:10:00.535Z,GET,/users/549271f4-5bcd-4e3c-80c2-8b61894e1a99,200,1,68.209,37c72636-13b6-432d-85cc-3f2a4a1b9773
2026-07-22T16:10:00.579Z,GET,/users/549271f4-5bcd-4e3c-80c2-8b61894e1a99,200,1,75.017,390a37da-a42f-494b-b728-ddc4b4c03832
2026-07-22T16:10:00.580Z,PATCH,/customers/rename,200,1,89.644,9d6cfdb1-6da0-48ef-9649-7f000a338ea8
2026-07-22T16:10:00.625Z,GET,/users/?page=1&pageSize=10,200,1,71.559,fdbb6003-8fcb-4776-aa3a-38df805ba620
2026-07-22T16:10:00.671Z,GET,/orders/550f7644-5f85-4bc1-88ff-2b7aa1045946,200,1,85.023,c2d08350-e870-430e-97a5-cfc5624e577d
2026-07-22T16:10:00.729Z,GET,/workers/?page=1&pageSize=10,200,1,70.365,af774257-af33-483d-9a36-0250840590f6
2026-07-22T16:10:00.774Z,GET,/orders/550f7644-5f85-4bc1-88ff-2b7aa1045946,200,1,71.726,ced815a4-8fde-4745-80a8-7f0520c49065
2026-07-22T16:10:00.828Z,GET,/customers/b4a706d6-318f-40db-9246-59347c15dac0,200,1,72.672,23038a8d-f2e5-470f-8a37-a551e24b2a72
2026-07-22T16:10:00.552Z,GET,/users/549271f4-5bcd-4e3c-80c2-8b61894e1a99,200,1,353.976,daf6bb9d-9177-4ea5-8774-37524e8fc955
2026-07-22T16:10:00.857Z,GET,/cars/?page=1&pageSize=10,200,1,85.109,cb4e8284-de28-4989-8c23-9ffe9a0ed11f
2026-07-22T16:10:00.554Z,GET,/workers/?page=1&pageSize=10,200,1,443.422,ec08bbc6-bb6b-409e-b83b-3b2089511b37
2026-07-22T16:10:00.946Z,GET,/customers/?page=1&pageSize=10,200,1,110.588,cf28d45a-fff3-4072-8e10-9e16ab5760cf
2026-07-22T16:10:00.745Z,GET,/users/549271f4-5bcd-4e3c-80c2-8b61894e1a99,200,1,334.500,977ebeb1-dedf-4e57-9cb9-70e23a00642b
2026-07-22T16:10:00.600Z,GET,/users/549271f4-5bcd-4e3c-80c2-8b61894e1a99,200,1,479.282,dd74b730-95d9-4fce-8cb8-65e1993c9240
2026-07-22T16:10:00.963Z,PATCH,/orders/apply-discount,200,1,118.271,c4585352-a00c-419c-921b-b48d2d514bf1
2026-07-22T16:10:00.689Z,GET,/customers/?page=1&pageSize=10,200,1,395.343,c0e5a274-943b-4895-b415-863b16474be5
2026-07-22T16:10:00.673Z,GET,/workers/?page=1&pageSize=10,200,1,411.136,b464d075-3b84-4785-ae20-dd75e37219c8
2026-07-22T16:10:01.075Z,GET,/users/?page=1&pageSize=10,200,1,76.688,7eb46de0-5643-4c43-b2e3-259f1c6200aa
2026-07-22T16:10:00.754Z,GET,/users/?page=1&pageSize=10,200,1,410.783,26ba4d2b-60ff-432b-b4db-d27e8c00e91c
2026-07-22T16:10:01.102Z,PATCH,/work/set-estimate,200,1,86.362,bdd2a392-0264-4953-9c81-973f45898c61
2026-07-22T16:10:00.864Z,GET,/work/6793eefd-f19c-4adc-b3ac-1537cc981242,200,1,437.912,a5e26bf9-1d07-460e-80ba-e0d30be0cedb
2026-07-22T16:10:00.967Z,GET,/orders/?page=1&pageSize=10,200,1,459.045,ac64724d-40c8-4f53-98c3-896d9ae41036
2026-07-22T16:10:01.200Z,GET,/workers/?page=1&pageSize=10,200,1,226.841,da61a482-2b42-431a-8979-ca35e5bfa30a
2026-07-22T16:10:01.000Z,GET,/customers/b4a706d6-318f-40db-9246-59347c15dac0/with-cars,200,1,460.419,6acf823f-68c3-4279-9d63-7bd4d9021ebf
2026-07-22T16:10:01.169Z,GET,/customers/b4a706d6-318f-40db-9246-59347c15dac0/with-cars,200,1,331.498,41c9d6bb-1120-413b-a73e-6a2e5a2b38ac
2026-07-22T16:10:01.175Z,GET,/users/549271f4-5bcd-4e3c-80c2-8b61894e1a99,200,1,326.108,5f67c0de-f022-4f03-a64b-31637d3d9053
2026-07-22T16:10:01.163Z,PATCH,/orders/set-priority,200,1,424.150,6ac39dd2-d75d-4051-99ac-cf3b76914b80
2026-07-22T16:10:00.876Z,GET,/orders/?page=1&pageSize=10,200,1,713.248,a643e18b-cae7-4f1f-bcfe-105670bfcda9
2026-07-22T16:10:00.888Z,GET,/customers/b4a706d6-318f-40db-9246-59347c15dac0/with-cars,200,1,749.156,f1841bd0-d27b-4cdd-9e7d-e607f6d8e4eb
2026-07-22T16:10:01.037Z,GET,/work/6793eefd-f19c-4adc-b3ac-1537cc981242,200,1,742.510,635a57d6-73a0-4928-a950-4537871174ea
2026-07-22T16:10:01.617Z,GET,/customers/b4a706d6-318f-40db-9246-59347c15dac0/with-cars,200,1,220.849,e967a094-a65c-460f-8042-4ac0acc02095
2026-07-22T16:10:00.989Z,GET,/orders/?page=1&pageSize=10,200,1,854.157,8efa8590-f8f2-4b29-9f00-98896a5b92ee
2026-07-22T16:10:01.048Z,GET,/customers/b4a706d6-318f-40db-9246-59347c15dac0,200,1,813.682,ffe446f6-7c79-4119-8909-76e3de43b122
2026-07-22T16:10:01.512Z,GET,/customers/b4a706d6-318f-40db-9246-59347c15dac0/with-cars,200,1,358.211,bab13da9-15af-4b2b-810c-4d70cbf6715b
2026-07-22T16:10:01.031Z,GET,/users/?page=1&pageSize=10,200,1,847.925,bb31aed9-ab13-4366-a5de-9e040ddfbffd
2026-07-22T16:10:01.005Z,GET,/customers/b4a706d6-318f-40db-9246-59347c15dac0/with-cars,200,1,884.142,77f7edc3-90d8-4772-af16-05b6e0ee7427
2026-07-22T16:10:01.324Z,GET,/workers/?page=1&pageSize=10,200,1,569.561,de50dd45-31df-4a25-be2c-2eedf03d38ec
2026-07-22T16:10:01.136Z,GET,/users/549271f4-5bcd-4e3c-80c2-8b61894e1a99,200,1,759.148,8357d9d6-781f-4bdb-a29d-2f8f57aec491
2026-07-22T16:10:01.002Z,GET,/cars/f629ac10-996c-4cde-a868-46688570fac7,200,1,896.096,32a88f3b-a698-4394-ba7d-6999b883fca9
2026-07-22T16:10:01.460Z,GET,/users/549271f4-5bcd-4e3c-80c2-8b61894e1a99,200,1,439.966,6de86664-a04a-4cf7-9528-f0ef5b3168aa
2026-07-22T16:10:01.588Z,GET,/workers/?page=1&pageSize=10,200,1,318.626,db0aa7ed-95df-406c-b5d9-8bfcd8260c8d
2026-07-22T16:10:01.484Z,GET,/workers/?page=1&pageSize=10,200,1,437.007,f46389c8-c75c-43a3-b7b2-b1ca4b7ac863
2026-07-22T16:10:01.699Z,PATCH,/work/set-estimate,200,1,230.748,af8bd2ba-6032-4b8e-b70e-721f4c08258f
2026-07-22T16:10:01.258Z,GET,/work/6793eefd-f19c-4adc-b3ac-1537cc981242,200,1,682.707,70a32c97-959b-48ee-9b03-6d96a32dcf14
2026-07-22T16:10:01.874Z,PATCH,/customers/change-contacts,200,1,110.228,e55b2380-0403-4aab-9adc-4e161a051616
2026-07-22T16:10:01.822Z,PATCH,/cars/record-mileage,200,1,208.609,8f0046e7-f535-47b8-99b3-11cf19c10d6f
2026-07-22T16:10:01.925Z,GET,/cars/?page=1&pageSize=10,200,1,132.028,d66d8d68-28e8-4a5b-8796-af394808957e
2026-07-22T16:10:00.897Z,GET,/cars/?page=1&pageSize=10,200,1,1165.003,95c41020-7bd5-46a0-9711-00c2eb0992cf
2026-07-22T16:10:01.010Z,GET,/customers/?page=1&pageSize=10,200,1,1058.845,d2e74c93-6199-4336-a9bd-961e42efc81e
2026-07-22T16:10:01.849Z,GET,/orders/550f7644-5f85-4bc1-88ff-2b7aa1045946,200,1,247.311,cd2d098c-4db7-4e27-9c15-be69bf2099ec
2026-07-22T16:10:01.012Z,GET,/customers/b4a706d6-318f-40db-9246-59347c15dac0,200,1,1098.998,0e77c6ba-6bc2-44a0-ac3d-f9f9693d9c4b
2026-07-22T16:10:01.270Z,GET,/workers/?page=1&pageSize=10,200,1,843.567,3f56bf56-e93c-40d2-97c9-a62f0c0e9ca4
2026-07-22T16:10:01.483Z,GET,/orders/?page=1&pageSize=10,200,1,661.514,1fe73154-9213-455d-857e-c0274e810625
2026-07-22T16:10:02.057Z,PATCH,/work/set-estimate,200,1,122.859,98b2e3f7-fdb3-4bcc-9cf6-9a745e6bc230
2026-07-22T16:10:01.623Z,GET,/orders/?page=1&pageSize=10,200,1,557.048,6f1d5b89-5cde-42b4-a79c-63e21004c66c
2026-07-22T16:10:01.374Z,GET,/customers/b4a706d6-318f-40db-9246-59347c15dac0,200,1,837.079,25abf7a6-fea4-4d71-967a-ffae8073cf30
2026-07-22T16:10:01.485Z,GET,/workers/8142efaf-aba3-4c1b-b97c-f8b419f7aa0c,200,1,755.963,786d7ac4-a150-4330-842b-88be78230c99
2026-07-22T16:10:01.493Z,GET,/users/549271f4-5bcd-4e3c-80c2-8b61894e1a99,200,1,749.512,032569bd-3862-4a92-bfa6-7c826454be55
2026-07-22T16:10:01.151Z,GET,/customers/b4a706d6-318f-40db-9246-59347c15dac0,200,1,1154.849,8af4bcfb-cc3a-4f75-8605-f602467d2f4c
2026-07-22T16:10:02.203Z,GET,/cars/?page=1&pageSize=10,200,1,133.172,ebf00aa1-2c87-45f7-9481-fd48928cc807
2026-07-22T16:10:01.179Z,GET,/customers/b4a706d6-318f-40db-9246-59347c15dac0,200,1,1167.921,3cd60166-7108-405c-be5f-fca27161c94a
2026-07-22T16:10:02.052Z,GET,/users/549271f4-5bcd-4e3c-80c2-8b61894e1a99,200,1,321.305,9a97e9aa-2032-4977-bd42-31f38bc6ed2c
2026-07-22T16:10:01.813Z,GET,/cars/?page=1&pageSize=10,200,1,561.416,828f6469-c262-4e38-b4d7-4dea0c311a84
2026-07-22T16:10:02.223Z,PATCH,/orders/apply-discount,200,1,153.829,3fdc2593-0ab8-4b12-b5c3-f1799518ca1b
2026-07-22T16:10:01.726Z,GET,/workers/?page=1&pageSize=10,200,1,676.442,9a251e5d-98f3-4f89-8bb1-d625e221ae70
2026-07-22T16:10:01.624Z,GET,/workers/8142efaf-aba3-4c1b-b97c-f8b419f7aa0c,200,1,791.184,2c932023-3f08-42ea-b267-8fb0c19aec8b
2026-07-22T16:10:01.960Z,GET,/cars/f629ac10-996c-4cde-a868-46688570fac7,200,1,457.066,58d3f63d-0d27-4c79-bd16-2334f8a55680
2026-07-22T16:10:01.672Z,GET,/customers/b4a706d6-318f-40db-9246-59347c15dac0/with-cars,200,1,754.066,de485bf7-4067-42b5-ae39-daffe731d984
2026-07-22T16:10:01.238Z,GET,/workers/8142efaf-aba3-4c1b-b97c-f8b419f7aa0c,200,1,1231.468,3fbb94b3-6d29-4e78-b4cb-af456e5b1f1c
2026-07-22T16:10:01.723Z,GET,/cars/?page=1&pageSize=10,200,1,780.628,c639776d-ad91-42b2-9d02-0d9e4f0d06da
2026-07-22T16:10:01.892Z,GET,/users/?page=1&pageSize=10,200,1,668.560,45d2cfbd-7fa8-4b71-b6cb-2bea19d286c1
2026-07-22T16:10:02.338Z,GET,/users/549271f4-5bcd-4e3c-80c2-8b61894e1a99,200,1,227.288,fded4edf-e2de-4bd9-91dc-597d7a8ca44c
2026-07-22T16:10:02.000Z,GET,/customers/b4a706d6-318f-40db-9246-59347c15dac0/with-cars,200,1,566.541,2e15c826-fd6b-4171-9564-354437130b22
2026-07-22T16:10:02.226Z,GET,/cars/f629ac10-996c-4cde-a868-46688570fac7,200,1,365.730,43030afa-1733-40bb-a7b1-cbca7b84c048
2026-07-22T16:10:02.383Z,GET,/users/549271f4-5bcd-4e3c-80c2-8b61894e1a99,200,1,250.830,5baf9bb1-39fa-43d5-b345-59f8905b8cad
2026-07-22T16:10:02.556Z,PATCH,/orders/apply-discount,200,1,140.949,4bda4688-f3f2-40fd-974c-ffae2de4754f
2026-07-22T16:10:02.248Z,GET,/customers/?page=1&pageSize=10,200,1,493.844,4fb67ec7-ac1c-4bb1-8b19-db2c89457e78
2026-07-22T16:10:02.637Z,POST,/cars/,200,1,127.793,0727dbb4-ea97-4295-a549-c5474267f4c1
2026-07-22T16:10:02.567Z,GET,/orders/?page=1&pageSize=10,200,1,218.839,0ba71a42-7b95-4dd3-a669-89390211173c
2026-07-22T16:10:02.664Z,PATCH,/workers/change-role,200,1,128.979,694059d7-5409-4720-9141-f4b398f95557
2026-07-22T16:10:01.417Z,GET,/orders/550f7644-5f85-4bc1-88ff-2b7aa1045946,200,1,1444.831,b9a640e3-d54e-4a66-ae28-ed69edccc0a3
2026-07-22T16:10:02.812Z,PATCH,/users/change-password,200,1,135.942,e1d713d3-e0af-43f4-9203-4cd59bfaf4f3
2026-07-22T16:10:02.028Z,GET,/customers/?page=1&pageSize=10,200,1,924.403,51bab745-864a-424c-ba2a-70dcc8c9082b
2026-07-22T16:10:02.597Z,GET,/cars/?page=1&pageSize=10,200,1,358.521,f5a796ff-655a-4c2d-acbe-aa30e9237140
2026-07-22T16:10:02.850Z,PATCH,/work/set-estimate,200,1,137.611,7e4b66a0-17d9-4d6a-a5c9-0105937979ff
2026-07-22T16:10:02.582Z,GET,/customers/b4a706d6-318f-40db-9246-59347c15dac0,200,1,449.912,2cb784f0-a697-47f6-9a9a-24512939a594
2026-07-22T16:10:02.362Z,GET,/customers/b4a706d6-318f-40db-9246-59347c15dac0/with-cars,200,1,671.879,7ed6cd1f-8f45-4445-888b-50703ca1de77
2026-07-22T16:10:02.590Z,GET,/orders/550f7644-5f85-4bc1-88ff-2b7aa1045946,200,1,447.380,5b5d6644-2a28-4d8d-af46-e53a06d3b18c
2026-07-22T16:10:02.811Z,GET,/cars/f629ac10-996c-4cde-a868-46688570fac7,200,1,228.484,e6668468-6ac1-4073-a524-45c5f6d32bb3
2026-07-22T16:10:02.360Z,GET,/work/?page=1&pageSize=10,200,1,688.242,5970e11f-a11b-49b0-81b0-78f8d89868b4
2026-07-22T16:10:01.730Z,GET,/users/?page=1&pageSize=10,200,1,1384.140,d23a1d66-0445-45ff-b0ff-dad1a10ad349
2026-07-22T16:10:02.995Z,PATCH,/customers/change-contacts,200,1,135.080,260b4142-2aeb-41f9-8bd5-705bed30dcfb
2026-07-22T16:10:02.365Z,GET,/work/6793eefd-f19c-4adc-b3ac-1537cc981242,200,1,774.140,32d36f78-6df5-42c7-9dbc-e2cd90e32267
2026-07-22T16:10:02.970Z,GET,/cars/f629ac10-996c-4cde-a868-46688570fac7,200,1,222.404,9eabe49b-4208-4305-9462-4c9a09a28691
2026-07-22T16:10:02.505Z,GET,/customers/b4a706d6-318f-40db-9246-59347c15dac0/with-cars,200,1,705.026,cab03d30-ba2d-43c4-baff-5d86e6426e9c
2026-07-22T16:10:02.266Z,GET,/customers/?page=1&pageSize=10,200,1,945.035,0a089584-2e38-4ac9-91ed-feda80b25d44
2026-07-22T16:10:02.760Z,PATCH,/work/change-description,200,1,464.766,1c809926-598d-428f-af08-498295f2a57d
2026-07-22T16:10:02.667Z,GET,/work/?page=1&pageSize=10,200,1,571.470,274751ae-e11b-4ee3-8323-7d20d02aeee4
2026-07-22T16:10:03.112Z,PATCH,/work/change-title,200,1,134.466,5ed7bad5-3400-469e-8833-ebd2f5ef4662
2026-07-22T16:10:02.672Z,GET,/customers/b4a706d6-318f-40db-9246-59347c15dac0/with-cars,200,1,580.174,0c6f4e91-2147-4c16-a2d0-8a89e4820696
2026-07-22T16:10:03.056Z,GET,/customers/b4a706d6-318f-40db-9246-59347c15dac0/with-cars,200,1,220.282,1eb76716-a965-43f5-9a76-cb09b813ba0e
2026-07-22T16:10:02.725Z,GET,/users/549271f4-5bcd-4e3c-80c2-8b61894e1a99,200,1,552.263,2204c51b-2031-4914-b6eb-b0be8525a7fc
2026-07-22T16:10:03.154Z,PATCH,/workers/change-role,200,1,124.840,b032a193-2a1c-4340-b167-f76b11a155bc
2026-07-22T16:10:02.835Z,GET,/workers/8142efaf-aba3-4c1b-b97c-f8b419f7aa0c,200,1,444.721,6f9af4dd-27c7-4f89-84ea-13ac051f1a47
2026-07-22T16:10:03.187Z,PATCH,/workers/change-hourly-rate,200,1,97.984,27fa198c-313b-4551-be93-05f168541f28
2026-07-22T16:10:02.462Z,GET,/work/6793eefd-f19c-4adc-b3ac-1537cc981242,200,1,826.726,9bd3d737-4ce4-4053-8528-792ab6fe8211
2026-07-22T16:10:01.035Z,GET,/workers/?page=1&pageSize=10,200,1,2261.285,657f7188-9517-40fb-89b5-3d220f713bc4
2026-07-22T16:10:02.613Z,GET,/work/6793eefd-f19c-4adc-b3ac-1537cc981242,200,1,709.317,8382812f-e5da-4cd7-b406-4308a0ec8653
2026-07-22T16:10:02.688Z,GET,/work/6793eefd-f19c-4adc-b3ac-1537cc981242,200,1,677.008,3a0da5d4-5084-4ab5-8236-54bede219024
2026-07-22T16:10:03.355Z,POST,/customers/,200,1,136.522,20427b95-7bf2-4566-a73c-19685bee2765
2026-07-22T16:10:02.819Z,GET,/orders/550f7644-5f85-4bc1-88ff-2b7aa1045946,200,1,682.765,31a7691b-dde3-48b4-8aaf-86c50f2a5b37
2026-07-22T16:10:03.196Z,GET,/work/?page=1&pageSize=10,200,1,322.523,c01d8484-5549-47b9-9454-e863e22245e1
2026-07-22T16:10:03.086Z,GET,/workers/?page=1&pageSize=10,200,1,454.871,dc48abbb-12d8-43f4-b107-6b8a14d54e9d
2026-07-22T16:10:02.867Z,GET,/users/?page=1&pageSize=10,200,1,674.326,c3e92694-1edf-4cf4-b4d9-f5a73088d707
2026-07-22T16:10:03.331Z,GET,/cars/?page=1&pageSize=10,200,1,232.544,9e044656-0bbf-468c-bf1e-a8080e7bde08
2026-07-22T16:10:02.856Z,GET,/orders/550f7644-5f85-4bc1-88ff-2b7aa1045946,200,1,768.497,55b928f1-0bfb-4ef1-a71f-29619401d214
2026-07-22T16:10:02.209Z,GET,/users/?page=1&pageSize=10,200,1,1514.043,5d84672e-0687-4c28-b745-280ac244c8f5
2026-07-22T16:10:01.008Z,GET,/cars/f629ac10-996c-4cde-a868-46688570fac7,200,1,2728.549,e2a5aec6-bfe5-4af0-8b0f-02e60c7faa66
2026-07-22T16:10:03.578Z,GET,/users/?page=1&pageSize=10,200,1,230.250,179bc1db-d140-4aab-9b6f-2b4ddeb9d8b6
2026-07-22T16:10:03.670Z,PATCH,/users/change-password,200,1,140.320,ae556941-4a77-43c6-997b-e7cddcd8e065
2026-07-22T16:10:02.954Z,GET,/customers/b4a706d6-318f-40db-9246-59347c15dac0/with-cars,200,1,909.621,fab90a27-e0fc-43ac-b69b-f128379cde01
2026-07-22T16:10:03.084Z,GET,/users/?page=1&pageSize=10,200,1,789.916,31a93a68-8ff6-440b-a26d-9aad50ed2919
2026-07-22T16:10:03.078Z,GET,/users/549271f4-5bcd-4e3c-80c2-8b61894e1a99,200,1,796.990,fbfd8317-ffed-4108-8ca5-190fa67c5317
2026-07-22T16:10:00.991Z,GET,/orders/?page=1&pageSize=10,200,1,2887.462,a02873cd-953c-4f86-810d-82ae3bf707c3
2026-07-22T16:10:02.532Z,GET,/cars/f629ac10-996c-4cde-a868-46688570fac7,200,1,1381.134,a1043e56-6551-4138-bf33-0e53fddc3172
2026-07-22T16:10:02.282Z,GET,/work/6793eefd-f19c-4adc-b3ac-1537cc981242,200,1,1630.836,c9911205-2513-429e-951b-e8eac1540429
2026-07-22T16:10:03.338Z,GET,/work/6793eefd-f19c-4adc-b3ac-1537cc981242,200,1,579.553,d3509223-3582-47d3-823b-43ca983ad6f1
2026-07-22T16:10:03.227Z,GET,/users/549271f4-5bcd-4e3c-80c2-8b61894e1a99,200,1,695.038,cb2f0568-f579-461e-8ece-ed9bb5ac4567
2026-07-22T16:10:03.007Z,GET,/workers/8142efaf-aba3-4c1b-b97c-f8b419f7aa0c,200,1,927.820,f5af8fee-6deb-4669-9fec-1e7ff7097c4b
2026-07-22T16:10:02.675Z,GET,/work/6793eefd-f19c-4adc-b3ac-1537cc981242,200,1,1263.199,915709b7-2ddc-4ab9-873f-43edef6c46a5
2026-07-22T16:10:03.822Z,PATCH,/orders/apply-discount,200,1,117.555,9ac98db6-2ba9-441a-a3fd-b6ff043768be
2026-07-22T16:10:02.714Z,GET,/workers/?page=1&pageSize=10,200,1,1229.000,eb5269ba-a212-41a7-87f1-8e00ded37c9f
2026-07-22T16:10:03.495Z,GET,/cars/?page=1&pageSize=10,200,1,469.125,a827008b-8c9f-4a66-a83a-971f0cbc7d21
2026-07-22T16:10:03.421Z,GET,/cars/?page=1&pageSize=10,200,1,557.029,02910440-3dbd-490d-90a9-b015169beac7
2026-07-22T16:10:03.443Z,GET,/work/?page=1&pageSize=10,200,1,554.706,654e06e7-b8be-43e4-a75c-367ddb763dc0
2026-07-22T16:10:03.436Z,GET,/orders/550f7644-5f85-4bc1-88ff-2b7aa1045946,200,1,562.457,8ff6b761-550a-4a82-9beb-c8a02dea245d
2026-07-22T16:10:03.583Z,GET,/cars/f629ac10-996c-4cde-a868-46688570fac7,200,1,426.150,c6c6205b-f698-44c6-aeeb-8e11a89530d6
2026-07-22T16:10:03.224Z,GET,/customers/?page=1&pageSize=10,200,1,803.141,191f6343-ac82-40b5-8c17-8fc7784fb0ff
2026-07-22T16:10:03.460Z,GET,/workers/8142efaf-aba3-4c1b-b97c-f8b419f7aa0c,200,1,576.253,84f1e99d-2e5d-4acb-b1d0-89f62a27225e
2026-07-22T16:10:03.619Z,GET,/work/6793eefd-f19c-4adc-b3ac-1537cc981242,200,1,428.594,7250111f-a61e-4ba9-bc23-5ce83d80f56c
2026-07-22T16:10:03.429Z,GET,/customers/?page=1&pageSize=10,200,1,675.426,8508a269-2482-45af-b9f2-cd0d217053f2
2026-07-22T16:10:03.181Z,GET,/customers/?page=1&pageSize=10,200,1,978.666,7bb5ee98-4b07-4389-80eb-a45d4baf0d60
2026-07-22T16:10:03.259Z,GET,/customers/b4a706d6-318f-40db-9246-59347c15dac0/with-cars,200,1,902.136,126b1324-2ffa-42a4-b183-5f0fa8ed9f16
2026-07-22T16:10:03.953Z,GET,/users/?page=1&pageSize=10,200,1,214.816,f2ca795d-8313-4897-b467-0ae36afe3db3
2026-07-22T16:10:02.433Z,GET,/work/6793eefd-f19c-4adc-b3ac-1537cc981242,200,1,1761.392,44717768-4d11-48be-ad6f-88f04706d791
2026-07-22T16:10:02.331Z,GET,/cars/?page=1&pageSize=10,200,1,1888.409,c814da24-8e6d-4fcf-ab1a-eeed116f68e6
2026-07-22T16:10:02.348Z,GET,/work/?page=1&pageSize=10,200,1,1887.017,ebc6993c-9361-41c1-96a3-020ad2db4912
2026-07-22T16:10:04.117Z,PATCH,/orders/apply-discount,200,1,158.238,481bd8c4-de5f-4ec2-8afe-c2fa7268545d
2026-07-22T16:10:02.561Z,GET,/customers/b4a706d6-318f-40db-9246-59347c15dac0,200,1,1723.305,2ce4a25c-129e-4392-abaa-5fac6caa6a62
2026-07-22T16:10:03.650Z,GET,/customers/?page=1&pageSize=10,200,1,670.603,db7ab2d7-cd9c-4a8c-a83e-5cb87c738e25
2026-07-22T16:10:04.233Z,PATCH,/work/change-title,200,1,135.105,05d516e7-94d2-491d-8743-2e27e4e1a128
2026-07-22T16:10:04.197Z,GET,/users/?page=1&pageSize=10,200,1,235.794,6dcf2ade-b012-462e-9eed-d8049e80f680
2026-07-22T16:10:03.964Z,GET,/customers/b4a706d6-318f-40db-9246-59347c15dac0/with-cars,200,1,470.003,75b1afab-d825-49be-80cc-a2460141499f
2026-07-22T16:10:03.438Z,GET,/orders/550f7644-5f85-4bc1-88ff-2b7aa1045946,200,1,1003.611,86bc2de4-6f2c-4725-b72f-6708d5ad2040
2026-07-22T16:10:03.675Z,GET,/cars/?page=1&pageSize=10,200,1,786.905,3e1504ea-c684-4f7a-8301-96f1a2e88c75
2026-07-22T16:10:04.015Z,GET,/customers/b4a706d6-318f-40db-9246-59347c15dac0/with-cars,200,1,468.012,433b2a28-455c-4b93-be12-40540ec9712c
2026-07-22T16:10:04.050Z,GET,/orders/?page=1&pageSize=10,200,1,461.300,00616ac3-540b-4647-a399-bce02ea636a5
2026-07-22T16:10:03.786Z,GET,/orders/550f7644-5f85-4bc1-88ff-2b7aa1045946,200,1,788.007,09156131-1f32-42bc-a0c2-d7c71da3dc22
2026-07-22T16:10:03.503Z,GET,/users/?page=1&pageSize=10,200,1,1129.711,8509c4f0-52d3-4e8c-8e47-7f3f4fd9ec7c
2026-07-22T16:10:02.328Z,GET,/work/6793eefd-f19c-4adc-b3ac-1537cc981242,200,1,2305.338,a4e79f9f-0f8e-4e73-8159-474ce6c33ab8
2026-07-22T16:10:04.117Z,GET,/workers/8142efaf-aba3-4c1b-b97c-f8b419f7aa0c,200,1,599.010,4a189ec0-9383-456b-bd5d-6377c43b7371
2026-07-22T16:10:04.581Z,PATCH,/cars/record-mileage,200,1,142.888,4f6712bd-361a-43ec-803b-a151f8bcc99c
2026-07-22T16:10:01.869Z,GET,/workers/?page=1&pageSize=10,200,1,2855.709,fe1674fb-ad5b-4566-bd3c-f6e56a5ce5df
2026-07-22T16:10:04.511Z,GET,/work/?page=1&pageSize=10,200,1,226.971,40b81f7b-05fd-4e23-8ee7-84f3c61e3c13
2026-07-22T16:10:04.029Z,GET,/users/549271f4-5bcd-4e3c-80c2-8b61894e1a99,200,1,822.058,663c1558-c9d0-48fd-8d6b-76f5ebbe05fa
2026-07-22T16:10:03.959Z,GET,/orders/?page=1&pageSize=10,200,1,897.221,703591d6-d352-4138-9b41-ae01ef235f4b
2026-07-22T16:10:04.743Z,PATCH,/customers/change-contacts,200,1,132.075,98a31d92-9ad6-4a1d-b8e6-1f6e5c4b15b6
2026-07-22T16:10:03.893Z,GET,/customers/b4a706d6-318f-40db-9246-59347c15dac0,200,1,989.546,12afacda-e0de-4cb1-8267-6ced3fe8f6a2
2026-07-22T16:10:03.994Z,GET,/cars/4c23ae8d-6be0-4105-964d-f1ddf1199d0f,200,1,896.368,4594a941-407a-479c-94ea-b821e443b966
2026-07-22T16:10:03.907Z,GET,/users/549271f4-5bcd-4e3c-80c2-8b61894e1a99,200,1,1007.460,a32fedb4-b3bb-4395-9323-1020c44411bf
2026-07-22T16:10:03.918Z,GET,/workers/8142efaf-aba3-4c1b-b97c-f8b419f7aa0c,200,1,1008.855,300b85bd-38d0-4a01-8a9a-8ab4cbfd6224
2026-07-22T16:10:04.857Z,PATCH,/work/set-estimate,200,1,120.121,2395557b-2db5-4b39-9af1-d150cb494feb
2026-07-22T16:10:01.338Z,GET,/workers/?page=1&pageSize=10,200,1,3643.303,72a789e3-a175-4903-9383-902ace19fe40
2026-07-22T16:10:03.772Z,GET,/users/?page=1&pageSize=10,200,1,1322.106,cca66f5d-ff83-4a11-9d7e-88d073705f5a
2026-07-22T16:10:04.523Z,GET,/work/?page=1&pageSize=10,200,1,575.291,c4342f4a-0dd2-4fc8-9e9a-d8d80ec33305
2026-07-22T16:10:03.767Z,GET,/cars/f629ac10-996c-4cde-a868-46688570fac7,200,1,1333.073,8b80b0b9-58bb-4883-8365-7f65b2557374
2026-07-22T16:10:04.528Z,GET,/orders/?page=1&pageSize=10,200,1,586.458,cea3f12c-961b-4589-ba0d-299a79d2ec8c
2026-07-22T16:10:04.530Z,GET,/customers/b4a706d6-318f-40db-9246-59347c15dac0,200,1,589.271,2b303177-f00c-4ab3-b8cf-6acfcfcd7203
2026-07-22T16:10:03.360Z,GET,/work/6793eefd-f19c-4adc-b3ac-1537cc981242,200,1,1786.889,5a6209ba-f635-4722-aeca-bbd92b3f8edd
2026-07-22T16:10:02.921Z,GET,/work/6793eefd-f19c-4adc-b3ac-1537cc981242,200,1,2247.057,569214b6-ad9e-473c-8790-7e045cdd1b3c
2026-07-22T16:10:04.419Z,GET,/cars/?page=1&pageSize=10,200,1,754.350,d2bee04e-4083-43ad-b23b-218317d22dfd
2026-07-22T16:10:04.112Z,GET,/users/?page=1&pageSize=10,200,1,1086.230,b223f51d-1421-432c-ae46-eafbf3a0d79e
2026-07-22T16:10:01.021Z,GET,/users/?page=1&pageSize=10,200,1,4202.950,0b1a8fb4-8c77-4957-b45f-5635a2d26467
2026-07-22T16:10:04.877Z,GET,/cars/4c23ae8d-6be0-4105-964d-f1ddf1199d0f,200,1,356.680,ee65209f-0310-43a3-abf4-9a54ee02b1c0
2026-07-22T16:10:04.534Z,GET,/customers/b4a706d6-318f-40db-9246-59347c15dac0,200,1,705.765,4c9d473b-b6cf-4847-85b8-0fc5c0fbad71
2026-07-22T16:10:04.569Z,GET,/work/6793eefd-f19c-4adc-b3ac-1537cc981242,200,1,733.635,707b0bb5-61e2-47d0-92ad-669e04d1f437
2026-07-22T16:10:04.713Z,GET,/cars/?page=1&pageSize=10,200,1,612.905,18970d2c-5d1e-4b3b-ab7b-e2507ddd69e9
2026-07-22T16:10:05.090Z,PATCH,/orders/apply-discount,200,1,251.422,d21c2768-c892-4c27-94b5-410874fc2c40
2026-07-22T16:10:04.714Z,GET,/cars/f629ac10-996c-4cde-a868-46688570fac7,200,1,691.082,47bc2b50-4894-4eba-9138-0d479d584268
2026-07-22T16:10:04.664Z,GET,/orders/550f7644-5f85-4bc1-88ff-2b7aa1045946,200,1,850.522,7d979b4b-6964-4083-b182-e38d3aef07f5
2026-07-22T16:10:04.842Z,GET,/workers/8142efaf-aba3-4c1b-b97c-f8b419f7aa0c,200,1,735.597,787d9763-4ced-4443-8c1b-b66899ae79c9
2026-07-22T16:10:04.206Z,GET,/customers/?page=1&pageSize=10,200,1,1374.325,84d2b6e9-be1c-4d0c-8a21-92cd5faef66e
2026-07-22T16:10:04.531Z,GET,/customers/b4a706d6-318f-40db-9246-59347c15dac0/with-cars,200,1,1075.368,16bfd1d5-ae97-4144-aead-1e41dc9008fe
2026-07-22T16:10:04.420Z,GET,/users/549271f4-5bcd-4e3c-80c2-8b61894e1a99,200,1,1206.984,1e58452e-7f22-45d7-8e12-1dcc67bb816b
2026-07-22T16:10:04.002Z,GET,/customers/de510cf4-d037-461e-ac0b-04d11b6c0aad,200,1,1634.203,3102293e-758c-4cc5-b46c-de9043bb7386
2026-07-22T16:10:03.512Z,GET,/cars/4c23ae8d-6be0-4105-964d-f1ddf1199d0f,200,1,2215.730,b70340a1-e964-4867-8d61-abeb98d84da5
2026-07-22T16:10:05.243Z,GET,/work/6793eefd-f19c-4adc-b3ac-1537cc981242,200,1,491.083,78849b94-7e65-458a-b55a-06f89595e121
2026-07-22T16:10:04.795Z,GET,/work/?page=1&pageSize=10,200,1,959.708,4f91604c-efea-4dc1-9fa7-db866a4a014e
2026-07-22T16:10:04.401Z,GET,/cars/?page=1&pageSize=10,200,1,1395.303,9cac0eff-de02-469c-ad3f-31094e4e1e47
2026-07-22T16:10:05.578Z,GET,/work/?page=1&pageSize=10,200,1,234.572,b795b6a3-62e4-4ff5-9741-544710becf33
2026-07-22T16:10:05.100Z,GET,/workers/?page=1&pageSize=10,200,1,730.826,35b59f67-2639-4a30-8467-27f53c1cfca4
2026-07-22T16:10:04.097Z,GET,/customers/b4a706d6-318f-40db-9246-59347c15dac0/with-cars,200,1,1741.020,403ea93f-78e8-4412-9f9e-dce2fb4278ae
2026-07-22T16:10:04.785Z,GET,/users/549271f4-5bcd-4e3c-80c2-8b61894e1a99,200,1,1061.982,03e95d46-3c80-4f60-bdf8-3b5f7aa28248
2026-07-22T16:10:05.312Z,GET,/customers/de510cf4-d037-461e-ac0b-04d11b6c0aad,200,1,560.224,420080b2-5ef1-48ac-acbd-c6b5741bb596
2026-07-22T16:10:05.324Z,GET,/customers/?page=1&pageSize=10,200,1,554.916,44caa51e-2758-4992-a5e1-5f4ebfae8396
2026-07-22T16:10:04.963Z,GET,/work/6793eefd-f19c-4adc-b3ac-1537cc981242,200,1,930.333,cd9ba29e-e961-4483-91b0-aa1c2e938fad
2026-07-22T16:10:04.852Z,GET,/users/?page=1&pageSize=10,200,1,1046.498,c2c3e7d5-8592-4492-b267-4b625e20a640
2026-07-22T16:10:03.750Z,GET,/customers/?page=1&pageSize=10,200,1,2159.953,29e85b00-f103-4acb-9512-76d265422488
2026-07-22T16:10:03.509Z,GET,/workers/?page=1&pageSize=10,200,1,2410.290,7e8fbb39-bc60-4efd-83b7-790a5d0bce85
2026-07-22T16:10:04.363Z,GET,/cars/f629ac10-996c-4cde-a868-46688570fac7,200,1,1598.517,5c064997-2ed0-4564-9350-0267cd565cec
2026-07-22T16:10:04.782Z,GET,/orders/550f7644-5f85-4bc1-88ff-2b7aa1045946,200,1,1291.682,df1b398d-fc3d-4522-9531-e7258caabe31
2026-07-22T16:10:04.269Z,GET,/cars/f629ac10-996c-4cde-a868-46688570fac7,200,1,1810.491,bd7a4e6e-b6e6-45f5-8431-8ea452b0f551
2026-07-22T16:10:04.823Z,GET,/workers/8142efaf-aba3-4c1b-b97c-f8b419f7aa0c,200,1,1259.291,75716b40-ef27-47ff-a9c8-6d2fbd1fe3e7
2026-07-22T16:10:03.725Z,GET,/cars/f629ac10-996c-4cde-a868-46688570fac7,200,1,2371.931,4d9eb09c-74ed-4993-ab3a-15af2b96067d
2026-07-22T16:10:04.902Z,GET,/cars/f629ac10-996c-4cde-a868-46688570fac7,200,1,1301.929,9d34ffdc-f9e6-426b-bd40-455e48284778
2026-07-22T16:10:05.487Z,GET,/customers/?page=1&pageSize=10,200,1,716.839,a165c12a-3387-45f7-a689-9e3e3004b650
2026-07-22T16:10:04.931Z,GET,/work/6793eefd-f19c-4adc-b3ac-1537cc981242,200,1,1292.064,f2e22f8e-c3b0-4c96-b8dd-d53bd072d63c
2026-07-22T16:10:05.457Z,GET,/orders/550f7644-5f85-4bc1-88ff-2b7aa1045946,200,1,793.201,dd89b86c-d9df-4340-b12c-8c06e027aa69
2026-07-22T16:10:05.338Z,GET,/users/549271f4-5bcd-4e3c-80c2-8b61894e1a99,200,1,912.831,15e65f66-4dfe-4f57-95b2-ed6abcb28f6e
2026-07-22T16:10:05.455Z,GET,/workers/?page=1&pageSize=10,200,1,801.205,c746bad9-caec-4bac-b5bd-337d5b68da0f
2026-07-22T16:10:06.056Z,GET,/orders/550f7644-5f85-4bc1-88ff-2b7aa1045946,200,1,242.752,b3cff462-f268-4e25-9cc5-a2372a8eefa1
2026-07-22T16:10:06.058Z,PATCH,/customers/change-contacts,200,1,242.006,562a4834-f7b3-443c-92a7-c7c4aeafe7cf
2026-07-22T16:10:06.193Z,PATCH,/customers/rename,200,1,123.681,781439e3-d75b-4617-a6fc-0c545a2cee71
2026-07-22T16:10:05.154Z,GET,/work/6793eefd-f19c-4adc-b3ac-1537cc981242,200,1,1163.169,caaf0f9d-8a4c-4f28-a46b-3a2111cf763b
2026-07-22T16:10:04.247Z,GET,/workers/?page=1&pageSize=10,200,1,2078.628,3da807a3-59be-4230-951b-d055479b83e7
2026-07-22T16:10:05.809Z,GET,/cars/4c23ae8d-6be0-4105-964d-f1ddf1199d0f,200,1,566.747,80474802-1f52-48a5-a3dd-3bd2cc289633
2026-07-22T16:10:05.466Z,GET,/cars/?page=1&pageSize=10,200,1,946.106,e38d4662-0884-40fd-a42d-eebbcbbfc1d6
2026-07-22T16:10:04.271Z,GET,/orders/?page=1&pageSize=10,200,1,2156.388,5c08c652-7f9b-48a2-b428-1f38a55213fd
2026-07-22T16:10:03.915Z,GET,/work/6793eefd-f19c-4adc-b3ac-1537cc981242,200,1,2530.037,968e3cad-65d1-4435-9fe7-339b84768f1e
2026-07-22T16:10:05.781Z,GET,/orders/?page=1&pageSize=10,200,1,674.670,6140716b-37ba-419f-b8f2-7b61537c51c7
2026-07-22T16:10:05.712Z,GET,/orders/550f7644-5f85-4bc1-88ff-2b7aa1045946,200,1,745.663,52d99327-42af-4b72-90b0-a2bd9c9c3307
2026-07-22T16:10:05.358Z,GET,/orders/?page=1&pageSize=10,200,1,1181.246,300de89d-79d1-4c9c-9c7b-f9b0d3774989
2026-07-22T16:10:05.411Z,GET,/users/549271f4-5bcd-4e3c-80c2-8b61894e1a99,200,1,1143.042,bc015291-7e3f-4c62-bad3-79e9061eb41a
2026-07-22T16:10:05.176Z,GET,/orders/550f7644-5f85-4bc1-88ff-2b7aa1045946,200,1,1405.496,236b6fa8-4515-43e0-bb27-1731a5e5084c
2026-07-22T16:10:05.430Z,GET,/customers/?page=1&pageSize=10,200,1,1153.249,ac7e030a-dbbf-4447-a441-9ca220429972
2026-07-22T16:10:06.036Z,GET,/users/549271f4-5bcd-4e3c-80c2-8b61894e1a99,200,1,573.253,10e374bb-e5e9-4d92-b78e-99bf2287035e
2026-07-22T16:10:04.821Z,GET,/work/6793eefd-f19c-4adc-b3ac-1537cc981242,200,1,1794.577,012edf03-ab1d-400d-a937-3c0aaa7d7fd2
2026-07-22T16:10:05.459Z,GET,/customers/b4a706d6-318f-40db-9246-59347c15dac0,200,1,1156.497,5c235383-e46b-48fa-9136-bf71e36586d0
2026-07-22T16:10:05.018Z,GET,/orders/550f7644-5f85-4bc1-88ff-2b7aa1045946,200,1,1605.929,70918329-9cda-4cfa-82f5-baec4d7366c7
2026-07-22T16:10:03.909Z,GET,/cars/?page=1&pageSize=10,200,1,2729.923,d79e33cd-6289-455b-abe9-0bae04cf39c3
2026-07-22T16:10:06.522Z,PATCH,/workers/change-role,200,1,122.564,d487b044-ff6b-4c0f-a1b6-ed2d1ce52e9f
2026-07-22T16:10:04.242Z,GET,/workers/8142efaf-aba3-4c1b-b97c-f8b419f7aa0c,200,1,2410.723,67245754-95a5-44ad-83aa-70aaef5ded65
2026-07-22T16:10:06.574Z,PATCH,/cars/record-mileage,200,1,138.202,8e21e867-84e5-4442-b255-1c59d86e4dc8
2026-07-22T16:10:05.110Z,GET,/workers/?page=1&pageSize=10,200,1,1708.780,58aada88-4243-4441-af9b-47cfb171ed37
2026-07-22T16:10:06.542Z,GET,/customers/b4a706d6-318f-40db-9246-59347c15dac0/with-cars,200,1,363.094,2f2c41e5-e5be-44c4-976b-9be8e93394ec
2026-07-22T16:10:04.759Z,GET,/work/6793eefd-f19c-4adc-b3ac-1537cc981242,200,1,2158.739,aa1ab42f-d758-459a-84e3-e3384cc9b007
2026-07-22T16:10:06.735Z,GET,/customers/b4a706d6-318f-40db-9246-59347c15dac0,200,1,235.399,84cf6c75-d065-4592-a42b-8493629f405f
2026-07-22T16:10:06.624Z,GET,/work/6793eefd-f19c-4adc-b3ac-1537cc981242,200,1,368.418,fddf9b26-5aa7-4f01-8727-cf347d479fe3
2026-07-22T16:10:06.064Z,GET,/customers/?page=1&pageSize=10,200,1,945.411,669e8694-dce0-4cb5-a972-0f0304027de0
2026-07-22T16:10:05.030Z,GET,/orders/550f7644-5f85-4bc1-88ff-2b7aa1045946,200,1,2019.810,0d1bb29d-823c-430c-92f0-8003c72f343c
2026-07-22T16:10:06.054Z,GET,/users/?page=1&pageSize=10,200,1,1001.031,f41f3b41-ada1-4db9-bd4d-c2ef649f138b
2026-07-22T16:10:06.622Z,GET,/cars/?page=1&pageSize=10,200,1,443.746,954a5812-b5d9-4b79-ad58-a96bc007cd43
2026-07-22T16:10:06.815Z,PATCH,/work/change-title,200,1,255.119,5b1417f7-e59b-411d-8faa-be25b82339f4
2026-07-22T16:10:06.515Z,GET,/customers/de510cf4-d037-461e-ac0b-04d11b6c0aad,200,1,579.405,17058b10-3bc5-46ef-9c26-eac5f398a879
2026-07-22T16:10:06.915Z,GET,/work/?page=1&pageSize=10,200,1,246.908,8215bd13-99aa-4ebb-a4fa-b477a0296310
2026-07-22T16:10:06.885Z,PATCH,/orders/apply-discount,200,1,288.881,c3022bf4-04ff-456e-b602-a7b29ac6b621
2026-07-22T16:10:06.727Z,GET,/customers/?page=1&pageSize=10,200,1,452.100,cf249c65-70b0-4eed-ab47-9fcf9741f264
2026-07-22T16:10:06.738Z,GET,/cars/f629ac10-996c-4cde-a868-46688570fac7,200,1,451.892,c614a88a-276d-47d9-9cbb-ee5656289ab2
2026-07-22T16:10:05.966Z,GET,/orders/550f7644-5f85-4bc1-88ff-2b7aa1045946,200,1,1239.796,e45dca13-9a29-4444-8c6b-5c0aae537128
2026-07-22T16:10:05.575Z,GET,/users/549271f4-5bcd-4e3c-80c2-8b61894e1a99,200,1,1673.325,38d1356f-faea-4b1e-ab1e-50cf5da88e92
2026-07-22T16:10:06.614Z,GET,/orders/?page=1&pageSize=10,200,1,644.931,da4a4c15-7cb9-4664-bc8d-46a63d09820e
2026-07-22T16:10:07.188Z,PATCH,/orders/set-priority,200,1,124.909,86944dd3-c8a5-40eb-8038-703ce697d28c
2026-07-22T16:10:06.414Z,GET,/workers/8142efaf-aba3-4c1b-b97c-f8b419f7aa0c,200,1,904.715,45b9d51e-5b08-4153-a05b-510de57bb5a8
2026-07-22T16:10:06.748Z,GET,/orders/?page=1&pageSize=10,200,1,676.575,a443b480-06be-4198-9f42-e3e8f1e60118
2026-07-22T16:10:05.877Z,GET,/orders/?page=1&pageSize=10,200,1,1558.725,94196825-75d0-4a5c-bf0d-9c1854dd39fa
2026-07-22T16:10:07.315Z,PATCH,/orders/set-priority,200,1,128.662,5ed2f4cd-8ecd-43cf-af46-4423cc258e58
2026-07-22T16:10:05.840Z,GET,/customers/b4a706d6-318f-40db-9246-59347c15dac0,200,1,1626.286,6ba4a9d7-e1fe-40ad-87ec-340775697a3e
2026-07-22T16:10:05.273Z,GET,/cars/f629ac10-996c-4cde-a868-46688570fac7,200,1,2317.159,6419b4be-aae0-4663-a3b9-5e51ffd7d2a8
2026-07-22T16:10:06.860Z,GET,/work/?page=1&pageSize=10,200,1,803.271,d953a7e5-b4d3-4d32-8d38-d422206d0e4e
2026-07-22T16:10:05.472Z,GET,/workers/?page=1&pageSize=10,200,1,2191.963,f4d320e7-a8c6-4207-ab6a-6cba083f9fc2
2026-07-22T16:10:06.756Z,GET,/customers/b4a706d6-318f-40db-9246-59347c15dac0/with-cars,200,1,919.031,3f2d0b79-338c-4b83-b436-0c1e6c5abdf0
2026-07-22T16:10:07.181Z,GET,/work/?page=1&pageSize=10,200,1,549.464,5ed05237-a599-4012-bd62-7d133e11229d
2026-07-22T16:10:07.376Z,GET,/cars/?page=1&pageSize=10,200,1,370.169,9cb2c9d0-24f9-49dd-9e6b-c4929730f056
2026-07-22T16:10:04.844Z,GET,/work/6793eefd-f19c-4adc-b3ac-1537cc981242,200,1,2910.059,cc0f8705-90d0-4335-9e0f-2385b04daadb
2026-07-22T16:10:07.194Z,GET,/cars/?page=1&pageSize=10,200,1,562.002,27f35a99-494a-43f3-ab1d-d905970db9db
2026-07-22T16:10:07.526Z,GET,/work/6793eefd-f19c-4adc-b3ac-1537cc981242,200,1,244.881,7b09d1bc-cd90-499b-afcd-ba3a9d647c37
2026-07-22T16:10:06.878Z,GET,/users/549271f4-5bcd-4e3c-80c2-8b61894e1a99,200,1,904.472,8bfc5468-abd5-4045-846f-2274a0c5cdeb
2026-07-22T16:10:06.767Z,GET,/orders/?page=1&pageSize=10,200,1,1024.187,693233e2-670c-4730-9460-ec7b99990585
2026-07-22T16:10:06.428Z,GET,/work/?page=1&pageSize=10,200,1,1371.253,8de24190-9f1a-4e80-a1e3-f6db6eb1bd45
2026-07-22T16:10:06.732Z,GET,/cars/?page=1&pageSize=10,200,1,1126.634,5a9455d6-d9ee-41eb-be0d-b92845df3bea
2026-07-22T16:10:07.313Z,GET,/cars/f629ac10-996c-4cde-a868-46688570fac7,200,1,573.817,3a9626b5-8ae2-48e1-bed6-b2d82829452d
2026-07-22T16:10:06.416Z,GET,/users/?page=1&pageSize=10,200,1,1473.252,7a2af47a-642e-4935-bea5-8a1443aee7b4
2026-07-22T16:10:05.554Z,GET,/work/?page=1&pageSize=10,200,1,2387.992,0008d99b-cd39-46da-b9d6-215f60c6bd4d
2026-07-22T16:10:06.887Z,GET,/workers/?page=1&pageSize=10,200,1,1299.840,d55a0f8e-b94a-40f7-b5a2-489f300b20ed
2026-07-22T16:10:05.669Z,GET,/customers/b4a706d6-318f-40db-9246-59347c15dac0,200,1,2520.284,a2347a7d-2767-424a-9277-a7de5d1ea69f
2026-07-22T16:10:07.561Z,GET,/customers/de510cf4-d037-461e-ac0b-04d11b6c0aad,200,1,696.561,2dee2e14-23ac-416e-9acd-7dc44fe598e7
2026-07-22T16:10:07.463Z,GET,/users/?page=1&pageSize=10,200,1,807.170,b2dd6704-d5d4-4e93-9f1d-8868697d9c54
2026-07-22T16:10:04.636Z,GET,/work/?page=1&pageSize=10,200,1,3639.048,616fce08-907d-4dc3-b77b-a8502b08bfad
2026-07-22T16:10:07.559Z,GET,/users/?page=1&pageSize=10,200,1,723.576,3f9dfdf4-4aa7-4e2c-a52b-27c126f99a09
2026-07-22T16:10:07.798Z,GET,/cars/?page=1&pageSize=10,200,1,487.105,b3a0c02f-6454-448b-9ac3-6cb9e14ae796
2026-07-22T16:10:06.530Z,GET,/workers/?page=1&pageSize=10,200,1,1790.076,3841678a-c3b5-4e2d-9619-7f48f03d42c8
2026-07-22T16:10:07.621Z,GET,/workers/8142efaf-aba3-4c1b-b97c-f8b419f7aa0c,200,1,707.715,9e92a17d-ce3e-4216-8d61-8359810fbb42
2026-07-22T16:10:07.993Z,GET,/customers/?page=1&pageSize=10,200,1,346.270,bc334fb6-b936-414f-a947-a2d34691e840
2026-07-22T16:10:08.219Z,PATCH,/orders/apply-discount,200,1,121.538,aa7384f6-79e7-4fb3-b1e3-29f74b3bc460
2026-07-22T16:10:08.004Z,GET,/cars/?page=1&pageSize=10,200,1,353.251,da2a793b-fc96-4815-9e3f-1310a806c086
2026-07-22T16:10:07.566Z,GET,/cars/?page=1&pageSize=10,200,1,801.433,aa0fbfbc-31ee-426e-bd9d-23970ff92a01
2026-07-22T16:10:06.830Z,GET,/workers/8142efaf-aba3-4c1b-b97c-f8b419f7aa0c,200,1,1590.638,d031b2f1-619f-4a24-9a42-c7b72264bc4a
2026-07-22T16:10:07.742Z,GET,/work/?page=1&pageSize=10,200,1,699.199,7f2408d2-5d48-49b9-8b08-8dbf059de509
2026-07-22T16:10:07.298Z,GET,/work/6793eefd-f19c-4adc-b3ac-1537cc981242,200,1,1145.355,f27f66ab-a363-4d3a-82be-7dd6e745c6f6
2026-07-22T16:10:06.841Z,GET,/orders/550f7644-5f85-4bc1-88ff-2b7aa1045946,200,1,1604.187,d24cfe46-148e-4515-a2c2-5e9fa738af35
2026-07-22T16:10:07.447Z,GET,/orders/550f7644-5f85-4bc1-88ff-2b7aa1045946,200,1,1003.378,b21dd724-2efa-4134-b831-7887e8a19e9d
2026-07-22T16:10:06.413Z,GET,/workers/?page=1&pageSize=10,200,1,2043.235,cd0c771c-7053-4414-9ade-d0f9214a90ac
2026-07-22T16:10:06.606Z,GET,/customers/b4a706d6-318f-40db-9246-59347c15dac0,200,1,1887.798,e9307d24-b766-44e6-b124-879fdcf2f825
2026-07-22T16:10:06.902Z,GET,/orders/?page=1&pageSize=10,200,1,1610.200,8549be5d-3c52-47e1-ba58-6396587ab9c2
2026-07-22T16:10:07.405Z,GET,/orders/?page=1&pageSize=10,200,1,1167.104,a8d73eaf-2f94-4a25-8126-fdf2e636f2fd
2026-07-22T16:10:08.523Z,PATCH,/work/set-estimate,200,1,111.173,5baca15e-1d5e-4b86-8e51-992c93b2ba6f
2026-07-22T16:10:05.266Z,GET,/customers/de510cf4-d037-461e-ac0b-04d11b6c0aad,200,1,3393.897,9f703582-023e-48eb-aa44-5b4d4dae8d37
2026-07-22T16:10:07.791Z,GET,/customers/b4a706d6-318f-40db-9246-59347c15dac0/with-cars,200,1,872.398,d9c4edf4-69da-41a5-b161-bd1dace25bf5
2026-07-22T16:10:08.029Z,GET,/work/6793eefd-f19c-4adc-b3ac-1537cc981242,200,1,658.630,692ded1a-c32a-4c17-a53d-8b519f688d91
2026-07-22T16:10:05.714Z,GET,/users/549271f4-5bcd-4e3c-80c2-8b61894e1a99,200,1,3045.422,df4989aa-5b2c-4328-83c7-0017ad397ab2
2026-07-22T16:10:06.250Z,GET,/orders/?page=1&pageSize=10,200,1,2521.604,66e76b81-6dce-4370-9a7e-786ee5aa64d3
2026-07-22T16:10:08.132Z,GET,/work/?page=1&pageSize=10,200,1,663.829,eb622c6e-b76d-4b59-a269-4651643fc82a
2026-07-22T16:10:08.436Z,GET,/workers/8142efaf-aba3-4c1b-b97c-f8b419f7aa0c,200,1,391.332,516bae16-149f-4986-929f-5321c29752db
2026-07-22T16:10:07.700Z,GET,/users/?page=1&pageSize=10,200,1,1140.293,9e89930e-2eb3-459e-a816-d1f2b5d07acb
2026-07-22T16:10:08.392Z,GET,/orders/550f7644-5f85-4bc1-88ff-2b7aa1045946,200,1,458.511,373f17c9-ff01-4e83-b149-17d6e21d93c3
2026-07-22T16:10:06.625Z,GET,/workers/?page=1&pageSize=10,200,1,2248.996,03b8ad37-20cf-4a69-a6aa-76ff3ba4a4c6
2026-07-22T16:10:07.796Z,GET,/orders/550f7644-5f85-4bc1-88ff-2b7aa1045946,200,1,1109.455,f0aa199f-1ef5-4ecd-89f3-8c969a4c2e27
2026-07-22T16:10:08.155Z,GET,/workers/8142efaf-aba3-4c1b-b97c-f8b419f7aa0c,200,1,757.723,3793385b-eb00-4c93-bcb7-fbfb97ae4c95
2026-07-22T16:10:08.572Z,GET,/workers/?page=1&pageSize=10,200,1,358.507,ff4420a3-2666-4622-b3f1-0824d1a31248
2026-07-22T16:10:07.114Z,GET,/customers/?page=1&pageSize=10,200,1,1844.495,d936c770-0946-4709-851d-d7bbb05957d7
2026-07-22T16:10:08.065Z,GET,/cars/?page=1&pageSize=10,200,1,900.807,8483b534-732c-430f-aaf7-ec261d365b34
2026-07-22T16:10:07.333Z,GET,/workers/?page=1&pageSize=10,200,1,1650.035,95c5c832-0a7b-4b3b-b309-03345a1b630f
2026-07-22T16:10:08.437Z,GET,/customers/b4a706d6-318f-40db-9246-59347c15dac0,200,1,570.420,b93ebe5e-405f-4259-afbd-8a3325878a2d
2026-07-22T16:10:08.154Z,GET,/users/549271f4-5bcd-4e3c-80c2-8b61894e1a99,200,1,890.660,9210c48a-ce26-412d-bbd3-1642946f25cb
2026-07-22T16:10:08.953Z,PATCH,/work/set-estimate,200,1,107.073,904621c1-bcf9-4572-b0a1-41c2b2f47a11
2026-07-22T16:10:08.302Z,GET,/work/6793eefd-f19c-4adc-b3ac-1537cc981242,200,1,767.802,541e87de-1996-4480-804d-2402c13a8c75
2026-07-22T16:10:08.303Z,GET,/work/6793eefd-f19c-4adc-b3ac-1537cc981242,200,1,767.926,9f1ba6f5-6dbb-458f-9521-6124c3c4381d
2026-07-22T16:10:05.674Z,GET,/orders/?page=1&pageSize=10,200,1,3417.868,2c7f5b27-6f9b-43d0-a4d0-53b4763d7fd5
2026-07-22T16:10:08.547Z,GET,/users/?page=1&pageSize=10,200,1,551.555,cf31419d-1647-45eb-85be-561dd196af86
2026-07-22T16:10:08.299Z,GET,/orders/550f7644-5f85-4bc1-88ff-2b7aa1045946,200,1,852.144,82420c3a-4188-4832-89b4-2aa77ad31442
2026-07-22T16:10:05.591Z,GET,/users/549271f4-5bcd-4e3c-80c2-8b61894e1a99,200,1,3561.175,290650c0-5c2e-4c5e-bc33-dd9ea983921e
2026-07-22T16:10:09.050Z,PATCH,/users/change-password,200,1,106.240,dbdca66f-c3dc-41c8-8717-9bbb1ffe5888
2026-07-22T16:10:05.805Z,GET,/customers/b4a706d6-318f-40db-9246-59347c15dac0/with-cars,200,1,3356.067,2a6520d8-ecf4-4664-a751-653cc6c64208
2026-07-22T16:10:09.057Z,PATCH,/customers/change-contacts,200,1,107.965,0a908011-e08a-4bd9-8a8a-fe9d82710e25
2026-07-22T16:10:08.167Z,GET,/cars/?page=1&pageSize=10,200,1,1077.311,e6e5095a-9528-440f-ab6a-795c31b5c8d2
2026-07-22T16:10:01.757Z,GET,/orders/?page=1&pageSize=10,200,1,7488.120,7d9f6e45-c769-434e-b1fb-329c9d645bd8
2026-07-22T16:10:06.702Z,GET,/customers/?page=1&pageSize=10,200,1,2557.644,907b2c07-3344-43a4-997b-4240b53c522e
2026-07-22T16:10:08.868Z,GET,/customers/b4a706d6-318f-40db-9246-59347c15dac0/with-cars,200,1,420.105,2234a474-899c-4c28-bf51-2bde3cc51105
2026-07-22T16:10:08.640Z,GET,/users/?page=1&pageSize=10,200,1,651.610,73ca65f8-2096-46da-a60c-4608cf17ae7f
2026-07-22T16:10:09.180Z,POST,/work/,200,1,113.395,6333e3cf-a518-42fd-955f-b85304a178f8
2026-07-22T16:10:07.654Z,GET,/cars/?page=1&pageSize=10,200,1,1656.017,77b1b767-c99d-467d-a34c-56a87ffa4c90
2026-07-22T16:10:07.322Z,GET,/users/?page=1&pageSize=10,200,1,1999.656,32aed833-7e34-4d87-a448-1659f58891e8
2026-07-22T16:10:06.343Z,GET,/workers/?page=1&pageSize=10,200,1,3032.117,f9b57483-c060-4991-8d87-6cdb30180fb3
2026-07-22T16:10:05.989Z,GET,/cars/f629ac10-996c-4cde-a868-46688570fac7,200,1,3399.231,c5212bbb-4e87-4e1c-a1da-b1ef4396e6fd
2026-07-22T16:10:07.214Z,GET,/cars/?page=1&pageSize=10,200,1,2180.026,de090adf-51ab-4f53-b52c-e187f6078661
2026-07-22T16:10:09.464Z,POST,/orders/,200,1,133.746,c01c936d-b4f0-42ef-b1dd-ff9d24e04aae
2026-07-22T16:10:09.242Z,GET,/users/?page=1&pageSize=10,200,1,362.172,1c8917c6-b386-42f3-85a5-2b1d21018fa4
2026-07-22T16:10:05.255Z,GET,/customers/b4a706d6-318f-40db-9246-59347c15dac0/with-cars,200,1,4452.284,7324be93-7cf7-4ba4-ab76-92357705185e
2026-07-22T16:10:09.556Z,PATCH,/orders/apply-discount,200,1,152.360,0023ec4c-e5d4-4f22-8f65-63a44fc507ed
2026-07-22T16:10:08.542Z,GET,/customers/b4a706d6-318f-40db-9246-59347c15dac0,200,1,1195.711,2621bf4d-01bb-4e3f-8f2d-b605296aa688
2026-07-22T16:10:08.222Z,GET,/cars/?page=1&pageSize=10,200,1,1533.636,2d21de6c-266b-429e-be0b-9d5effd3069e
2026-07-22T16:10:09.291Z,GET,/customers/?page=1&pageSize=10,200,1,476.353,4f59c442-cdb8-42dc-b275-480b2b52f989
2026-07-22T16:10:08.565Z,GET,/orders/550f7644-5f85-4bc1-88ff-2b7aa1045946,200,1,1239.351,18e0f910-e853-4094-9668-199ba91131c9
2026-07-22T16:10:09.226Z,GET,/orders/?page=1&pageSize=10,200,1,582.669,906c8c3f-7d03-4efa-8739-58e4c6243580
2026-07-22T16:10:06.166Z,GET,/cars/?page=1&pageSize=10,200,1,3683.786,1a5cfc01-5f12-4c51-bccd-4051221fdf9b
2026-07-22T16:10:05.180Z,GET,/cars/f629ac10-996c-4cde-a868-46688570fac7,200,1,4687.013,1040dba2-eea2-4471-b3df-14b9722c560d
2026-07-22T16:10:09.099Z,GET,/work/6793eefd-f19c-4adc-b3ac-1537cc981242,200,1,788.856,9ecdc77a-e15b-46a5-95c9-9bb171a0616a
2026-07-22T16:10:09.783Z,PATCH,/customers/change-contacts,200,1,135.882,93a1eefe-4284-4756-b4e5-ace60246deb9
2026-07-22T16:10:09.537Z,GET,/work/6793eefd-f19c-4adc-b3ac-1537cc981242,200,1,383.255,00fe62e1-07ce-4696-b601-186879f4fd95
2026-07-22T16:10:09.543Z,GET,/customers/b4a706d6-318f-40db-9246-59347c15dac0/with-cars,200,1,387.907,db310945-9039-44f8-8ed0-caca2647cd28
2026-07-22T16:10:08.829Z,GET,/work/?page=1&pageSize=10,200,1,1114.846,bb1f1098-6a4f-4aec-93e3-d0bfeb68e9c6
2026-07-22T16:10:05.450Z,GET,/work/?page=1&pageSize=10,200,1,4519.845,36786274-e730-42fa-9045-af2fd8e0eddf
2026-07-22T16:10:06.007Z,GET,/workers/8142efaf-aba3-4c1b-b97c-f8b419f7aa0c,200,1,3974.270,d6192914-8980-4fd4-b0a4-94100808ad8e
2026-07-22T16:10:09.534Z,GET,/users/549271f4-5bcd-4e3c-80c2-8b61894e1a99,200,1,465.304,e02a4f22-dad8-4461-afbf-119cd269b5d4
2026-07-22T16:10:09.637Z,GET,/orders/?page=1&pageSize=10,200,1,383.399,40f4f8b2-bb66-4430-9e80-febb90c1b6cc
2026-07-22T16:10:06.287Z,GET,/users/549271f4-5bcd-4e3c-80c2-8b61894e1a99,200,1,3740.657,30e19ff7-9a6e-4ac2-a716-a6722ab3cc8a
2026-07-22T16:10:08.569Z,GET,/workers/8142efaf-aba3-4c1b-b97c-f8b419f7aa0c,200,1,1466.417,506222ad-ecaf-4bd4-8d83-c2d30a25de26
2026-07-22T16:10:09.349Z,GET,/users/?page=1&pageSize=10,200,1,696.460,cbffbe23-f1d0-458e-a3f0-866427b06583
2026-07-22T16:10:07.701Z,GET,/customers/de510cf4-d037-461e-ac0b-04d11b6c0aad,200,1,2367.001,9fc23c11-0a5a-4429-9e3d-99d81e68e3a2
2026-07-22T16:10:09.161Z,GET,/work/6793eefd-f19c-4adc-b3ac-1537cc981242,200,1,912.026,9f91ce8e-a68e-4157-85b3-e5008901bc4c
2026-07-22T16:10:04.703Z,GET,/workers/8142efaf-aba3-4c1b-b97c-f8b419f7aa0c,200,1,5376.218,5100ec4d-fb30-4ff3-959f-867b1877168a
2026-07-22T16:10:09.984Z,PATCH,/orders/apply-discount,200,1,114.060,98a664ee-ad33-432e-95d2-1b7239efaa7b
2026-07-22T16:10:07.203Z,GET,/cars/?page=1&pageSize=10,200,1,2901.665,ad2de557-7d68-43e4-9b5d-1a3c81a74127
2026-07-22T16:10:10.064Z,POST,/orders/,200,1,124.415,34ffbd8e-7dd2-4268-bc03-89e3b3dc875b
2026-07-22T16:10:09.531Z,GET,/customers/b4a706d6-318f-40db-9246-59347c15dac0/with-cars,200,1,682.172,d63d6cc0-fbc0-4f3b-9a0e-b65222049a99
2026-07-22T16:10:08.173Z,GET,/users/?page=1&pageSize=10,200,1,2061.649,de1af2f6-9729-4839-bcf6-a5e6815ee96f
2026-07-22T16:10:09.639Z,GET,/users/549271f4-5bcd-4e3c-80c2-8b61894e1a99,200,1,606.740,c8a59dcc-0b23-4a13-9df7-6716d2be6175
2026-07-22T16:10:08.437Z,GET,/work/?page=1&pageSize=10,200,1,1829.021,c246a9e1-84f7-4b24-b492-e6d538552635
2026-07-22T16:10:07.697Z,GET,/cars/?page=1&pageSize=10,200,1,2622.746,6db872b3-51ed-4958-a238-583773a2d02e
2026-07-22T16:10:09.523Z,GET,/orders/550f7644-5f85-4bc1-88ff-2b7aa1045946,200,1,802.765,51636451-a102-494f-b602-3b9b30790973
2026-07-22T16:10:06.826Z,GET,/cars/?page=1&pageSize=10,200,1,3508.966,7b685a22-3b4d-40a8-96bf-d30d8998ba2c
2026-07-22T16:10:05.664Z,GET,/cars/4c23ae8d-6be0-4105-964d-f1ddf1199d0f,200,1,4715.527,2c5004af-6921-4ed3-abae-4e095cd710cf
2026-07-22T16:10:09.691Z,GET,/users/?page=1&pageSize=10,200,1,706.324,baccc8b7-85d0-413a-9a99-02b52d7c0b01
2026-07-22T16:10:09.064Z,GET,/users/?page=1&pageSize=10,200,1,1363.788,cada2fcd-56c8-4d62-87a3-bdc50fcc1b41
2026-07-22T16:10:09.493Z,GET,/cars/?page=1&pageSize=10,200,1,950.993,11636a56-c8f3-41ff-b29e-b41d3d10d97b
2026-07-22T16:10:08.336Z,GET,/workers/8142efaf-aba3-4c1b-b97c-f8b419f7aa0c,200,1,2118.953,cef9775e-b2e8-4ac1-9936-9c97a0ddc02f
2026-07-22T16:10:06.687Z,GET,/workers/8142efaf-aba3-4c1b-b97c-f8b419f7aa0c,200,1,3770.433,009a9153-b9fe-4fc2-9834-079d85efff3e
2026-07-22T16:10:10.358Z,PATCH,/users/change-password,200,1,139.007,921c2f8a-848b-41d5-b165-524176d8a162
2026-07-22T16:10:05.993Z,GET,/cars/f629ac10-996c-4cde-a868-46688570fac7,200,1,4505.027,f4e01ae5-5feb-4b71-99b8-d43e2a2935e6
2026-07-22T16:10:09.689Z,GET,/workers/8142efaf-aba3-4c1b-b97c-f8b419f7aa0c,200,1,825.559,133926b0-6ae3-484e-84b2-792d361237de
2026-07-22T16:10:06.563Z,GET,/customers/de510cf4-d037-461e-ac0b-04d11b6c0aad,200,1,3962.616,579fa559-3d96-4090-b46b-8f48626bf2a4
2026-07-22T16:10:08.809Z,GET,/work/?page=1&pageSize=10,200,1,1721.532,b3c46a12-1d68-4900-9f00-4e29a797f60f
2026-07-22T16:10:09.365Z,GET,/customers/?page=1&pageSize=10,200,1,1167.010,f3490a6b-f2be-4717-9006-8082a17666e0
2026-07-22T16:10:05.338Z,GET,/customers/?page=1&pageSize=10,200,1,5235.840,7fe22433-9757-4e9c-ba75-3ab1da0b92a9
2026-07-22T16:10:08.550Z,GET,/workers/?page=1&pageSize=10,200,1,2034.649,ff83cf2a-86d9-4ef4-a098-2a7974967ef1
2026-07-22T16:10:09.998Z,GET,/work/29d16e15-2d48-4947-ab59-8a742c1729f8,200,1,593.674,39162edf-0e07-4c0d-be59-100e75f33adc
2026-07-22T16:10:05.347Z,GET,/users/549271f4-5bcd-4e3c-80c2-8b61894e1a99,200,1,5341.765,25709d84-ab57-49ff-b470-c84a618df475
2026-07-22T16:10:06.158Z,GET,/customers/?page=1&pageSize=10,200,1,4549.397,65f68b84-914d-4f06-9ca7-c4d1b0002492
2026-07-22T16:10:05.849Z,GET,/customers/b4a706d6-318f-40db-9246-59347c15dac0/with-cars,200,1,4875.439,5066c621-3278-4a8b-af5d-74db5b662383
2026-07-22T16:10:05.701Z,GET,/work/?page=1&pageSize=10,200,1,5046.169,ccfad074-c1dd-4171-a773-80c9fef87c7c
2026-07-22T16:10:08.815Z,GET,/customers/b4a706d6-318f-40db-9246-59347c15dac0/with-cars,200,1,2007.478,356fad44-24d0-4a5b-8bf8-96d37ea8f55a
2026-07-22T16:10:06.658Z,GET,/cars/f629ac10-996c-4cde-a868-46688570fac7,200,1,4262.116,d0da6420-8016-4413-bb2f-752d7185237e
2026-07-22T16:10:06.570Z,GET,/cars/4c23ae8d-6be0-4105-964d-f1ddf1199d0f,200,1,4411.554,6ecb1263-de1e-4ff8-89fd-9082ff42c874
2026-07-22T16:10:05.067Z,GET,/work/6793eefd-f19c-4adc-b3ac-1537cc981242,200,1,5918.714,44c9b47c-b38e-4e7b-b861-f449bed7d6fa
2026-07-22T16:10:10.068Z,GET,/cars/4c23ae8d-6be0-4105-964d-f1ddf1199d0f,200,1,943.265,3a54b7e4-71a9-49b8-b2d4-e2d6e9d96e3a
2026-07-22T16:10:10.190Z,GET,/orders/8b3c7b07-ec20-4a5f-b1a4-377b529f1a20,200,1,839.189,9452517b-b179-49c1-b418-3dcdf67e1ff0
2026-07-22T16:10:09.491Z,GET,/orders/?page=1&pageSize=10,200,1,1573.470,152f164f-fc8c-4775-8a45-53fad168faeb
2026-07-22T16:10:07.582Z,GET,/customers/b4a706d6-318f-40db-9246-59347c15dac0/with-cars,200,1,3550.481,325fbd35-e5d7-476d-bb4a-cc1da67a4b13
2026-07-22T16:10:08.564Z,GET,/cars/?page=1&pageSize=10,200,1,2632.875,be5a61ad-3483-4923-bf1b-bd526fa3ab18
2026-07-22T16:10:10.765Z,GET,/customers/b4a706d6-318f-40db-9246-59347c15dac0/with-cars,200,1,453.109,2031274e-696c-4a08-9a98-4506053241e2
2026-07-22T16:10:07.509Z,GET,/cars/f629ac10-996c-4cde-a868-46688570fac7,200,1,3754.794,567b00e8-5c68-4863-bb03-53d44d58658d
2026-07-22T16:10:06.428Z,GET,/cars/?page=1&pageSize=10,200,1,4860.254,5d6d37e5-c1e6-4906-adf5-0e8400ef4a84
2026-07-22T16:10:09.757Z,GET,/orders/c6027a52-fbfc-4001-9a61-c985ab2f10b4,200,1,1618.650,ce6f7bb2-5d3e-417c-ad75-d939151349ba
2026-07-22T16:10:10.900Z,PATCH,/orders/set-priority,200,1,479.733,2213d54e-26e6-4b65-9e21-fd6fa72c17df
2026-07-22T16:10:06.037Z,GET,/users/?page=1&pageSize=10,200,1,5355.865,4aabd6c8-37ed-4789-a46a-6c13db75f910
2026-07-22T16:10:08.456Z,GET,/customers/de510cf4-d037-461e-ac0b-04d11b6c0aad,200,1,2964.765,1c8cadbc-8269-4c64-8068-c312928124e0
2026-07-22T16:10:06.604Z,GET,/orders/?page=1&pageSize=10,200,1,4818.349,84b3964c-4e3e-40f6-b26c-3cad0cd4644f
2026-07-22T16:10:10.426Z,GET,/customers/b4a706d6-318f-40db-9246-59347c15dac0,200,1,1014.915,910c5954-bbcd-4051-aaf6-562351e3e6d6
2026-07-22T16:10:11.240Z,GET,/cars/f629ac10-996c-4cde-a868-46688570fac7,200,1,228.932,1a435d1c-ed16-4197-93c4-e1ea58c49e89
2026-07-22T16:10:10.358Z,GET,/cars/4c23ae8d-6be0-4105-964d-f1ddf1199d0f,200,1,1471.484,b685d3aa-9177-4584-a1b7-330285e8160e
2026-07-22T16:10:10.821Z,GET,/customers/?page=1&pageSize=10,200,1,1119.824,2633d47a-8cc2-43cd-ade2-61ae8b8f8ad1
2026-07-22T16:10:10.604Z,GET,/workers/?page=1&pageSize=10,200,1,1349.330,419bb13c-dcd6-4379-89c0-a7e5f0b734a3
2026-07-22T16:10:07.913Z,GET,/orders/550f7644-5f85-4bc1-88ff-2b7aa1045946,200,1,4045.650,f219ed1d-c1fe-48a8-a71b-f7185e9a21f9
2026-07-22T16:10:11.496Z,GET,/workers/?page=1&pageSize=10,200,1,463.151,dfd945d9-adb5-45eb-bfc7-8f2192a34ba3
2026-07-22T16:10:09.958Z,GET,/cars/f629ac10-996c-4cde-a868-46688570fac7,200,1,2005.724,84ad2a53-7d84-4e41-8eea-fc84dc5312f7
2026-07-22T16:10:10.248Z,GET,/cars/f629ac10-996c-4cde-a868-46688570fac7,200,1,1755.728,68ae0c5c-42aa-44ad-bb47-237172b52af1
2026-07-22T16:10:11.260Z,GET,/workers/8142efaf-aba3-4c1b-b97c-f8b419f7aa0c,200,1,753.863,767f68a5-9257-4624-9e53-c9c11d842658
2026-07-22T16:10:11.184Z,GET,/orders/550f7644-5f85-4bc1-88ff-2b7aa1045946,200,1,860.730,bd22623b-da62-475d-9e65-af382023b620
2026-07-22T16:10:05.802Z,GET,/users/?page=1&pageSize=10,200,1,6270.955,c6df22f5-c2de-4166-a013-86848f47a921
2026-07-22T16:10:12.002Z,PATCH,/workers/change-role,200,1,89.708,d391790d-7ae5-468a-8765-92305cba2b19
2026-07-22T16:10:12.088Z,PATCH,/work/change-title,200,1,123.071,84af61d0-5379-4793-97eb-fd115e86035c
2026-07-22T16:10:10.300Z,GET,/workers/8142efaf-aba3-4c1b-b97c-f8b419f7aa0c,200,1,1950.400,40d294b3-aa7e-48a7-9ab8-46d6b48cbad1
2026-07-22T16:10:11.626Z,GET,/workers/8142efaf-aba3-4c1b-b97c-f8b419f7aa0c,200,1,845.410,5c6a8100-9dba-4fd2-8d5d-af1c85823b88
2026-07-22T16:10:12.270Z,PATCH,/workers/change-hourly-rate,200,1,232.320,257285f9-f445-4fb8-9b72-fc86a4d95c9c
2026-07-22T16:10:11.668Z,GET,/orders/c6027a52-fbfc-4001-9a61-c985ab2f10b4,200,1,870.168,9030375c-05f6-4362-830e-1291011e8ccf
2026-07-22T16:10:11.656Z,GET,/work/29d16e15-2d48-4947-ab59-8a742c1729f8,200,1,944.256,5db70c14-cd9c-40a0-bfbd-61a5fea6f323
2026-07-22T16:10:07.159Z,GET,/customers/?page=1&pageSize=10,200,1,5456.782,0f724f1d-d578-4f60-8d2b-e0760d1a1e62
2026-07-22T16:10:11.772Z,GET,/users/?page=1&pageSize=10,200,1,863.314,2365c12a-db5f-42bc-a284-40b91c764051
2026-07-22T16:10:09.278Z,GET,/customers/?page=1&pageSize=10,200,1,3357.987,a860ff6b-fe48-4939-9071-7e4635215aaf
2026-07-22T16:10:11.369Z,GET,/customers/b4a706d6-318f-40db-9246-59347c15dac0,200,1,1314.204,225bd495-7089-4e6c-a152-f11fa76b2a03
2026-07-22T16:10:06.665Z,GET,/work/6793eefd-f19c-4adc-b3ac-1537cc981242,200,1,6051.930,2cbbc846-7bfd-448c-b28a-567294063bfc
2026-07-22T16:10:11.051Z,GET,/work/?page=1&pageSize=10,200,1,1892.413,d83cb053-5c09-46ce-aac9-f1d6a93086a7
2026-07-22T16:10:07.149Z,GET,/customers/?page=1&pageSize=10,200,1,5861.642,19458dec-eaff-42f0-b259-90229f4b349d
2026-07-22T16:10:11.797Z,GET,/work/6793eefd-f19c-4adc-b3ac-1537cc981242,200,1,1220.745,351c6774-e0f1-47c8-b294-ccb008fc1b4a
2026-07-22T16:10:12.883Z,PATCH,/work/set-estimate,200,1,233.731,e0b78128-e0f8-4eb3-aae6-8253634463f0
2026-07-22T16:10:10.867Z,GET,/work/?page=1&pageSize=10,200,1,2286.429,d009744b-a7b7-49b3-9908-59ed28f056d8
2026-07-22T16:10:07.600Z,GET,/customers/b4a706d6-318f-40db-9246-59347c15dac0,200,1,5567.897,c16ab467-9cec-45fb-b81c-7d89af9a29a6
2026-07-22T16:10:12.233Z,GET,/orders/?page=1&pageSize=10,200,1,1044.190,dc636b26-67a4-4516-afcc-3c7b85e96e85
2026-07-22T16:10:10.674Z,GET,/work/6793eefd-f19c-4adc-b3ac-1537cc981242,200,1,2704.527,1865dbdd-b15c-48f7-9eed-ee35a34830d1
2026-07-22T16:10:10.018Z,GET,/cars/f629ac10-996c-4cde-a868-46688570fac7,200,1,3389.777,56394235-0d70-4afa-9636-f4119b37b56a
2026-07-22T16:10:12.039Z,GET,/customers/de510cf4-d037-461e-ac0b-04d11b6c0aad,200,1,1382.080,4789244a-1232-41e2-8eda-3c7f12e8c7a9
2026-07-22T16:10:13.319Z,PATCH,/users/change-password,200,1,169.761,c8c6be33-9098-41e5-8fd2-099fe8d2ee22
2026-07-22T16:10:12.506Z,GET,/customers/b4a706d6-318f-40db-9246-59347c15dac0/with-cars,200,1,1033.752,24ce2328-47cc-4ba0-8c77-1ff5a102c8e6
2026-07-22T16:10:10.448Z,GET,/orders/?page=1&pageSize=10,200,1,3158.562,a17d06e8-9b72-47f5-bf4a-45e788cad22e
2026-07-22T16:10:12.402Z,GET,/cars/4c23ae8d-6be0-4105-964d-f1ddf1199d0f,200,1,1248.187,c92b9a05-0524-4704-9f3c-d0a7dedf9274
2026-07-22T16:10:12.297Z,GET,/users/?page=1&pageSize=10,200,1,1393.158,86ce0aaf-0cac-4c6f-baf2-9b04a613caa7
2026-07-22T16:10:07.967Z,GET,/work/?page=1&pageSize=10,200,1,5775.534,9dc68686-aedf-4004-99be-2e8cb07ee8c4
2026-07-22T16:10:09.333Z,GET,/cars/4c23ae8d-6be0-4105-964d-f1ddf1199d0f,200,1,4413.932,aaed1c71-a5a6-4b5f-9111-2f5e1041e56d
2026-07-22T16:10:12.931Z,GET,/customers/?page=1&pageSize=10,200,1,820.684,a9b69299-d14b-45d8-960c-99107d558e3b
2026-07-22T16:10:12.391Z,GET,/work/?page=1&pageSize=10,200,1,1378.323,ecc7c9bb-893b-49a0-a644-b4db21430036
2026-07-22T16:10:13.248Z,GET,/workers/?page=1&pageSize=10,200,1,799.788,e421a34e-6fed-43c9-8f31-123a0bd53e2a
2026-07-22T16:10:11.916Z,GET,/workers/8142efaf-aba3-4c1b-b97c-f8b419f7aa0c,200,1,2212.688,4461d7d7-3096-42f1-86c2-bcfed1deb86e
2026-07-22T16:10:03.188Z,GET,/customers/?page=1&pageSize=10,200,1,11051.184,f91e11e4-c86a-46bf-94fc-b2f63475c6fe
2026-07-22T16:10:13.002Z,PATCH,/work/change-title,200,1,1247.807,0e39fdae-fe1a-4ba0-8843-8d305e4606b7
2026-07-22T16:10:08.199Z,GET,/orders/550f7644-5f85-4bc1-88ff-2b7aa1045946,200,1,6053.071,33ea3de8-ab85-4e05-8f36-4799282800f6
2026-07-22T16:10:13.789Z,GET,/cars/?page=1&pageSize=10,200,1,477.994,418a5c86-96e4-4992-8d3a-d52a0198735d
2026-07-22T16:10:06.989Z,GET,/users/549271f4-5bcd-4e3c-80c2-8b61894e1a99,200,1,7294.375,db0cb915-15d1-41b7-abc3-a025bf8b4b72
2026-07-22T16:10:14.260Z,GET,/workers/?page=1&pageSize=10,0,0,63.773,
2026-07-22T16:10:12.476Z,GET,/customers/b4a706d6-318f-40db-9246-59347c15dac0/with-cars,200,1,1852.301,79adab63-72b6-4ca5-ba21-d075f7cb9e9d
2026-07-22T16:10:13.489Z,GET,/workers/8142efaf-aba3-4c1b-b97c-f8b419f7aa0c,200,1,899.847,7b604ef4-18c6-4ac5-888f-cd2eaff77f6f
2026-07-22T16:10:13.008Z,GET,/customers/b4a706d6-318f-40db-9246-59347c15dac0/with-cars,200,1,1384.060,95c57959-8b3a-4094-aa33-30eb3d6a4b30
2026-07-22T16:10:07.838Z,GET,/cars/?page=1&pageSize=10,200,1,6587.468,f5a244b0-91e4-4676-a96a-a760a26bd4a6
2026-07-22T16:10:13.515Z,GET,/customers/b4a706d6-318f-40db-9246-59347c15dac0/with-cars,200,1,923.653,068a2c66-eb58-4f47-a95a-87f26d3862bf
2026-07-22T16:10:13.528Z,GET,/orders/8b3c7b07-ec20-4a5f-b1a4-377b529f1a20,200,1,925.617,4e685e0a-ba6a-4d3e-9a94-e51ed48cf9e4
2026-07-22T16:10:12.875Z,GET,/cars/?page=1&pageSize=10,200,1,1608.378,09822d75-9c9e-477f-9d44-508a00105bb3
2026-07-22T16:10:13.445Z,GET,/work/?page=1&pageSize=10,200,1,1059.301,edc3d89c-100f-45aa-b4e7-b932bcb160f9
2026-07-22T16:10:12.333Z,GET,/users/?page=1&pageSize=10,200,1,2190.162,cb4cb661-3265-4df6-85fe-3d2fe84373aa
2026-07-22T16:10:09.004Z,GET,/cars/?page=1&pageSize=10,200,1,5572.641,8d8f705c-88cd-4808-ab7f-6fb3d9480a80
2026-07-22T16:10:13.275Z,GET,/workers/?page=1&pageSize=10,200,1,1374.432,07d54ea2-7107-46c3-b35b-d263b2c1f26a
2026-07-22T16:10:09.873Z,GET,/orders/550f7644-5f85-4bc1-88ff-2b7aa1045946,200,1,4816.435,4f48f60e-e5ff-4bf2-9968-d047db57531f
2026-07-22T16:10:13.412Z,GET,/customers/b4a706d6-318f-40db-9246-59347c15dac0,200,1,1297.311,b2299002-b626-45ca-9722-6aafb4be1d98
2026-07-22T16:10:12.307Z,GET,/workers/?page=1&pageSize=10,200,1,2428.124,e4a42d4b-0faa-4618-a7ca-0f76ae929032
2026-07-22T16:10:09.010Z,GET,/customers/de510cf4-d037-461e-ac0b-04d11b6c0aad,200,1,5748.154,9bab176f-bd5a-4df1-b459-bcc1591c50b4
2026-07-22T16:10:14.638Z,PATCH,/customers/rename,200,1,128.157,2cb25fcf-2fcd-4964-b720-c5c4ebbb7c23
2026-07-22T16:10:13.831Z,GET,/users/549271f4-5bcd-4e3c-80c2-8b61894e1a99,200,1,961.575,3cd26371-03ae-4ebe-b61c-e4d8a1a2f5f0
2026-07-22T16:10:12.603Z,GET,/customers/b4a706d6-318f-40db-9246-59347c15dac0,200,1,2190.295,5edcb286-8fec-43fe-b607-8b45fb609464
2026-07-22T16:10:08.284Z,GET,/users/?page=1&pageSize=10,200,1,6526.960,bc8071c9-8e86-4fc6-9f3b-5f7618e77595
2026-07-22T16:10:09.414Z,GET,/work/?page=1&pageSize=10,200,1,5574.419,f8878984-9b11-4942-92b4-8119d8f86184
2026-07-22T16:10:13.953Z,GET,/customers/de510cf4-d037-461e-ac0b-04d11b6c0aad,200,1,1061.728,d74cf967-7e94-4077-9d35-d0a93398f023
2026-07-22T16:10:09.277Z,GET,/orders/?page=1&pageSize=10,200,1,5802.230,7d801270-14ba-495b-b971-6052e0e03a3a
2026-07-22T16:10:10.681Z,GET,/orders/?page=1&pageSize=10,200,1,4452.733,ad8c9695-537f-43b3-a715-204b5ee8d364
2026-07-22T16:10:13.489Z,GET,/customers/de510cf4-d037-461e-ac0b-04d11b6c0aad,200,1,1650.698,61624d66-1530-4f37-af83-bc8f75adc7a6
2026-07-22T16:10:14.208Z,GET,/cars/?page=1&pageSize=10,200,1,938.020,dd475e9f-2c84-457f-ac3b-5aad9b2f3a18
2026-07-22T16:10:13.986Z,GET,/users/?page=1&pageSize=10,200,1,1190.358,b20542aa-8d38-48b8-85b2-bb83b9349665
2026-07-22T16:10:10.221Z,GET,/customers/b4a706d6-318f-40db-9246-59347c15dac0,200,1,4977.684,a902b364-e17a-4938-86ab-66cd73843bee
2026-07-22T16:10:15.086Z,PATCH,/work/change-description,200,1,128.267,9f01ad2e-0c1f-4aa6-a50c-cda90794ed55
2026-07-22T16:10:13.692Z,GET,/customers/b4a706d6-318f-40db-9246-59347c15dac0/with-cars,200,1,1536.934,dd57efd0-b3f0-4ba0-8c54-1bd8b4724998
2026-07-22T16:10:13.966Z,GET,/orders/?page=1&pageSize=10,200,1,1285.910,04dd1db2-6ef6-4371-824d-afced96c5b76
2026-07-22T16:10:08.943Z,GET,/cars/4c23ae8d-6be0-4105-964d-f1ddf1199d0f,200,1,6330.786,7af283a7-2430-4914-a707-02609400263f
2026-07-22T16:10:10.884Z,GET,/customers/b4a706d6-318f-40db-9246-59347c15dac0/with-cars,200,1,4450.890,581689d6-20f7-4075-9a69-9e7b0a4a2d0b
2026-07-22T16:10:15.130Z,PATCH,/customers/rename,200,1,300.800,b37cd678-325a-400a-a6d4-6ceb8c55934d
2026-07-22T16:10:12.031Z,GET,/cars/4c23ae8d-6be0-4105-964d-f1ddf1199d0f,200,1,3477.083,e59da167-504c-4d79-8ce0-0d6b59cf35b4
2026-07-22T16:10:12.895Z,GET,/work/?page=1&pageSize=10,200,1,2791.789,1ec4f606-fece-42e4-98be-c7a6e3768e43
2026-07-22T16:10:14.733Z,GET,/customers/b4a706d6-318f-40db-9246-59347c15dac0/with-cars,200,1,959.131,98bbe6bb-cea6-417b-bba6-830120f7bb9a
2026-07-22T16:10:10.798Z,GET,/customers/?page=1&pageSize=10,200,1,4906.760,1343ec38-07e6-4e27-9b0b-f0e6045a38ff
2026-07-22T16:10:13.937Z,GET,/cars/4c23ae8d-6be0-4105-964d-f1ddf1199d0f,200,1,1797.910,14b59848-2588-4646-b8a6-b6849d92ebfa
2026-07-22T16:10:11.465Z,GET,/cars/f629ac10-996c-4cde-a868-46688570fac7,200,1,4282.537,8aab8a1d-a4ab-4661-9e8a-dd34ccbce21f
2026-07-22T16:10:14.323Z,GET,/customers/b4a706d6-318f-40db-9246-59347c15dac0/with-cars,200,1,1437.425,8954a033-dcb6-4eae-a7cf-c95f8ebeda51
2026-07-22T16:10:13.783Z,GET,/orders/550f7644-5f85-4bc1-88ff-2b7aa1045946,200,1,2022.748,61ba1018-79b0-4a0c-acaa-f6cc30ef4f63
2026-07-22T16:10:09.488Z,GET,/customers/b4a706d6-318f-40db-9246-59347c15dac0/with-cars,200,1,6320.217,bf831a73-ec7b-44cf-88b5-6374eaf0b38d
2026-07-22T16:10:10.950Z,GET,/workers/?page=1&pageSize=10,200,1,4860.181,cd0cd1ca-77c6-4b45-ade7-967680072b40
2026-07-22T16:10:12.286Z,GET,/users/?page=1&pageSize=10,200,1,3555.774,f17135cb-2a0a-4232-8de1-d2e34db48f6c
2026-07-22T16:10:13.800Z,GET,/work/29d16e15-2d48-4947-ab59-8a742c1729f8,200,1,2072.888,c19edc93-6a2c-4c3f-9aea-7857c76eb000
2026-07-22T16:10:13.334Z,GET,/customers/de510cf4-d037-461e-ac0b-04d11b6c0aad,200,1,2547.777,f2f5a80f-621e-40e5-b569-9ffcbe709d4c
2026-07-22T16:10:15.651Z,PATCH,/work/set-estimate,200,1,247.533,00369cb7-0925-4bcd-b307-5e9605d32db7
2026-07-22T16:10:15.043Z,GET,/cars/?page=1&pageSize=10,200,1,862.059,ef39e382-948d-40e4-9bba-c55a51811a95
2026-07-22T16:10:14.460Z,GET,/cars/?page=1&pageSize=10,200,1,1449.204,290d016f-116f-4ff5-803f-45fda277661b
2026-07-22T16:10:10.861Z,GET,/cars/f629ac10-996c-4cde-a868-46688570fac7,200,1,5151.381,bceacf64-9525-4b23-b114-e9456a200b3d
2026-07-22T16:10:14.217Z,GET,/customers/?page=1&pageSize=10,200,1,1805.112,e5642490-13f1-4c84-b40a-e4a33745f607
2026-07-22T16:10:11.835Z,GET,/customers/de510cf4-d037-461e-ac0b-04d11b6c0aad,200,1,4213.982,b20646d9-4f77-43a7-8e36-eeab19d79e2f
2026-07-22T16:10:10.311Z,GET,/workers/8142efaf-aba3-4c1b-b97c-f8b419f7aa0c,200,1,5770.576,62cb4a1c-a1fa-46b0-83ce-981b7ce3538e
2026-07-22T16:10:13.731Z,GET,/users/549271f4-5bcd-4e3c-80c2-8b61894e1a99,200,1,2357.340,676a107c-08c1-44ab-ab34-2deb45243762
2026-07-22T16:10:10.663Z,GET,/customers/b4a706d6-318f-40db-9246-59347c15dac0/with-cars,200,1,5434.755,21c669ab-7714-4855-98bf-1e5d1f3ebd78
2026-07-22T16:10:13.422Z,GET,/users/549271f4-5bcd-4e3c-80c2-8b61894e1a99,200,1,2688.103,ba145c2d-2090-43c0-a035-8269e9ed18d9
2026-07-22T16:10:09.635Z,GET,/orders/?page=1&pageSize=10,200,1,6500.452,e89a6380-91ee-4621-a67a-6dc0f9ab2103
2026-07-22T16:10:15.485Z,GET,/customers/b4a706d6-318f-40db-9246-59347c15dac0/with-cars,200,1,714.099,086e6860-e0ef-4242-8f2c-2577f427d55c
2026-07-22T16:10:16.114Z,PATCH,/users/change-password,200,1,133.887,d487d1e2-2a96-455e-9233-1d954108a8c8
2026-07-22T16:10:09.949Z,GET,/cars/4c23ae8d-6be0-4105-964d-f1ddf1199d0f,200,1,6340.705,46db1aed-5f70-4f2f-8a87-57e6a84462c5
2026-07-22T16:10:14.871Z,GET,/work/?page=1&pageSize=10,200,1,1447.528,0c18a2ee-f389-4a19-bf03-7f8913b3274e
2026-07-22T16:10:13.369Z,GET,/orders/?page=1&pageSize=10,200,1,2953.664,ad58cd3f-f135-45d2-aa13-8000c89c224e
2026-07-22T16:10:10.396Z,GET,/users/549271f4-5bcd-4e3c-80c2-8b61894e1a99,200,1,5951.237,e28d09d6-200b-43b0-88a0-e55c5de7f1c6
2026-07-22T16:10:14.685Z,GET,/orders/550f7644-5f85-4bc1-88ff-2b7aa1045946,200,1,1666.800,96d99501-4382-48d5-a479-80b1143e9d49
2026-07-22T16:10:07.859Z,GET,/orders/550f7644-5f85-4bc1-88ff-2b7aa1045946,200,1,8510.364,97cf30dd-9b79-4e33-a00a-e155144154bf
2026-07-22T16:10:12.618Z,GET,/orders/c6027a52-fbfc-4001-9a61-c985ab2f10b4,200,1,3758.640,f9241831-22c5-4052-88ab-66ffde76cd85
2026-07-22T16:10:15.067Z,GET,/orders/550f7644-5f85-4bc1-88ff-2b7aa1045946,200,1,1324.339,564a4736-0307-4ff0-9606-e3ff767bda9e
2026-07-22T16:10:12.274Z,GET,/orders/550f7644-5f85-4bc1-88ff-2b7aa1045946,200,1,4130.505,f0b6e424-787d-4f6a-b01f-fcde7398de2a
2026-07-22T16:10:16.290Z,PATCH,/work/set-estimate,200,1,124.612,7ec0e427-b7f6-40c8-bb1f-82e2db59b1bd
2026-07-22T16:10:13.090Z,GET,/work/6793eefd-f19c-4adc-b3ac-1537cc981242,200,1,3325.482,2d7824b4-815a-4f60-abfd-679549594bf2
2026-07-22T16:10:09.742Z,GET,/cars/4c23ae8d-6be0-4105-964d-f1ddf1199d0f,200,1,6708.131,185f8642-3647-4d47-b0ec-ce6c84f1b6dc
2026-07-22T16:10:15.623Z,GET,/customers/?page=1&pageSize=10,200,1,877.502,9782717a-e15c-4738-86a0-1eca9a02af4e
2026-07-22T16:10:15.566Z,GET,/users/549271f4-5bcd-4e3c-80c2-8b61894e1a99,200,1,976.000,0f57ea88-2a1d-4190-bf14-9cef36fcda19
2026-07-22T16:10:14.973Z,GET,/users/?page=1&pageSize=10,200,1,1601.971,37d39eeb-6347-4294-bcc3-ea5dd1b0a9aa
2026-07-22T16:10:11.820Z,GET,/workers/8142efaf-aba3-4c1b-b97c-f8b419f7aa0c,200,1,4775.501,b07cf319-ee1d-4843-b033-03ae1262915a
2026-07-22T16:10:15.639Z,GET,/orders/550f7644-5f85-4bc1-88ff-2b7aa1045946,200,1,973.141,85525d17-6619-4204-9689-ae7a9e7a15b1
2026-07-22T16:10:13.057Z,GET,/cars/4c23ae8d-6be0-4105-964d-f1ddf1199d0f,200,1,3561.435,1b8ab883-ccbb-40e9-a9f0-3eb189399a7a
2026-07-22T16:10:14.852Z,GET,/work/?page=1&pageSize=10,200,1,1801.030,20b8239e-dc4c-4db4-b650-307cd32a02f5
2026-07-22T16:10:12.152Z,GET,/cars/4c23ae8d-6be0-4105-964d-f1ddf1199d0f,200,1,4513.559,590ecd6f-ec73-44dd-ae2e-3bb70898cef9
2026-07-22T16:10:14.103Z,GET,/work/?page=1&pageSize=10,200,1,2565.018,0c067f2f-d44f-435b-bcd4-373d721ed7fd
2026-07-22T16:10:12.557Z,GET,/customers/?page=1&pageSize=10,200,1,4116.887,6491fd7e-9e39-40e9-9e98-7107c6229904
2026-07-22T16:10:12.607Z,GET,/customers/?page=1&pageSize=10,200,1,4081.107,12672f27-e660-4196-b275-a6917b04121a
2026-07-22T16:10:08.989Z,GET,/workers/?page=1&pageSize=10,200,1,7708.672,71e58dff-5fe2-4741-bf6e-315a5035d904
2026-07-22T16:10:15.951Z,GET,/workers/?page=1&pageSize=10,200,1,844.440,cb62abbd-3647-4994-acdc-c32ec4daccf2
2026-07-22T16:10:10.924Z,GET,/work/6793eefd-f19c-4adc-b3ac-1537cc981242,200,1,5887.932,cb7ce930-7dfe-4449-b8b2-8252fe0c3d44
2026-07-22T16:10:13.909Z,GET,/customers/b4a706d6-318f-40db-9246-59347c15dac0/with-cars,200,1,2970.824,4f0230e8-1e8d-4f9d-96ff-99babdbf60ce
2026-07-22T16:10:15.441Z,GET,/workers/8142efaf-aba3-4c1b-b97c-f8b419f7aa0c,200,1,1457.360,125d1657-27c5-43af-8d3a-06f452f01a4b
2026-07-22T16:10:10.509Z,GET,/orders/?page=1&pageSize=10,200,1,6415.503,5cc383a7-4dd9-4c2b-a5dc-80f59b6c22cb
2026-07-22T16:10:10.312Z,GET,/customers/b4a706d6-318f-40db-9246-59347c15dac0/with-cars,200,1,6619.515,5394717a-4e50-4d2b-8afc-993e63baf50c
2026-07-22T16:10:12.622Z,GET,/customers/de510cf4-d037-461e-ac0b-04d11b6c0aad,200,1,4310.668,f94251c2-8b1a-48f7-83d9-ced06a79b790
2026-07-22T16:10:11.560Z,GET,/orders/?page=1&pageSize=10,200,1,5381.136,d74f82c4-a0a9-4e05-896b-331c1b8ce2d1
2026-07-22T16:10:10.020Z,GET,/customers/?page=1&pageSize=10,200,1,6985.247,48cd55b1-88e9-40b1-aeb1-7309732e81e6
2026-07-22T16:10:11.054Z,GET,/workers/?page=1&pageSize=10,200,1,5995.704,be1e9352-6aa4-4091-90d7-ef70bfcd2c63
2026-07-22T16:10:14.040Z,GET,/orders/550f7644-5f85-4bc1-88ff-2b7aa1045946,200,1,3022.647,38f5b5dd-66fd-4109-bec2-00d0202c46e8
2026-07-22T16:10:16.237Z,GET,/workers/8142efaf-aba3-4c1b-b97c-f8b419f7aa0c,200,1,864.718,30d5faa4-d0b1-495b-b80b-deef69aea862
2026-07-22T16:10:17.081Z,PATCH,/orders/set-priority,200,1,136.750,c3c8d656-70b8-4ff7-80d9-6fc04d598ca0
2026-07-22T16:10:15.642Z,GET,/customers/de510cf4-d037-461e-ac0b-04d11b6c0aad,200,1,1582.171,6b1848f5-596f-4db8-9197-a2adbd664a56
2026-07-22T16:10:14.936Z,GET,/orders/?page=1&pageSize=10,200,1,2296.422,8fa31e77-36dd-44db-80a8-53ace7d0c182
2026-07-22T16:10:17.123Z,PATCH,/orders/apply-discount,200,1,128.523,c84b15bb-9897-4769-a192-cf4c2497eb1e
2026-07-22T16:10:10.605Z,GET,/orders/?page=1&pageSize=10,200,1,6666.354,feb3bd4f-6739-4017-8bb8-b6fb45a50992
2026-07-22T16:10:15.035Z,GET,/customers/de510cf4-d037-461e-ac0b-04d11b6c0aad,200,1,2239.396,a4badc5d-9f9b-4fbb-83e1-0cf76132de58
2026-07-22T16:10:14.709Z,GET,/customers/?page=1&pageSize=10,200,1,2660.129,701e11b4-3901-4f87-aea3-578028b7a490
2026-07-22T16:10:14.109Z,GET,/work/29d16e15-2d48-4947-ab59-8a742c1729f8,200,1,3355.626,2248b7ba-2d25-4154-92f5-97b277e37def
2026-07-22T16:10:16.219Z,GET,/cars/?page=1&pageSize=10,200,1,1249.751,cf29e8d9-1893-4a69-93e1-d8bbd6b7c4ce
2026-07-22T16:10:12.805Z,GET,/customers/?page=1&pageSize=10,200,1,4722.962,af2239b0-fdf4-4775-91d0-75872f562b7d
2026-07-22T16:10:12.879Z,GET,/work/6793eefd-f19c-4adc-b3ac-1537cc981242,200,1,4684.072,44025b90-2ddd-4930-88ac-fd7ff2d4237e
2026-07-22T16:10:14.799Z,GET,/orders/c6027a52-fbfc-4001-9a61-c985ab2f10b4,200,1,2774.386,adbcfefb-b208-4d48-997f-2e542a735a99
2026-07-22T16:10:10.109Z,GET,/customers/b4a706d6-318f-40db-9246-59347c15dac0,200,1,7470.990,f0ce5b28-4028-40a6-89a2-7b9497dd1fcc
2026-07-22T16:10:10.756Z,GET,/workers/?page=1&pageSize=10,200,1,6824.255,73a9bc7f-d7c8-4b9c-89ab-f8e72759742f
2026-07-22T16:10:14.502Z,GET,/customers/b4a706d6-318f-40db-9246-59347c15dac0/with-cars,200,1,3079.179,646306b3-7ea8-40be-86e5-b9f8f03b6b99
2026-07-22T16:10:13.199Z,GET,/users/549271f4-5bcd-4e3c-80c2-8b61894e1a99,200,1,4399.539,66a6e261-4faa-4ecd-8cb7-9920e98e4eb1
2026-07-22T16:10:10.558Z,GET,/customers/?page=1&pageSize=10,200,1,7068.077,e8cc94a9-bb21-4df8-86e8-c0ff9e115bca
2026-07-22T16:10:12.167Z,GET,/users/?page=1&pageSize=10,200,1,5464.843,71f653e7-6920-4824-a0fb-c2cd915b3caa
2026-07-22T16:10:10.947Z,GET,/work/6793eefd-f19c-4adc-b3ac-1537cc981242,200,1,6733.940,17d3fd79-20be-4a3a-a38f-962d3e3b5b6a
2026-07-22T16:10:17.555Z,PATCH,/orders/set-priority,200,1,128.820,e21a29a5-7b48-4c1a-b15c-e27b6c2965cb
2026-07-22T16:10:16.144Z,GET,/cars/4c23ae8d-6be0-4105-964d-f1ddf1199d0f,200,1,1560.072,42617e30-0ff6-43c4-aacb-4c0dbd274b67
2026-07-22T16:10:12.213Z,GET,/customers/?page=1&pageSize=10,200,1,5517.960,c7a2efd4-d044-424d-9e2f-83a2f30bd260
2026-07-22T16:10:14.928Z,GET,/cars/?page=1&pageSize=10,200,1,2810.692,7d5f674c-bdcd-4640-8ac3-1e8cede04e55
2026-07-22T16:10:12.949Z,GET,/workers/8142efaf-aba3-4c1b-b97c-f8b419f7aa0c,200,1,4793.549,ecba8088-68fe-4c20-97e0-8e5308fba8bb
2026-07-22T16:10:17.197Z,GET,/customers/?page=1&pageSize=10,200,1,595.379,c6cedb7b-2fc3-4910-8e2e-acee69dd65dc
2026-07-22T16:10:15.664Z,GET,/work/6793eefd-f19c-4adc-b3ac-1537cc981242,200,1,2168.222,521de763-bf15-4e8e-8fa5-f9ccbfb22c2a
2026-07-22T16:10:12.544Z,GET,/orders/?page=1&pageSize=10,200,1,5338.865,65f347a8-568a-41f9-84d2-cf46c706ada5
2026-07-22T16:10:17.756Z,PATCH,/workers/change-role,200,1,133.341,5a152daa-5744-441d-9896-8ed4a08284db
2026-07-22T16:10:12.025Z,GET,/workers/?page=1&pageSize=10,200,1,5875.155,12efc8e1-2ff2-42b0-a8d4-00ead9705071
2026-07-22T16:10:10.387Z,GET,/customers/b4a706d6-318f-40db-9246-59347c15dac0/with-cars,200,1,7514.776,e3505ff9-12b5-4e36-9fd7-60af71c1e4de
2026-07-22T16:10:11.140Z,GET,/users/549271f4-5bcd-4e3c-80c2-8b61894e1a99,200,1,6768.548,2018b938-b823-44f2-b36d-a8ff554f2b9a
2026-07-22T16:10:12.107Z,GET,/workers/8142efaf-aba3-4c1b-b97c-f8b419f7aa0c,200,1,5806.845,ad240285-428c-42cd-befa-7a3f6eedb3f4
2026-07-22T16:10:15.246Z,GET,/work/?page=1&pageSize=10,200,1,2686.647,03d4a45a-70ce-46a3-bcbe-b53985f8bb40
2026-07-22T16:10:14.173Z,GET,/orders/c6027a52-fbfc-4001-9a61-c985ab2f10b4,200,1,3776.813,72963ab0-df93-4e90-a83b-3c309ffbfc3c
2026-07-22T16:10:11.026Z,GET,/work/29d16e15-2d48-4947-ab59-8a742c1729f8,200,1,6938.093,15d8c397-8002-4548-9a2b-b11f668745d8
2026-07-22T16:10:10.725Z,GET,/customers/?page=1&pageSize=10,200,1,7239.437,3f610264-9a22-47d2-a5d4-16bc405275e0
2026-07-22T16:10:17.965Z,GET,/users/549271f4-5bcd-4e3c-80c2-8b61894e1a99,0,0,1.556,
2026-07-22T16:10:17.842Z,PATCH,/work/change-description,200,1,135.356,0054bdd8-b044-4114-8a22-50b9028529d8
2026-07-22T16:10:10.456Z,GET,/workers/?page=1&pageSize=10,200,1,7553.290,fbe0578b-21f7-4328-9bfd-d96848693f42
2026-07-22T16:10:17.139Z,GET,/users/?page=1&pageSize=10,200,1,872.089,e4adfbc6-ce67-480c-a198-edbf1744b4ab
2026-07-22T16:10:13.533Z,GET,/workers/?page=1&pageSize=10,200,1,4488.247,e152d612-0ab2-45d3-a2ce-19eb13a970d8
2026-07-22T16:10:16.316Z,GET,/workers/?page=1&pageSize=10,200,1,1705.810,5beca8ef-4081-4704-9d7e-0de1165af55c
2026-07-22T16:10:12.776Z,GET,/work/29d16e15-2d48-4947-ab59-8a742c1729f8,200,1,5275.444,ed80d0b2-f67b-4ea3-b5c1-70cbe5b8cbbd
2026-07-22T16:10:10.565Z,GET,/customers/b4a706d6-318f-40db-9246-59347c15dac0/with-cars,200,1,7503.437,81c883d1-aee0-4191-9eed-abdf8d174765
2026-07-22T16:10:16.227Z,GET,/work/?page=1&pageSize=10,200,1,1858.448,187d2701-39a7-4f92-8b4b-ac8765c19a48
2026-07-22T16:10:16.236Z,GET,/workers/8142efaf-aba3-4c1b-b97c-f8b419f7aa0c,200,1,1854.784,d9d1a331-b92c-4148-9a6a-9d8c4a52e94c
2026-07-22T16:10:16.905Z,GET,/workers/?page=1&pageSize=10,200,1,1221.218,4a67852b-f40a-498e-aada-40e3127fef84
2026-07-22T16:10:14.037Z,GET,/workers/?page=1&pageSize=10,200,1,4098.929,61796867-2a88-482e-b4be-97b4417f6197
2026-07-22T16:10:09.167Z,GET,/orders/?page=1&pageSize=10,200,1,8988.141,41258de4-e4e4-4cab-8c01-85939047d407
2026-07-22T16:10:09.389Z,GET,/orders/550f7644-5f85-4bc1-88ff-2b7aa1045946,200,1,8779.274,0bba09ed-23f8-4859-a835-acf43c30d45d
2026-07-22T16:10:17.938Z,PATCH,/work/change-description,200,1,255.457,3ac6d131-9ed1-49ea-b42b-a73ecc66f244
2026-07-22T16:10:11.171Z,GET,/cars/4c23ae8d-6be0-4105-964d-f1ddf1199d0f,200,1,7102.159,3d354735-b642-4ba5-9b45-c068ce926ece
2026-07-22T16:10:12.660Z,GET,/cars/f629ac10-996c-4cde-a868-46688570fac7,200,1,5618.222,83e11305-77a6-4273-af2e-2317b50a2b10
2026-07-22T16:10:15.110Z,GET,/users/549271f4-5bcd-4e3c-80c2-8b61894e1a99,200,1,3242.605,c63bc455-61fa-4a9f-a4db-30fee19d0571
2026-07-22T16:10:10.602Z,GET,/cars/?page=1&pageSize=10,200,1,7750.825,d25b3a96-f2f8-4934-88e9-a00a8afabe4a
2026-07-22T16:10:17.082Z,GET,/customers/?page=1&pageSize=10,200,1,1318.743,0008205a-bb8a-458b-a9b2-eddf6fd9c1f2
2026-07-22T16:10:12.083Z,GET,/cars/4c23ae8d-6be0-4105-964d-f1ddf1199d0f,200,1,6349.978,246d3dab-5d4e-4e0f-9ee0-90be408143e0
2026-07-22T16:10:15.912Z,GET,/cars/f629ac10-996c-4cde-a868-46688570fac7,200,1,2575.654,da21eb41-72f1-4945-beef-4b03be3a8435
2026-07-22T16:10:10.339Z,GET,/customers/?page=1&pageSize=10,200,1,8160.771,5857fd4b-4c7b-4799-ac8a-639bfdf38b20
2026-07-22T16:10:18.057Z,PATCH,/users/change-password,200,1,454.917,9edfdfaa-dd77-4dbb-b93c-b500a9b9b451
2026-07-22T16:10:11.281Z,GET,/customers/b4a706d6-318f-40db-9246-59347c15dac0/with-cars,200,1,7259.573,0bda0bac-1f21-415d-9a5e-2f972e24525b
2026-07-22T16:10:13.040Z,GET,/customers/b4a706d6-318f-40db-9246-59347c15dac0/with-cars,200,1,5506.579,d3dd16c1-c2bc-473e-8908-bd32995f98f5
2026-07-22T16:10:18.150Z,PATCH,/customers/rename,200,1,461.180,c75291a9-bf11-42d6-83a1-7633c730e92e
2026-07-22T16:10:14.477Z,GET,/cars/f629ac10-996c-4cde-a868-46688570fac7,200,1,4160.842,b9a2e699-323e-4b9c-a0f0-d1a2e0cc729c
2026-07-22T16:10:15.608Z,GET,/orders/?page=1&pageSize=10,200,1,3066.433,b5766864-ce0a-4d74-8976-e65295e118eb
2026-07-22T16:10:12.036Z,GET,/work/?page=1&pageSize=10,200,1,6646.240,55ec4f63-ca7a-4300-9641-c2213deca3da
2026-07-22T16:10:10.748Z,GET,/workers/8142efaf-aba3-4c1b-b97c-f8b419f7aa0c,200,1,8005.037,ab6ea17b-994a-4b93-8ab7-04027b74a522
2026-07-22T16:10:13.230Z,GET,/users/?page=1&pageSize=10,200,1,5544.783,cce50518-4d94-4f87-a642-0838257292e9
2026-07-22T16:10:13.715Z,GET,/orders/?page=1&pageSize=10,200,1,5096.116,7b6296ee-2f38-43d1-9776-8757e4425de6
2026-07-22T16:10:11.282Z,GET,/customers/?page=1&pageSize=10,200,1,7537.931,e171420c-e18d-4771-813c-71e50dc47960
2026-07-22T16:10:10.055Z,GET,/customers/b4a706d6-318f-40db-9246-59347c15dac0,200,1,8774.738,ef79b8ca-2cf5-4b3e-a9c3-8aff74733807
2026-07-22T16:10:18.244Z,GET,/customers/?page=1&pageSize=10,200,1,595.972,c16c018e-ac95-4ed2-b366-a5c80f6b52e6
2026-07-22T16:10:15.571Z,GET,/orders/?page=1&pageSize=10,200,1,3278.220,5c41bae0-41b8-462a-8242-89de63520098
2026-07-22T16:10:14.168Z,GET,/users/?page=1&pageSize=10,200,1,4692.370,d7bca246-be91-437f-82fb-49843167cdbe
2026-07-22T16:10:15.772Z,GET,/work/29d16e15-2d48-4947-ab59-8a742c1729f8,200,1,3127.433,487423b2-5302-4675-ab27-f5280a6ffe26
2026-07-22T16:10:12.824Z,GET,/customers/?page=1&pageSize=10,200,1,6075.748,4415ac90-7dbd-425f-956d-fde4e74be6cf
2026-07-22T16:10:11.710Z,GET,/cars/?page=1&pageSize=10,200,1,7190.737,5f123223-c4b8-429e-be60-dcf469e8e82d
2026-07-22T16:10:15.851Z,GET,/customers/?page=1&pageSize=10,200,1,3090.056,4c92441a-5614-4f6f-ac3c-d72a68559b44
2026-07-22T16:10:11.458Z,GET,/orders/?page=1&pageSize=10,200,1,7484.630,769b1444-b1c4-4d4b-b540-af0c5dd12802
2026-07-22T16:10:18.814Z,PATCH,/workers/change-hourly-rate,200,1,131.935,d7ecc83b-b308-484d-871c-b99fe6f6328c
2026-07-22T16:10:09.096Z,GET,/work/6793eefd-f19c-4adc-b3ac-1537cc981242,200,1,9864.540,0f7988cd-706b-49fc-9f99-1c777d6aedf3
2026-07-22T16:10:11.390Z,GET,/users/549271f4-5bcd-4e3c-80c2-8b61894e1a99,200,1,7601.334,569868dc-2900-4e1d-a237-46dee37dfd9e
2026-07-22T16:10:12.700Z,GET,/users/?page=1&pageSize=10,200,1,6330.091,1914f794-0d28-4a61-ab19-7efd2bee466f
2026-07-22T16:10:18.614Z,POST,/users/,200,1,416.937,8eab64cc-a303-415f-98cf-f63b2162c418
2026-07-22T16:10:18.897Z,PATCH,/customers/change-contacts,200,1,141.352,e9db2ee4-7d66-4add-9df1-8c0e2d3df3f3
2026-07-22T16:10:13.242Z,GET,/work/?page=1&pageSize=10,200,1,5804.942,c0c931bd-7fae-441d-95c8-95dedb690fb7
2026-07-22T16:10:12.017Z,GET,/cars/4c23ae8d-6be0-4105-964d-f1ddf1199d0f,200,1,7059.436,4254aa73-fc7c-417a-bca6-144c7e847040
2026-07-22T16:10:14.009Z,GET,/workers/?page=1&pageSize=10,200,1,5117.123,a925244c-b853-44d7-aacf-8d699488e253
2026-07-22T16:10:13.907Z,GET,/orders/c6027a52-fbfc-4001-9a61-c985ab2f10b4,200,1,5236.476,93fdc555-30ee-4a5b-b09d-782501078426
2026-07-22T16:10:18.304Z,GET,/orders/?page=1&pageSize=10,200,1,867.448,c6888355-99c9-44d9-9601-03aef71ce393
2026-07-22T16:10:13.099Z,GET,/workers/?page=1&pageSize=10,200,1,6084.151,8e0b3d32-d069-44d9-ba80-4caaeb4928f7
2026-07-22T16:10:18.216Z,GET,/cars/?page=1&pageSize=10,200,1,972.067,a5c6d220-3983-4bdb-9e58-c714992cd32a
2026-07-22T16:10:17.882Z,GET,/orders/?page=1&pageSize=10,200,1,1327.540,ce6adfaf-efcb-4407-8ba6-e0b693a7b383
2026-07-22T16:10:12.251Z,GET,/orders/c6027a52-fbfc-4001-9a61-c985ab2f10b4,200,1,6989.808,8f478fa2-cceb-4bbb-adf4-692409075a5d
2026-07-22T16:10:14.739Z,GET,/orders/550f7644-5f85-4bc1-88ff-2b7aa1045946,200,1,4511.096,04c144be-e8f4-40a0-b61e-0adfe51c10a7
2026-07-22T16:10:17.699Z,GET,/workers/?page=1&pageSize=10,200,1,1565.503,48916cc8-329c-499c-ad3a-9e68579be193
2026-07-22T16:10:13.062Z,GET,/workers/8142efaf-aba3-4c1b-b97c-f8b419f7aa0c,200,1,6243.619,089ee9d3-9d13-483d-bd94-49041c609479
2026-07-22T16:10:14.599Z,GET,/work/?page=1&pageSize=10,200,1,4717.471,7c940c8c-e77f-4cd7-99d5-e23a0c29c9f3
2026-07-22T16:10:16.947Z,GET,/customers/b4a706d6-318f-40db-9246-59347c15dac0,200,1,2377.392,089c9b05-9e4d-4f71-8d09-9ee5074ca9c9
2026-07-22T16:10:16.008Z,GET,/customers/de510cf4-d037-461e-ac0b-04d11b6c0aad,200,1,3318.627,821da487-7118-495b-a9bd-5413839ca411
2026-07-22T16:10:13.494Z,GET,/orders/?page=1&pageSize=10,200,1,5838.093,1ff5ec5e-d604-4f6f-bb79-fd25579b3893
2026-07-22T16:10:18.394Z,GET,/users/549271f4-5bcd-4e3c-80c2-8b61894e1a99,200,1,966.772,d3de9280-babe-4ae6-a91b-1feb503172dc
2026-07-22T16:10:18.398Z,GET,/cars/4c23ae8d-6be0-4105-964d-f1ddf1199d0f,200,1,964.280,353e0eb5-5395-402d-a355-913c4f3e32cc
2026-07-22T16:10:13.934Z,GET,/work/6793eefd-f19c-4adc-b3ac-1537cc981242,200,1,5429.975,c774e4cc-f4c0-46a5-b623-c79aeae2cdbf
2026-07-22T16:10:12.199Z,GET,/workers/8142efaf-aba3-4c1b-b97c-f8b419f7aa0c,200,1,7184.378,eb16832a-c8b6-46ca-af78-a8ebbe021d75
2026-07-22T16:10:13.644Z,GET,/work/?page=1&pageSize=10,200,1,5795.836,df72bc7d-fd2b-4683-9830-5ad192094e8a
2026-07-22T16:10:13.893Z,GET,/customers/de510cf4-d037-461e-ac0b-04d11b6c0aad,200,1,5559.790,f751fab8-774a-458a-bb64-97be085806e0
2026-07-22T16:10:13.700Z,GET,/customers/b4a706d6-318f-40db-9246-59347c15dac0/with-cars,200,1,5789.016,77c92bd0-f3ad-40aa-aa5d-ada8c587404a
2026-07-22T16:10:19.429Z,PATCH,/customers/rename,200,1,135.919,bc8be962-9e78-424b-be09-f538cc231ad6
2026-07-22T16:10:14.384Z,GET,/customers/b4a706d6-318f-40db-9246-59347c15dac0/with-cars,200,1,5197.321,58aab689-0730-4a62-b3df-2b72ad7bec5f
2026-07-22T16:10:18.736Z,GET,/customers/?page=1&pageSize=10,200,1,849.648,24e4d477-12f1-4989-8e1c-f4a74a157aeb
2026-07-22T16:10:14.050Z,GET,/customers/b4a706d6-318f-40db-9246-59347c15dac0,200,1,5540.985,b4eb05a5-8a46-42b2-8ade-7503ae07f608
2026-07-22T16:10:19.478Z,PATCH,/customers/change-contacts,200,1,128.847,0e64ab49-9435-4553-a554-f739cc2d78bd
2026-07-22T16:10:09.159Z,GET,/customers/b4a706d6-318f-40db-9246-59347c15dac0/with-cars,200,1,10479.420,e22a4cc9-5809-46da-ba6e-f22646895e43
2026-07-22T16:10:13.751Z,GET,/customers/b4a706d6-318f-40db-9246-59347c15dac0/with-cars,200,1,5903.844,2d84f1bf-b611-40b8-8662-34e1080bee7c
2026-07-22T16:10:11.826Z,GET,/cars/?page=1&pageSize=10,200,1,7831.369,ded95ea2-6370-4ca1-b018-bf5c5408c77b
2026-07-22T16:10:10.469Z,GET,/customers/b4a706d6-318f-40db-9246-59347c15dac0/with-cars,200,1,9206.343,ed15875b-d734-4449-a07e-34f35d2d15f0
2026-07-22T16:10:14.121Z,GET,/work/6793eefd-f19c-4adc-b3ac-1537cc981242,200,1,5619.583,c28c2530-3b17-417e-ad7d-f99ac5d2429f
2026-07-22T16:10:17.090Z,GET,/customers/de510cf4-d037-461e-ac0b-04d11b6c0aad,200,1,2665.843,dc2f19ee-dfa7-48e1-9140-1db2fe88b5e4
2026-07-22T16:10:19.039Z,GET,/customers/?page=1&pageSize=10,200,1,719.128,70700750-0c6c-497a-a1f2-65382a1904e1
2026-07-22T16:10:15.343Z,GET,/orders/?page=1&pageSize=10,200,1,4420.154,872ad089-c6bc-49b4-a021-698d87ea9dfa
2026-07-22T16:10:19.580Z,PATCH,/customers/rename,200,1,187.161,adf3bf2d-6811-4a2b-a522-b07757efcbb7
2026-07-22T16:10:19.630Z,PATCH,/customers/rename,500,0,138.074,f7f2d560-c985-4601-af32-d2dc06ade612
2026-07-22T16:10:18.808Z,GET,/work/6793eefd-f19c-4adc-b3ac-1537cc981242,200,1,979.988,2e012801-01fa-41b1-a745-c62bee7438ad
2026-07-22T16:10:10.744Z,GET,/customers/b4a706d6-318f-40db-9246-59347c15dac0,200,1,9170.338,a970b49b-5452-4fc7-a15c-f71964ee39d7
2026-07-22T16:10:15.903Z,GET,/work/?page=1&pageSize=10,200,1,4019.797,85af4f93-82d7-40ab-a926-edf6fccab52e
2026-07-22T16:10:14.976Z,GET,/users/?page=1&pageSize=10,200,1,4975.243,37da8f9d-09ca-4857-86b3-2e3a0646ca65
2026-07-22T16:10:19.837Z,PATCH,/orders/set-priority,200,1,134.117,11e2686a-dbc6-47b7-8856-9553d8d3e248
2026-07-22T16:10:09.506Z,GET,/customers/de510cf4-d037-461e-ac0b-04d11b6c0aad,200,1,10478.382,446c6c73-547d-4cb4-8f98-a38cfe8ca55b
2026-07-22T16:10:17.550Z,GET,/orders/?page=1&pageSize=10,200,1,2500.984,f785d776-c76b-47c9-bbdf-8a986b3a35d4
2026-07-22T16:10:11.449Z,GET,/users/?page=1&pageSize=10,200,1,8605.510,c1d8ff24-e335-4b5c-a21a-7669bb707568
2026-07-22T16:10:19.116Z,GET,/orders/?page=1&pageSize=10,200,1,956.242,1ec9f587-533a-4282-b579-d67d960e5b26
2026-07-22T16:10:13.779Z,GET,/workers/8142efaf-aba3-4c1b-b97c-f8b419f7aa0c,200,1,6294.333,d00b0bec-6693-4994-90eb-2ab4b239af20
2026-07-22T16:10:15.815Z,GET,/cars/f629ac10-996c-4cde-a868-46688570fac7,200,1,4287.179,5e1e10cf-9d1c-4640-a71c-12e7b3eb3e62
2026-07-22T16:10:12.222Z,GET,/workers/8142efaf-aba3-4c1b-b97c-f8b419f7aa0c,200,1,7923.174,447199fe-fd53-4659-aeef-cd99838e3b4d
2026-07-22T16:10:20.016Z,PATCH,/users/change-password,200,1,136.536,fa18f233-26c9-4e51-bd36-62e03fdf2b12
2026-07-22T16:10:18.108Z,GET,/users/?page=1&pageSize=10,200,1,2056.775,2ab644be-80e5-433d-862d-a3ebdb070957
2026-07-22T16:10:16.837Z,GET,/workers/?page=1&pageSize=10,200,1,3350.045,b3c8a305-5b36-419d-bbf6-004e098c2f9f
2026-07-22T16:10:15.138Z,GET,/orders/550f7644-5f85-4bc1-88ff-2b7aa1045946,200,1,5049.225,4d1116f5-2cb7-4d36-b6a3-2c3862e46be7
2026-07-22T16:10:19.987Z,PATCH,/workers/change-role,200,1,265.671,f39b7087-8cad-401e-a93a-f0436cc70f09
2026-07-22T16:10:19.759Z,GET,/customers/b4a706d6-318f-40db-9246-59347c15dac0/with-cars,200,1,496.542,a5d5db8a-4d55-4ef5-894a-ee3ffc146736
2026-07-22T16:10:20.129Z,PATCH,/customers/change-contacts,200,1,126.894,ad7a0ca0-b1f7-4074-be4a-3abe6e6d1175
2026-07-22T16:10:17.977Z,GET,/work/?page=1&pageSize=10,200,1,2295.772,d0ec5348-7939-407b-b176-c58a4c2d6dd3
2026-07-22T16:10:20.164Z,PATCH,/orders/apply-discount,200,1,132.798,a0708fe3-5ade-4aed-8d64-9affa0458930
2026-07-22T16:10:11.412Z,GET,/users/?page=1&pageSize=10,200,1,8934.832,a02f1692-14a5-4334-997c-9970e8de9c6f
2026-07-22T16:10:17.431Z,GET,/users/549271f4-5bcd-4e3c-80c2-8b61894e1a99,200,1,2969.646,f5dc4821-0781-4c7c-80a4-82770403c999
2026-07-22T16:10:14.807Z,GET,/workers/?page=1&pageSize=10,200,1,5637.591,03ab2cb9-59a7-466e-b440-15b007b57567
2026-07-22T16:10:15.790Z,GET,/customers/?page=1&pageSize=10,200,1,4664.035,16e81548-8d76-4967-9a92-16636e07c3a8
2026-07-22T16:10:12.517Z,GET,/orders/c6027a52-fbfc-4001-9a61-c985ab2f10b4,200,1,7969.284,79dc6089-b22c-423c-857f-a1e26059b22c
2026-07-22T16:10:11.993Z,GET,/orders/?page=1&pageSize=10,200,1,8494.144,225b4d6e-5310-4cba-b4bb-7b44296e5bf7
2026-07-22T16:10:12.795Z,GET,/work/?page=1&pageSize=10,200,1,7713.023,8685c8b1-0409-4285-b299-3d5b8f604802
2026-07-22T16:10:15.822Z,GET,/workers/?page=1&pageSize=10,200,1,4692.867,2da17a8f-3a3c-49e7-a629-86adb7c2e6b2
2026-07-22T16:10:19.587Z,GET,/customers/b4a706d6-318f-40db-9246-59347c15dac0/with-cars,200,1,980.396,a77fb3bb-f052-4fbc-afcf-f9dfdac3dc44
2026-07-22T16:10:11.094Z,GET,/orders/?page=1&pageSize=10,200,1,9477.597,ab19c4bd-7b7c-43df-bac7-403dedfb18f6
2026-07-22T16:10:13.136Z,GET,/workers/8142efaf-aba3-4c1b-b97c-f8b419f7aa0c,200,1,7438.466,2d03b357-c23f-476b-bea9-3d61ee0eb092
2026-07-22T16:10:20.457Z,PATCH,/workers/change-hourly-rate,200,1,136.135,c3315929-c5ba-4777-a0fd-93b9a989d08d
2026-07-22T16:10:13.399Z,GET,/customers/b4a706d6-318f-40db-9246-59347c15dac0,200,1,7227.350,77ec3123-9eca-40a7-a07c-b7d16d2c0309
2026-07-22T16:10:10.080Z,GET,/orders/550f7644-5f85-4bc1-88ff-2b7aa1045946,200,1,10603.468,5641ddf6-206f-4c12-963b-02b3af8faf54
2026-07-22T16:10:20.467Z,PATCH,/workers/change-hourly-rate,200,1,270.863,205b6b50-b959-4be6-82f1-fc8f2259c5ff
2026-07-22T16:10:19.841Z,GET,/orders/c6027a52-fbfc-4001-9a61-c985ab2f10b4,200,1,950.202,86898fa2-aab8-4f40-bda1-7a16ba9e3bb8
2026-07-22T16:10:15.177Z,GET,/work/29d16e15-2d48-4947-ab59-8a742c1729f8,200,1,5647.932,e0239ace-ce1d-4553-9df5-9ae41888e043
2026-07-22T16:10:20.639Z,PATCH,/work/set-estimate,200,1,251.904,d3580c7f-704f-429e-a852-b56021add1e5
2026-07-22T16:10:20.111Z,GET,/customers/?page=1&pageSize=10,200,1,843.373,4f0626ad-3229-45e4-b0ba-04e4372fb81d
2026-07-22T16:10:11.225Z,GET,/users/?page=1&pageSize=10,200,1,9792.167,bda63a44-4b67-419b-81ec-112ded17979c
2026-07-22T16:10:17.117Z,GET,/work/?page=1&pageSize=10,200,1,3918.755,8aa68e8d-1ec2-415c-b14a-5d435a1c18e5
2026-07-22T16:10:14.538Z,GET,/workers/8142efaf-aba3-4c1b-b97c-f8b419f7aa0c,200,1,6566.110,c5d00b22-8f6e-4c23-87d5-570e9d25865d
2026-07-22T16:10:13.411Z,GET,/cars/?page=1&pageSize=10,200,1,7694.062,9dabb4e9-f8e7-4d79-9a51-6991c90db295
2026-07-22T16:10:12.468Z,GET,/work/?page=1&pageSize=10,200,1,8663.374,357e349c-167a-49ec-a417-d1a786a18e28
2026-07-22T16:10:18.185Z,GET,/customers/?page=1&pageSize=10,200,1,2947.488,5ee6f19a-1477-44d9-8e8e-dae909346c8a
2026-07-22T16:10:18.333Z,GET,/orders/?page=1&pageSize=10,200,1,2812.567,828acb29-68c8-4bac-b0e9-7aa5eacd3959
2026-07-22T16:10:10.381Z,GET,/customers/?page=1&pageSize=10,200,1,10854.058,79188375-647e-4c71-ad35-4aa357bca56c
2026-07-22T16:10:11.338Z,GET,/work/6793eefd-f19c-4adc-b3ac-1537cc981242,200,1,9949.418,c80c04ba-459a-4302-bdda-e14b743c82fd
2026-07-22T16:10:12.188Z,GET,/cars/?page=1&pageSize=10,200,1,9101.254,7865e1a9-994d-4639-b1e4-4af797484008
2026-07-22T16:10:15.756Z,GET,/customers/b4a706d6-318f-40db-9246-59347c15dac0/with-cars,200,1,5586.004,3fac7f8e-c00e-4354-b2aa-5fc36cc1328d
2026-07-22T16:10:20.334Z,GET,/users/?page=1&pageSize=10,200,1,1012.681,7ef04591-883b-4eeb-904d-413302215ffb
2026-07-22T16:10:19.878Z,GET,/users/?page=1&pageSize=10,200,1,1470.344,876efeb8-599a-4d8c-9412-ed9a059e94b0
2026-07-22T16:10:21.214Z,PATCH,/users/change-password,200,1,194.824,7322c175-2415-46d2-b235-0ef116bb930b
2026-07-22T16:10:20.115Z,GET,/cars/4c23ae8d-6be0-4105-964d-f1ddf1199d0f,200,1,1302.675,0dfa65ff-e13e-4a51-bf6b-acfb10a4154f
2026-07-22T16:10:15.226Z,GET,/customers/?page=1&pageSize=10,200,1,6198.165,6ee629ef-1e26-4ed7-b1eb-0d12e2c48597
2026-07-22T16:10:14.843Z,GET,/users/549271f4-5bcd-4e3c-80c2-8b61894e1a99,200,1,6594.782,ec60746f-b3cc-4efe-98e6-46a1c9fc62a8
2026-07-22T16:10:20.471Z,GET,/cars/?page=1&pageSize=10,200,1,983.058,73a63adc-6caf-4bdd-af80-c32a37741b93
2026-07-22T16:10:20.265Z,GET,/cars/f629ac10-996c-4cde-a868-46688570fac7,200,1,1197.666,177f89c3-31ac-4ceb-a5e6-ef9eb13094b1
2026-07-22T16:10:12.658Z,GET,/customers/b4a706d6-318f-40db-9246-59347c15dac0,200,1,8809.103,d3ab6ed0-4bb4-46b2-8c80-52e521b69c30
2026-07-22T16:10:21.309Z,PATCH,/customers/change-contacts,200,1,247.174,414c77c1-d829-4177-b36c-ed3e7905ee5b
2026-07-22T16:10:20.699Z,GET,/orders/?page=1&pageSize=10,200,1,982.823,1428da76-36f8-47da-87be-f22974197381
2026-07-22T16:10:15.844Z,GET,/orders/?page=1&pageSize=10,200,1,5860.698,1a289589-16ac-4940-a423-21d4df354904
2026-07-22T16:10:17.349Z,GET,/customers/?page=1&pageSize=10,200,1,4367.325,d255f720-f5cc-4bfb-bf09-a1eed5721593
2026-07-22T16:10:16.143Z,GET,/cars/?page=1&pageSize=10,200,1,5635.640,af156935-ce8a-4e1b-a2e4-54ef17381216
2026-07-22T16:10:14.730Z,GET,/customers/de510cf4-d037-461e-ac0b-04d11b6c0aad,200,1,7049.972,227b208c-7dbe-4bfe-81fa-7cefaf81b03d
2026-07-22T16:10:13.080Z,GET,/customers/?page=1&pageSize=10,200,1,8717.678,da2ca7a7-1350-45f3-8b38-b9832d3efadf
2026-07-22T16:10:14.766Z,GET,/workers/8142efaf-aba3-4c1b-b97c-f8b419f7aa0c,200,1,7033.536,26e13d77-4a67-4d54-9d51-a08aff3289e6
2026-07-22T16:10:16.568Z,GET,/workers/?page=1&pageSize=10,200,1,5249.302,b2933c4c-b862-4cea-aca5-46535e55eeee
2026-07-22T16:10:21.694Z,PATCH,/customers/change-contacts,200,1,129.210,bc65d1c7-fd53-42cc-a0fb-b7a0af19c79a
2026-07-22T16:10:13.021Z,GET,/cars/4c23ae8d-6be0-4105-964d-f1ddf1199d0f,200,1,8895.665,3ddc6924-7ece-47a3-ac0b-2e952a5795f5
2026-07-22T16:10:21.000Z,GET,/workers/8142efaf-aba3-4c1b-b97c-f8b419f7aa0c,200,1,961.674,70cee966-0f04-4d33-80a1-4efceb523e0d
2026-07-22T16:10:18.150Z,GET,/customers/?page=1&pageSize=10,200,1,3958.006,ea2e953d-76a6-4990-a0b9-4355c3088822
2026-07-22T16:10:18.786Z,GET,/users/?page=1&pageSize=10,200,1,3359.509,a2829bd4-a7f8-4c97-a4c8-0b5cfd499838
2026-07-22T16:10:21.073Z,GET,/customers/b4a706d6-318f-40db-9246-59347c15dac0/with-cars,200,1,1086.266,194de244-873e-4d37-8132-771546580d9f
2026-07-22T16:10:14.555Z,GET,/customers/de510cf4-d037-461e-ac0b-04d11b6c0aad,200,1,7612.883,92fe672e-7623-486c-a4ce-61c8d913512b
2026-07-22T16:10:20.981Z,GET,/cars/4c23ae8d-6be0-4105-964d-f1ddf1199d0f,200,1,1208.847,e62df9e3-f882-4d7e-aa5c-2f3d8279ff7b
2026-07-22T16:10:14.320Z,GET,/work/?page=1&pageSize=10,200,1,7879.071,1935792b-85c9-4930-9322-4a0879fbd329
2026-07-22T16:10:16.092Z,GET,/customers/b4a706d6-318f-40db-9246-59347c15dac0/with-cars,200,1,6116.092,a1d6cfbe-8cf8-4834-b2ba-7cf5d5b83f78
2026-07-22T16:10:21.988Z,PATCH,/orders/apply-discount,200,1,256.325,9aa8f432-be94-48f5-8e68-ce01a68dc370
2026-07-22T16:10:21.090Z,GET,/work/?page=1&pageSize=10,200,1,1174.534,e5a524da-7ce8-442c-9ea7-05a41ce35f52
2026-07-22T16:10:19.450Z,GET,/customers/b4a706d6-318f-40db-9246-59347c15dac0/with-cars,200,1,2917.991,a1697f8e-2b66-49ff-8109-02c9f7356fbc
2026-07-22T16:10:17.123Z,GET,/cars/4c23ae8d-6be0-4105-964d-f1ddf1199d0f,200,1,5365.059,a915deb4-6cd7-4661-9a02-1452890a7e95
2026-07-22T16:10:16.466Z,GET,/customers/?page=1&pageSize=10,200,1,6030.348,10d3b8df-8321-4dc3-8985-e381cc1a214e
2026-07-22T16:10:21.593Z,GET,/users/d7d2d1e7-410e-4a68-9f44-a3f36750f7af,200,1,978.447,42efa446-c4d0-4f6e-b0ff-301020545d8b
2026-07-22T16:10:21.621Z,GET,/work/?page=1&pageSize=10,200,1,963.068,e102f820-4510-4441-bcff-c0845e888a26
2026-07-22T16:10:15.227Z,GET,/cars/f629ac10-996c-4cde-a868-46688570fac7,200,1,7364.082,9daa6cd2-0923-4db6-8a91-c8053bb15dfe
2026-07-22T16:10:21.127Z,GET,/customers/b4a706d6-318f-40db-9246-59347c15dac0/with-cars,200,1,1486.582,6bfef5f8-ea6c-4079-b0ad-61d634554043
2026-07-22T16:10:17.442Z,GET,/customers/b4a706d6-318f-40db-9246-59347c15dac0/with-cars,200,1,5202.686,7c1cfaab-23f0-4e52-8712-a6b22ba2d377
2026-07-22T16:10:15.832Z,GET,/cars/?page=1&pageSize=10,200,1,6817.941,f4c91202-67c3-454d-9313-9063d792a9c2
2026-07-22T16:10:16.874Z,GET,/work/29d16e15-2d48-4947-ab59-8a742c1729f8,200,1,5795.045,bbe391bf-1fdb-4250-84e1-d415d7003506
2026-07-22T16:10:20.355Z,GET,/orders/550f7644-5f85-4bc1-88ff-2b7aa1045946,200,1,2315.593,2b9c4b51-ee47-4f5f-8a90-07309e032040
2026-07-22T16:10:20.433Z,GET,/workers/?page=1&pageSize=10,200,1,2239.421,74b2c619-55f3-4471-82e9-cc567b006532
2026-07-22T16:10:16.133Z,GET,/workers/8142efaf-aba3-4c1b-b97c-f8b419f7aa0c,200,1,6545.280,5b3157d8-1bf8-4bd9-b449-2e0b42d03048
2026-07-22T16:10:22.461Z,PATCH,/cars/record-mileage,200,1,248.845,b5a891b7-9794-4182-93b6-f5406ff060f9
2026-07-22T16:10:16.735Z,GET,/work/?page=1&pageSize=10,200,1,6010.649,dac4094d-c9d5-4ccd-b833-311ee7853cbe
2026-07-22T16:10:22.533Z,PATCH,/work/change-description,200,1,256.894,8265297e-1518-43fe-a0fb-76804686246c
2026-07-22T16:10:18.538Z,GET,/orders/?page=1&pageSize=10,200,1,4254.359,7dfa0ec4-bf96-47cc-87f1-2f5966415a6e
2026-07-22T16:10:21.702Z,GET,/workers/8142efaf-aba3-4c1b-b97c-f8b419f7aa0c,200,1,1101.160,27c51a0a-376c-4b2b-9308-ae1f1873fa36
2026-07-22T16:10:17.003Z,GET,/cars/?page=1&pageSize=10,200,1,5801.698,5742a37c-29f8-4881-9194-008e83357a9c
2026-07-22T16:10:18.429Z,GET,/cars/4c23ae8d-6be0-4105-964d-f1ddf1199d0f,200,1,4380.453,79bb1dce-cb56-49e8-808a-74d967c9a2cf
2026-07-22T16:10:21.698Z,GET,/work/29d16e15-2d48-4947-ab59-8a742c1729f8,200,1,1117.566,950457d5-3a10-4885-942f-2ffabdd2fd59
2026-07-22T16:10:17.918Z,GET,/orders/?page=1&pageSize=10,200,1,4923.857,fb346bdd-1af5-40f5-a25c-149a02416d27
2026-07-22T16:10:13.186Z,GET,/work/29d16e15-2d48-4947-ab59-8a742c1729f8,200,1,9682.328,b1944cc4-c24c-4804-b1ea-a238a6cebc70
2026-07-22T16:10:15.588Z,GET,/workers/8142efaf-aba3-4c1b-b97c-f8b419f7aa0c,200,1,7314.989,c13551fd-c6b7-4218-a93c-2ce8df14e925
2026-07-22T16:10:14.133Z,GET,/work/29d16e15-2d48-4947-ab59-8a742c1729f8,200,1,8790.604,0e833fb4-6f75-4b36-9dfc-d94da24fb9c6
2026-07-22T16:10:20.537Z,GET,/work/?page=1&pageSize=10,200,1,2451.326,05a7c6fb-7f95-48eb-9fb9-90093b7feccf
2026-07-22T16:10:16.298Z,GET,/customers/?page=1&pageSize=10,200,1,6728.141,e8e668c8-72fc-435e-ba64-be52aee10901
2026-07-22T16:10:20.966Z,GET,/orders/?page=1&pageSize=10,200,1,2071.913,d2e58374-647c-4720-a7c7-2766c85e44c2
2026-07-22T16:10:22.137Z,GET,/users/549271f4-5bcd-4e3c-80c2-8b61894e1a99,200,1,952.553,090f3507-bfae-4851-9106-86d3a27ee48a
2026-07-22T16:10:18.667Z,GET,/work/29d16e15-2d48-4947-ab59-8a742c1729f8,200,1,4452.161,30b6f6ea-8185-4be3-89b6-01207155a352
2026-07-22T16:10:16.022Z,GET,/users/549271f4-5bcd-4e3c-80c2-8b61894e1a99,200,1,7123.135,daf18d88-8842-42b2-aa2c-0cd3f7dd8d5c
2026-07-22T16:10:21.496Z,GET,/cars/f629ac10-996c-4cde-a868-46688570fac7,200,1,1685.336,e94b9330-eee8-43d6-948c-5390803db11e
2026-07-22T16:10:14.797Z,GET,/work/29d16e15-2d48-4947-ab59-8a742c1729f8,200,1,8406.229,d6072685-e217-49ea-83b7-a22ead7fe7f8
2026-07-22T16:10:18.276Z,GET,/orders/?page=1&pageSize=10,200,1,4934.344,0900558a-8a09-4b1e-b30a-2606e895d603
2026-07-22T16:10:17.860Z,GET,/work/29d16e15-2d48-4947-ab59-8a742c1729f8,200,1,5360.314,d5618148-e50a-4af0-851c-7460cf533d08
2026-07-22T16:10:17.561Z,GET,/cars/?page=1&pageSize=10,200,1,5680.098,ea7babbf-fdea-406c-aea5-1297e2635602
2026-07-22T16:10:22.998Z,PATCH,/orders/set-priority,200,1,247.796,536483a4-9141-4c1f-b922-dfddc7dd2e67
2026-07-22T16:10:13.063Z,GET,/users/549271f4-5bcd-4e3c-80c2-8b61894e1a99,200,1,10292.717,7a14bcce-bc9f-40f6-8cda-537b574303c2
2026-07-22T16:10:23.242Z,POST,/customers/,200,1,132.073,56aa982f-640b-4463-8a6a-14fe5e3d1232
2026-07-22T16:10:22.536Z,GET,/orders/8b3c7b07-ec20-4a5f-b1a4-377b529f1a20,200,1,848.848,74f87ef3-c145-4570-92e2-0b448ce9c5c3
2026-07-22T16:10:18.065Z,GET,/workers/?page=1&pageSize=10,200,1,5359.125,ee47c5cf-30ce-48fa-839f-711c302cdf4f
2026-07-22T16:10:20.633Z,GET,/cars/f629ac10-996c-4cde-a868-46688570fac7,200,1,2819.744,28199e99-9915-416e-befc-29784ea5780d
2026-07-22T16:10:19.576Z,GET,/workers/?page=1&pageSize=10,200,1,3937.929,ad8fda16-3a25-43ef-9761-92756b7a0cae
2026-07-22T16:10:19.391Z,GET,/cars/?page=1&pageSize=10,200,1,4182.036,515c55cd-011a-45e2-afe4-59a2fc839cde
2026-07-22T16:10:21.027Z,GET,/cars/f629ac10-996c-4cde-a868-46688570fac7,200,1,2550.201,aa16a4d6-63e7-4a50-ac5c-2de74241c721
2026-07-22T16:10:14.989Z,GET,/customers/b4a706d6-318f-40db-9246-59347c15dac0/with-cars,200,1,8590.991,528810f1-f141-4f64-8968-2260e6b65496
2026-07-22T16:10:19.135Z,GET,/work/?page=1&pageSize=10,200,1,4557.618,2dcae4a0-1143-4d72-8d41-3c60288becc5
2026-07-22T16:10:17.255Z,GET,/workers/?page=1&pageSize=10,200,1,6532.987,d0bf4c57-03e4-419b-82ce-bb8b49718972
2026-07-22T16:10:18.402Z,GET,/cars/?page=1&pageSize=10,200,1,5403.288,8ab023a9-8f94-4b02-8dcc-c5c9b764dcb5
2026-07-22T16:10:17.340Z,GET,/users/?page=1&pageSize=10,200,1,6487.733,2e722281-e592-4ae6-9e25-0a5cca1e4c4a
2026-07-22T16:10:18.025Z,GET,/cars/f629ac10-996c-4cde-a868-46688570fac7,200,1,5828.411,8ad39dd6-5829-41e4-88fb-1a819a6df935
2026-07-22T16:10:23.715Z,PATCH,/work/change-description,200,1,138.985,98a968ab-a425-44b8-8f4d-e8fd535c3f7f
2026-07-22T16:10:23.789Z,POST,/cars/,200,1,131.142,b5346c2e-8a09-426b-9eb4-77b529fb0d0c
2026-07-22T16:10:22.594Z,GET,/users/?page=1&pageSize=10,200,1,1328.451,75b8c611-65b3-4a0b-8883-ad20b10d6815
2026-07-22T16:10:21.838Z,GET,/orders/c6027a52-fbfc-4001-9a61-c985ab2f10b4,200,1,2102.667,3da92ad5-5fd3-44f5-9cd4-81b407bb0aad
2026-07-22T16:10:19.292Z,GET,/customers/b4a706d6-318f-40db-9246-59347c15dac0,200,1,4664.834,77934a11-2ed9-4906-99bd-8bbfdc70d2d2
2026-07-22T16:10:19.713Z,GET,/orders/?page=1&pageSize=10,200,1,4246.757,d9fb1c16-325d-4f16-b008-aa6cea7cc372
2026-07-22T16:10:15.786Z,GET,/work/?page=1&pageSize=10,200,1,8229.477,79f7c560-a277-40c0-824b-28e89aeb6288
2026-07-22T16:10:15.590Z,GET,/work/29d16e15-2d48-4947-ab59-8a742c1729f8,200,1,8509.932,e3cba03f-8dba-46d5-81b5-bf9b675b6a4a
2026-07-22T16:10:18.212Z,GET,/customers/de510cf4-d037-461e-ac0b-04d11b6c0aad,200,1,5920.017,4c398ed2-092b-4bd1-8689-9bfe6495f455
2026-07-22T16:10:16.530Z,GET,/cars/?page=1&pageSize=10,200,1,7607.605,4148ef48-2f4d-4e10-8e17-aa6b4bc1f98f
2026-07-22T16:10:19.898Z,GET,/work/?page=1&pageSize=10,200,1,4245.322,f346c2bb-d09b-4822-bfe6-eddece1d6855
2026-07-22T16:10:22.353Z,GET,/cars/f629ac10-996c-4cde-a868-46688570fac7,200,1,1796.299,a94dcd0e-f2df-4470-9d8b-17449961c39f
2026-07-22T16:10:18.136Z,GET,/workers/?page=1&pageSize=10,200,1,6052.021,e7169e16-9e6e-429e-bbd1-8aa26e69ae1f
2026-07-22T16:10:23.028Z,GET,/customers/b4a706d6-318f-40db-9246-59347c15dac0/with-cars,200,1,1207.285,bfd7a912-16d1-4b50-b378-128890c859c7
2026-07-22T16:10:19.282Z,GET,/customers/?page=1&pageSize=10,200,1,4976.765,3191b657-eb00-4f0c-ad2c-ed9ab86f3fa9
2026-07-22T16:10:23.416Z,GET,/customers/b4a706d6-318f-40db-9246-59347c15dac0,200,1,848.312,430b5e39-832c-4484-849f-e1e8b705ecc0
2026-07-22T16:10:24.190Z,GET,/users/d7d2d1e7-410e-4a68-9f44-a3f36750f7af,0,0,77.258,
2026-07-22T16:10:19.354Z,GET,/work/6793eefd-f19c-4adc-b3ac-1537cc981242,200,1,4951.873,1b792c8d-a991-4a19-96f6-ba099ce5035b
2026-07-22T16:10:18.064Z,GET,/work/?page=1&pageSize=10,200,1,6249.382,db800738-46b3-4ae2-9403-b287439bfdc4
2026-07-22T16:10:16.477Z,GET,/users/?page=1&pageSize=10,200,1,7845.632,97f7dc90-6595-4d57-ba4a-de541393c02f
2026-07-22T16:10:21.155Z,GET,/workers/?page=1&pageSize=10,200,1,3170.820,1727f793-a2cc-4a7f-b3b7-ca8067e08941
2026-07-22T16:10:24.082Z,PATCH,/users/change-password,200,1,259.111,d5211b94-4e0b-45d9-9223-6a004a33ca37
2026-07-22T16:10:23.032Z,GET,/customers/b4a706d6-318f-40db-9246-59347c15dac0,200,1,1329.305,15fb5a4b-e13b-4b69-b378-7c99d3f7202d
2026-07-22T16:10:22.522Z,GET,/customers/b4a706d6-318f-40db-9246-59347c15dac0/with-cars,200,1,1846.859,6fd56fc9-ca92-4ef0-9f46-82012d7b1ec5
2026-07-22T16:10:16.685Z,GET,/orders/?page=1&pageSize=10,200,1,7715.813,302f913d-aa5a-444c-bea6-fe69a3144155
2026-07-22T16:10:18.196Z,GET,/cars/f629ac10-996c-4cde-a868-46688570fac7,200,1,6269.927,f9b7e68e-a630-4065-b1e3-5c3791c1b040
2026-07-22T16:10:20.594Z,GET,/customers/?page=1&pageSize=10,200,1,3886.418,9f58112b-3cbe-4f1f-b401-8691aabc97f9
2026-07-22T16:10:14.341Z,GET,/cars/?page=1&pageSize=10,200,1,10148.662,49cf32ed-b3a4-4086-9896-f20ae98a4068
2026-07-22T16:10:16.140Z,GET,/cars/?page=1&pageSize=10,200,1,8359.313,a083b019-27d3-4a01-8765-d0763ab2f109
2026-07-22T16:10:21.437Z,GET,/users/549271f4-5bcd-4e3c-80c2-8b61894e1a99,200,1,3101.737,71ac22cc-180d-4fd1-a94f-d82b0200777a
2026-07-22T16:10:23.550Z,GET,/users/d7d2d1e7-410e-4a68-9f44-a3f36750f7af,200,1,999.863,5156ecda-a77f-44ef-9bcc-eec19ce1f87b
2026-07-22T16:10:20.932Z,GET,/customers/b4a706d6-318f-40db-9246-59347c15dac0,200,1,3669.117,61201375-c550-499f-86fd-0211b9335e38
2026-07-22T16:10:24.476Z,PATCH,/work/change-title,200,1,126.422,50c7c9b8-96c2-4421-be7c-06d1889913df
2026-07-22T16:10:18.652Z,GET,/orders/8b3c7b07-ec20-4a5f-b1a4-377b529f1a20,200,1,5981.005,6e2dafc5-755c-43f9-bfd8-e8bfd9b42334
2026-07-22T16:10:24.388Z,PATCH,/work/change-title,200,1,265.663,44ad6bf2-d608-4ff6-9d62-d3bc9281aabb
2026-07-22T16:10:19.245Z,GET,/workers/?page=1&pageSize=10,200,1,5417.999,1bcb354e-5e34-4069-89eb-97f411dec14a
2026-07-22T16:10:17.106Z,GET,/work/29d16e15-2d48-4947-ab59-8a742c1729f8,200,1,7568.365,5201796d-f91c-4d44-9f06-836ed9c8e071
2026-07-22T16:10:18.304Z,GET,/customers/b4a706d6-318f-40db-9246-59347c15dac0,200,1,6376.038,d07b2f43-348b-42f4-bf85-b32355caa8e0
2026-07-22T16:10:13.538Z,GET,/work/?page=1&pageSize=10,200,1,11189.339,4964036e-368f-4a7f-b2b3-f948d37201ca
2026-07-22T16:10:17.530Z,GET,/workers/?page=1&pageSize=10,200,1,7207.603,71ca6439-a090-4b0e-bc94-de36f66ad036
2026-07-22T16:10:16.650Z,GET,/cars/?page=1&pageSize=10,200,1,8087.686,2fc72c1f-78b4-4331-8742-689b063af7bf
2026-07-22T16:10:16.959Z,GET,/customers/b4a706d6-318f-40db-9246-59347c15dac0/with-cars,200,1,7794.516,30a69abd-9225-405c-813b-d4cc27198774
2026-07-22T16:10:22.483Z,GET,/orders/?page=1&pageSize=10,200,1,2271.746,f7e8a15b-b4e7-45da-b6ad-1c52e4e49fdd
2026-07-22T16:10:17.088Z,GET,/customers/b4a706d6-318f-40db-9246-59347c15dac0/with-cars,200,1,7669.517,af9983ee-12ed-48cd-9150-8502622f53a7
2026-07-22T16:10:23.668Z,GET,/workers/8142efaf-aba3-4c1b-b97c-f8b419f7aa0c,200,1,1100.244,8e52d4ec-c1bd-404f-b063-cb7983f08476
2026-07-22T16:10:23.777Z,GET,/cars/?page=1&pageSize=10,200,1,1001.164,ef957522-f266-46ce-bd75-ef9576724924
2026-07-22T16:10:22.688Z,GET,/users/?page=1&pageSize=10,200,1,2103.677,1a10f6f5-c8c1-4866-bb22-dcea1f4515a1
2026-07-22T16:10:12.770Z,GET,/workers/8142efaf-aba3-4c1b-b97c-f8b419f7aa0c,200,1,12024.714,9146ccf0-4231-424c-8167-dfbdf0cecf6b
2026-07-22T16:10:16.113Z,GET,/work/29d16e15-2d48-4947-ab59-8a742c1729f8,200,1,8700.356,4a01e132-cfbd-43eb-96e2-17ca495cac6c
2026-07-22T16:10:22.915Z,GET,/cars/f629ac10-996c-4cde-a868-46688570fac7,200,1,1921.661,269e1d3d-0e9d-43d5-90d8-c5aacc529e6a
2026-07-22T16:10:16.339Z,GET,/users/549271f4-5bcd-4e3c-80c2-8b61894e1a99,200,1,8504.280,38e4d4ea-2572-4df0-9035-839ba59fdba4
2026-07-22T16:10:23.239Z,GET,/cars/4c23ae8d-6be0-4105-964d-f1ddf1199d0f,200,1,1609.575,e276fe75-5cc7-4d31-8d0a-2a4175d7401c
2026-07-22T16:10:21.755Z,GET,/users/?page=1&pageSize=10,200,1,3100.778,53b700c8-1221-4e49-886e-fe5868b28ddd
2026-07-22T16:10:23.192Z,GET,/orders/c6027a52-fbfc-4001-9a61-c985ab2f10b4,200,1,1714.696,be12a246-7e6b-4861-b5a8-6412969433a0
2026-07-22T16:10:23.841Z,GET,/workers/8142efaf-aba3-4c1b-b97c-f8b419f7aa0c,200,1,1095.772,fa2bb515-306c-4c00-ac5a-0efe80c73c83
2026-07-22T16:10:12.965Z,GET,/orders/?page=1&pageSize=10,200,1,11998.475,09ff4e6d-5ad3-476c-971c-341d44d09330
2026-07-22T16:10:16.494Z,GET,/customers/?page=1&pageSize=10,200,1,8488.946,d0694454-78c0-4349-8af3-e6173815954e
2026-07-22T16:10:20.958Z,GET,/workers/8142efaf-aba3-4c1b-b97c-f8b419f7aa0c,200,1,4069.190,cac19152-128d-4312-b249-06a5dd638b2b
2026-07-22T16:10:23.799Z,GET,/cars/?page=1&pageSize=10,200,1,1237.259,6b035db4-7679-441b-9e2e-8b0f009ade40
2026-07-22T16:10:23.348Z,GET,/workers/8142efaf-aba3-4c1b-b97c-f8b419f7aa0c,200,1,1701.156,5a63a14d-4ebf-4c27-8390-5c0a15cd060d
2026-07-22T16:10:24.816Z,PATCH,/orders/apply-discount,200,1,269.506,16f4cb56-1e79-4c76-8b14-ed78c88e3b3b
2026-07-22T16:10:16.019Z,GET,/customers/b4a706d6-318f-40db-9246-59347c15dac0/with-cars,200,1,9101.252,622e96c0-2b7a-4f32-9eda-ff9d215cbbf8
2026-07-22T16:10:18.313Z,GET,/work/6793eefd-f19c-4adc-b3ac-1537cc981242,200,1,6815.712,b77fb151-1183-4f3b-98eb-e65250de00f1
2026-07-22T16:10:15.984Z,GET,/users/?page=1&pageSize=10,200,1,9173.044,f34cf2a2-322e-4d7f-80f8-0ca2d9554b78
2026-07-22T16:10:22.630Z,GET,/customers/b4a706d6-318f-40db-9246-59347c15dac0/with-cars,200,1,2534.112,22320344-8d6c-4c8e-af92-24b963d105e4
2026-07-22T16:10:22.473Z,GET,/orders/?page=1&pageSize=10,200,1,2697.918,fbf4bcf2-3b40-4796-b8b2-7483bfa5459d
2026-07-22T16:10:23.663Z,GET,/work/?page=1&pageSize=10,200,1,1571.116,f163e781-8dee-42ac-ace2-a281e11b1cab
2026-07-22T16:10:18.747Z,GET,/cars/?page=1&pageSize=10,200,1,6520.474,05a40914-d52f-4a41-a359-6af33d67ec5e
2026-07-22T16:10:20.419Z,GET,/cars/f629ac10-996c-4cde-a868-46688570fac7,200,1,4869.377,576dea26-0ad1-4f79-9666-1af9c4dafaed
2026-07-22T16:10:16.472Z,GET,/workers/?page=1&pageSize=10,200,1,8831.431,a9bcd6c4-002b-4c61-8822-f80f5f5b558f
2026-07-22T16:10:23.592Z,GET,/customers/?page=1&pageSize=10,200,1,1728.099,7b4bdfc1-7368-4f93-af7a-d7ba044bc1f0
2026-07-22T16:10:18.039Z,GET,/customers/de510cf4-d037-461e-ac0b-04d11b6c0aad,200,1,7313.571,c44db8f2-7fd3-44ab-a80c-0490727074d2
2026-07-22T16:10:16.930Z,GET,/customers/de510cf4-d037-461e-ac0b-04d11b6c0aad,200,1,8448.155,a3753253-05fb-4601-84b4-d58e11007579
2026-07-22T16:10:12.411Z,GET,/orders/?page=1&pageSize=10,200,1,12989.685,c31989f6-16c1-44d5-a9b3-9c5a278730aa
2026-07-22T16:10:19.563Z,GET,/orders/?page=1&pageSize=10,200,1,5840.984,fbae345b-92ff-4e1f-88a8-da1ca83f66b3
2026-07-22T16:10:25.401Z,GET,/workers/?page=1&pageSize=10,0,0,19.871,
2026-07-22T16:10:23.371Z,GET,/cars/4c23ae8d-6be0-4105-964d-f1ddf1199d0f,200,1,2068.236,235c3181-aa12-4d01-816d-d4b2399de6a3
2026-07-22T16:10:20.198Z,GET,/customers/?page=1&pageSize=10,200,1,5245.374,7ca4a460-8960-441d-8308-7d2bff3ef15a
2026-07-22T16:10:24.598Z,GET,/work/?page=1&pageSize=10,200,1,863.506,4db6622d-3461-49c5-bed2-839da87737ac
2026-07-22T16:10:24.251Z,GET,/orders/c6027a52-fbfc-4001-9a61-c985ab2f10b4,200,1,1225.419,ac5f8032-44cb-47e4-8701-ffca962b2d66
2026-07-22T16:10:23.209Z,GET,/customers/b4a706d6-318f-40db-9246-59347c15dac0/with-cars,200,1,2308.308,0422db9c-73ac-4e55-8279-bfc1fc92f694
2026-07-22T16:10:21.983Z,GET,/customers/?page=1&pageSize=10,200,1,3568.541,51ea9726-a95d-4ed5-a00c-6b056b26502b
2026-07-22T16:10:19.008Z,GET,/customers/?page=1&pageSize=10,200,1,6543.568,644338e3-7e76-4db5-83d8-9bb25dbcfacd
2026-07-22T16:10:19.510Z,GET,/customers/de510cf4-d037-461e-ac0b-04d11b6c0aad,200,1,6068.100,1505a365-44e1-40e8-98e7-de7bb90c58ce
2026-07-22T16:10:15.549Z,GET,/users/549271f4-5bcd-4e3c-80c2-8b61894e1a99,200,1,10058.437,5f080065-0bde-49fa-abaa-c9860a17b000
2026-07-22T16:10:22.141Z,GET,/users/d7d2d1e7-410e-4a68-9f44-a3f36750f7af,200,1,3473.143,a25eb0c7-8626-4144-bb42-99f0e3c08d69
2026-07-22T16:10:18.637Z,GET,/customers/de510cf4-d037-461e-ac0b-04d11b6c0aad,200,1,7007.892,47c74002-d3a1-4f07-b236-b202ce98be8b
2026-07-22T16:10:23.282Z,GET,/users/?page=1&pageSize=10,200,1,2365.465,4dd5b9e1-c86f-42db-8f75-34027062507b
2026-07-22T16:10:19.422Z,GET,/work/?page=1&pageSize=10,200,1,6242.172,e393335f-6dd2-45fe-acbd-f7ba5c0d1001
2026-07-22T16:10:14.520Z,GET,/workers/?page=1&pageSize=10,200,1,11164.790,c37cc8bb-3603-47f9-bed8-c023cc9c297d
2026-07-22T16:10:17.864Z,GET,/workers/?page=1&pageSize=10,200,1,7839.701,62c9662f-77fd-4bad-8a6c-cfc735c02834
2026-07-22T16:10:17.570Z,GET,/workers/?page=1&pageSize=10,200,1,8135.050,b7404173-e523-461f-a201-90f8058c073c
2026-07-22T16:10:20.443Z,GET,/work/?page=1&pageSize=10,200,1,5279.126,1a98a343-64eb-443d-8e09-1d6101a1b7e3
2026-07-22T16:10:12.617Z,GET,/users/549271f4-5bcd-4e3c-80c2-8b61894e1a99,200,1,13107.363,5267cad2-5cd6-4408-aa31-91daad6c17fa
2026-07-22T16:10:18.511Z,GET,/workers/?page=1&pageSize=10,200,1,7238.585,ffdb9047-e124-4df1-b450-02d22731a263
2026-07-22T16:10:13.201Z,GET,/users/549271f4-5bcd-4e3c-80c2-8b61894e1a99,200,1,12558.943,0178ecc6-bc00-41de-b1e3-83be1ba5028b
2026-07-22T16:10:19.877Z,GET,/orders/?page=1&pageSize=10,200,1,5982.932,13da0d69-16c0-4499-be94-ea95468e4b2d
2026-07-22T16:10:20.412Z,GET,/work/?page=1&pageSize=10,200,1,5457.671,4e78f776-432b-4d24-a639-656d35dc989f
2026-07-22T16:10:25.620Z,PATCH,/work/change-description,200,1,254.050,84ca6d8f-ba28-4718-bb1d-46b488bcdab4
2026-07-22T16:10:25.809Z,PATCH,/work/set-estimate,200,1,134.812,076b160a-2ca1-4556-ad54-2b6d0bea4265
2026-07-22T16:10:16.412Z,GET,/work/?page=1&pageSize=10,200,1,9532.610,36dcf273-7df1-490f-8301-de9537d49188
2026-07-22T16:10:19.774Z,GET,/cars/?page=1&pageSize=10,200,1,6179.642,a2541fd9-05d3-4946-be57-ce8cf261a6da
2026-07-22T16:10:23.351Z,GET,/customers/?page=1&pageSize=10,200,1,2653.619,bdc2878d-42f8-455a-b43f-dd94cb764f2b
2026-07-22T16:10:15.366Z,GET,/workers/?page=1&pageSize=10,200,1,10640.469,4f89ef23-040a-44f3-9cec-d9c40552e06e
2026-07-22T16:10:18.952Z,GET,/users/?page=1&pageSize=10,200,1,7058.295,08f2c8a3-5720-4145-9824-e454bc63fa52
2026-07-22T16:10:25.936Z,GET,/customers/b4a706d6-318f-40db-9246-59347c15dac0/with-cars,0,0,128.257,
2026-07-22T16:10:20.237Z,GET,/customers/b4a706d6-318f-40db-9246-59347c15dac0/with-cars,200,1,5829.284,8b17cbd0-c505-44e5-a456-ec71c7f9a5b0
2026-07-22T16:10:18.857Z,GET,/users/?page=1&pageSize=10,200,1,7213.635,d48ac29e-26e2-4d92-8b48-71b6783ffba6
2026-07-22T16:10:16.915Z,GET,/users/?page=1&pageSize=10,200,1,9161.883,23a22787-3a00-49eb-a2fd-2970863022fb
2026-07-22T16:10:23.771Z,GET,/cars/f629ac10-996c-4cde-a868-46688570fac7,200,1,2325.956,5f628da3-3672-4b79-8473-9121ea089b01
2026-07-22T16:10:22.865Z,GET,/customers/?page=1&pageSize=10,200,1,3261.060,6f8ebf2c-d9c0-4736-bb27-d011eb13d1f1
2026-07-22T16:10:23.746Z,GET,/work/29d16e15-2d48-4947-ab59-8a742c1729f8,200,1,2395.828,ffbf5b82-d186-4206-a7f6-72b3382293c8
2026-07-22T16:10:25.188Z,GET,/customers/?page=1&pageSize=10,200,1,976.515,23588a3a-d803-43ea-994d-fd9abbd01632
2026-07-22T16:10:18.149Z,GET,/workers/?page=1&pageSize=10,200,1,8066.350,cf6859b1-afe7-45fa-bdc3-0e0bb66262c4
2026-07-22T16:10:24.038Z,GET,/work/6793eefd-f19c-4adc-b3ac-1537cc981242,200,1,2184.765,12ff14d6-9efd-4416-86d8-f11de803e4a8
2026-07-22T16:10:19.130Z,GET,/orders/8b3c7b07-ec20-4a5f-b1a4-377b529f1a20,200,1,7095.885,2c482663-2f25-49fa-9910-36691a8c3dfc
2026-07-22T16:10:19.808Z,GET,/work/29d16e15-2d48-4947-ab59-8a742c1729f8,200,1,6424.140,dcf912b0-edad-4ca8-8b3c-89aa0f4424db
2026-07-22T16:10:22.296Z,GET,/cars/?page=1&pageSize=10,200,1,4024.315,8f3ecc3f-85c7-4813-83a1-2dacbf28cb23
2026-07-22T16:10:22.147Z,GET,/workers/?page=1&pageSize=10,200,1,4207.769,01b3c088-405e-48ec-a76a-b241514962a2
2026-07-22T16:10:25.740Z,PATCH,/orders/set-priority,200,1,647.855,83064919-0c2c-4aab-b1f8-768b8c8e1121
2026-07-22T16:10:19.121Z,GET,/customers/de510cf4-d037-461e-ac0b-04d11b6c0aad,200,1,7286.169,2523a2e5-bfad-4a65-ab31-aea7cacd5767
2026-07-22T16:10:19.325Z,GET,/workers/?page=1&pageSize=10,200,1,7085.307,d5f21e6a-30b5-46a6-9b53-0bedc3fe06f0
2026-07-22T16:10:18.898Z,GET,/work/6793eefd-f19c-4adc-b3ac-1537cc981242,200,1,7559.823,6becd444-081b-41f3-8ee0-ce0a634c7d3b
2026-07-22T16:10:19.125Z,GET,/work/6793eefd-f19c-4adc-b3ac-1537cc981242,200,1,7341.014,c1e5094a-1356-43d4-9b2d-be05a67330b0
2026-07-22T16:10:26.218Z,PATCH,/workers/change-role,200,1,251.016,3cf7e1be-5944-4909-8cce-73b8a760070a
2026-07-22T16:10:22.010Z,GET,/customers/de510cf4-d037-461e-ac0b-04d11b6c0aad,200,1,4466.649,716e956e-b6c2-4a3d-9a41-9ab1f6ac1811
2026-07-22T16:10:22.958Z,GET,/workers/8142efaf-aba3-4c1b-b97c-f8b419f7aa0c,200,1,3543.636,3ba3158f-e470-45ab-a467-8849c38e9eac
2026-07-22T16:10:18.536Z,GET,/orders/?page=1&pageSize=10,200,1,8035.400,c03e24a9-82b1-455e-900e-d2ae88dc7af3
2026-07-22T16:10:18.252Z,GET,/orders/?page=1&pageSize=10,200,1,8326.699,27aa05a7-4d85-4afd-9382-c30c9751e465
2026-07-22T16:10:18.979Z,GET,/cars/?page=1&pageSize=10,200,1,7612.047,5e163284-3c58-4a13-969a-c3c14d33cf24
2026-07-22T16:10:17.531Z,GET,/cars/?page=1&pageSize=10,200,1,9163.642,4cb87400-4b23-45b1-aac3-d932329dc791
2026-07-22T16:10:17.612Z,GET,/workers/8142efaf-aba3-4c1b-b97c-f8b419f7aa0c,200,1,9127.915,3be4cd2a-f251-4e21-833e-fc73393faac9
2026-07-22T16:10:20.748Z,GET,/work/?page=1&pageSize=10,200,1,6016.954,ce56139a-8740-4c75-b06e-dee9f0d9c668
2026-07-22T16:10:18.357Z,GET,/customers/?page=1&pageSize=10,200,1,8412.033,a7f2b2d4-1fe4-4b17-a961-2df9735d2e33
2026-07-22T16:10:17.904Z,GET,/orders/c6027a52-fbfc-4001-9a61-c985ab2f10b4,200,1,8898.906,b5864b91-312b-4691-bfbc-e667974ea82c
2026-07-22T16:10:17.957Z,GET,/customers/?page=1&pageSize=10,200,1,8852.053,c1e443b9-1fb7-4ead-82ad-7bd3525801cd
2026-07-22T16:10:17.591Z,GET,/orders/?page=1&pageSize=10,200,1,9233.668,78bdef27-9c6b-4e23-9bde-0aa69890e853
2026-07-22T16:10:17.602Z,GET,/work/?page=1&pageSize=10,200,1,9244.584,84252b49-4bc8-43c4-9ea9-2f143f59ce77
2026-07-22T16:10:23.801Z,GET,/customers/b4a706d6-318f-40db-9246-59347c15dac0,200,1,3053.626,e9f62eff-666a-4609-90f9-050224a6e671
2026-07-22T16:10:26.781Z,PATCH,/work/change-description,200,1,121.722,2917cd46-1231-4f6a-9cc5-fb1a935df76a
2026-07-22T16:10:24.048Z,GET,/orders/8b3c7b07-ec20-4a5f-b1a4-377b529f1a20,200,1,2863.109,013bbab3-1bcf-4564-8843-8e41a79acb70
2026-07-22T16:10:26.789Z,PATCH,/workers/change-role,200,1,131.370,007a84ea-9dab-458e-ad37-aab66f376a55
2026-07-22T16:10:18.664Z,GET,/customers/b4a706d6-318f-40db-9246-59347c15dac0,200,1,8259.103,6ecbdbd2-0b6b-486f-8efb-32a00a8adabb
2026-07-22T16:10:22.320Z,GET,/orders/?page=1&pageSize=10,200,1,4636.791,bc28ac45-8e60-49fd-853e-382bc659491f
2026-07-22T16:10:16.664Z,GET,/work/?page=1&pageSize=10,200,1,10305.467,da5a6f54-3d05-4d03-9e12-0d0f6b491878
2026-07-22T16:10:26.870Z,PATCH,/customers/change-contacts,200,1,138.921,29f13086-090f-440b-a435-149932d78d76
2026-07-22T16:10:20.317Z,GET,/customers/b4a706d6-318f-40db-9246-59347c15dac0/with-cars,200,1,6769.398,f5d6b0df-c495-41ab-99ff-8be74eed047c
2026-07-22T16:10:25.877Z,GET,/cars/4c23ae8d-6be0-4105-964d-f1ddf1199d0f,200,1,1232.731,9efb8b54-9da4-45f0-afe4-6c7bb6a697ef
2026-07-22T16:10:17.934Z,GET,/customers/de510cf4-d037-461e-ac0b-04d11b6c0aad,200,1,9204.527,c8ac86f1-4af5-4705-80ca-7b7ad02b81f3
2026-07-22T16:10:24.041Z,GET,/cars/f629ac10-996c-4cde-a868-46688570fac7,200,1,3116.579,82dfbfd9-7354-47fc-aa6a-7a277a0ad756
2026-07-22T16:10:25.422Z,GET,/orders/?page=1&pageSize=10,200,1,1829.881,08f2dc23-9a15-45d5-ad73-c027ac5b79d0
2026-07-22T16:10:20.576Z,GET,/orders/?page=1&pageSize=10,200,1,6682.366,dc6e7e58-0e53-498a-902f-8f2c4ebb8332
2026-07-22T16:10:22.276Z,GET,/customers/?page=1&pageSize=10,200,1,5001.390,7a09e050-359c-4038-8468-79460e7e6666
2026-07-22T16:10:19.449Z,GET,/users/d7d2d1e7-410e-4a68-9f44-a3f36750f7af,200,1,7830.738,52da2e70-3b14-45f1-9f51-aa07ca73fbad
2026-07-22T16:10:20.510Z,GET,/cars/4c23ae8d-6be0-4105-964d-f1ddf1199d0f,200,1,6771.172,6b01e764-e0d0-4484-bcf3-6de9ae36316f
2026-07-22T16:10:19.180Z,GET,/workers/8142efaf-aba3-4c1b-b97c-f8b419f7aa0c,200,1,8130.039,4906864f-709c-48d5-8870-9db9d25f1244
2026-07-22T16:10:18.877Z,GET,/orders/?page=1&pageSize=10,200,1,8458.780,f8864d61-99e8-4506-924a-8fd4cc394263
2026-07-22T16:10:25.511Z,GET,/orders/?page=1&pageSize=10,200,1,1833.657,5b7e4a4d-0dcb-4350-801c-10c2f52cb2b7
2026-07-22T16:10:21.237Z,GET,/users/d7d2d1e7-410e-4a68-9f44-a3f36750f7af,200,1,6113.092,912fa32b-84da-46c9-926c-236c35f6b774
2026-07-22T16:10:23.954Z,GET,/work/29d16e15-2d48-4947-ab59-8a742c1729f8,200,1,3420.098,d99e24fc-212b-4081-8f33-422260a260ae
2026-07-22T16:10:21.211Z,GET,/work/?page=1&pageSize=10,200,1,6162.907,889f13b4-bb8e-44c0-9eba-452dcbde1e77
2026-07-22T16:10:17.782Z,GET,/work/?page=1&pageSize=10,200,1,9605.138,414274b0-ef91-4632-8ea6-d177c008fd59
2026-07-22T16:10:17.594Z,GET,/orders/?page=1&pageSize=10,200,1,9821.475,b98bf90a-a8f2-42bf-b1d1-718791c3e871
2026-07-22T16:10:21.963Z,GET,/orders/?page=1&pageSize=10,200,1,5472.827,90411e99-290a-4d23-9fd6-086233efc579
2026-07-22T16:10:27.321Z,PATCH,/orders/set-priority,200,1,131.668,be67a766-83aa-4e83-ae84-74cb45ac5476
2026-07-22T16:10:22.992Z,GET,/users/d7d2d1e7-410e-4a68-9f44-a3f36750f7af,200,1,4472.101,4cb16792-1246-4fbe-a613-bd0f064c98e2
2026-07-22T16:10:16.645Z,GET,/users/?page=1&pageSize=10,200,1,10846.378,0b3916fb-db45-4269-8b00-1cfa6b110602
2026-07-22T16:10:18.010Z,GET,/workers/8142efaf-aba3-4c1b-b97c-f8b419f7aa0c,200,1,9505.384,26be4b38-f8ce-4bfa-aa17-894a9cf25e62
2026-07-22T16:10:19.690Z,GET,/orders/550f7644-5f85-4bc1-88ff-2b7aa1045946,200,1,7838.534,b33f2c1b-2651-40c3-95f1-08badeb1f127
2026-07-22T16:10:21.784Z,GET,/users/?page=1&pageSize=10,200,1,5909.228,cc298efa-a5f3-4727-9789-10910c72e2dd
2026-07-22T16:10:23.649Z,GET,/users/?page=1&pageSize=10,200,1,4080.290,9484d737-da55-41ce-9eea-787b4795163d
2026-07-22T16:10:27.615Z,POST,/orders/,200,1,123.661,dfd9f0b8-01c4-4015-a360-9b7c1c12cc18
2026-07-22T16:10:22.994Z,GET,/cars/f629ac10-996c-4cde-a868-46688570fac7,200,1,4758.475,bd28aa6b-2093-4bcc-9582-3693815dac9c
2026-07-22T16:10:23.487Z,GET,/work/29d16e15-2d48-4947-ab59-8a742c1729f8,200,1,4283.306,e0113f60-0e7e-4a21-8162-3e8cbabb24a3
2026-07-22T16:10:23.930Z,GET,/users/?page=1&pageSize=10,200,1,3849.440,bf8708ce-d984-4338-8da3-b51e835f81c4
2026-07-22T16:10:27.653Z,PATCH,/work/change-description,200,1,129.728,debb469c-8d37-478f-8009-f1e00b8e027e
2026-07-22T16:10:21.038Z,GET,/work/29d16e15-2d48-4947-ab59-8a742c1729f8,200,1,6818.818,51413f47-f4e2-4868-9e96-8d38398fc586
2026-07-22T16:10:23.031Z,GET,/workers/?page=1&pageSize=10,200,1,4852.285,585c1af9-d3fd-4dc4-ae14-aab67241f3f0
2026-07-22T16:10:18.194Z,GET,/work/?page=1&pageSize=10,200,1,9729.877,e4d9471b-cbb9-4636-b8a0-a86528aff7ab
2026-07-22T16:10:22.129Z,GET,/orders/550f7644-5f85-4bc1-88ff-2b7aa1045946,200,1,5806.963,f98cd6bd-8937-4047-90f2-cd7026f9fee0
2026-07-22T16:10:16.835Z,GET,/orders/8b3c7b07-ec20-4a5f-b1a4-377b529f1a20,200,1,11110.745,7c77c2dd-7a23-4793-9d15-cb7ac9aeb3e0
2026-07-22T16:10:22.863Z,GET,/orders/?page=1&pageSize=10,200,1,5084.017,fcb25e00-1e63-4657-afa4-43ce8631fa36
2026-07-22T16:10:20.973Z,GET,/users/?page=1&pageSize=10,200,1,6991.573,bd65bd7f-6963-4428-9b33-ac2b8238fac9
2026-07-22T16:10:26.182Z,GET,/customers/b4a706d6-318f-40db-9246-59347c15dac0/with-cars,200,1,1802.634,4d67d64a-25e2-4784-83e5-dc930a71d0f8
2026-07-22T16:10:22.507Z,GET,/orders/?page=1&pageSize=10,200,1,5520.670,1040958a-4002-49e2-ae64-548058e0ad11
2026-07-22T16:10:22.518Z,GET,/workers/8142efaf-aba3-4c1b-b97c-f8b419f7aa0c,200,1,5511.205,2a5c7ce8-cfa8-4f51-9594-17b5bac9d8f8
2026-07-22T16:10:27.937Z,GET,/work/6793eefd-f19c-4adc-b3ac-1537cc981242,0,0,107.690,
2026-07-22T16:10:18.470Z,GET,/users/?page=1&pageSize=10,200,1,9614.388,68765629-c9a6-4746-acc2-28fe3bd3b94c
2026-07-22T16:10:21.418Z,GET,/users/d7d2d1e7-410e-4a68-9f44-a3f36750f7af,200,1,6701.263,601c0949-ce7b-4a91-84a7-006334500f0e
2026-07-22T16:10:19.591Z,GET,/cars/?page=1&pageSize=10,200,1,8538.840,dc916b02-b5c8-4da1-baa0-04b0f16bd3ec
2026-07-22T16:10:25.577Z,GET,/cars/?page=1&pageSize=10,200,1,2553.897,c8d087b7-305f-4321-8a72-d2f86db60d9c
2026-07-22T16:10:19.662Z,GET,/cars/?page=1&pageSize=10,200,1,8525.297,3a1c8653-2a55-4f76-b1bc-57d456e8ad88
2026-07-22T16:10:20.020Z,GET,/users/?page=1&pageSize=10,200,1,8200.307,aab55f92-9357-4f51-b01a-327310322190
2026-07-22T16:10:28.108Z,PATCH,/users/change-password,200,1,123.126,5e76915e-50bf-425b-bcc0-32ed63560619
2026-07-22T16:10:21.936Z,GET,/workers/8142efaf-aba3-4c1b-b97c-f8b419f7aa0c,200,1,6300.648,be7f8685-bfaa-4146-b93e-06ab33200c6a
2026-07-22T16:10:19.358Z,GET,/orders/?page=1&pageSize=10,200,1,8881.765,3f1e041a-b460-466a-822e-177270cdeece
2026-07-22T16:10:20.136Z,GET,/cars/4c23ae8d-6be0-4105-964d-f1ddf1199d0f,200,1,8118.461,b2b0e4da-0f9c-4e0b-aaed-c2e4ede6527a
2026-07-22T16:10:23.299Z,GET,/work/6793eefd-f19c-4adc-b3ac-1537cc981242,200,1,5114.817,4bcb445e-7496-462f-ad4c-34044f87403e
2026-07-22T16:10:17.053Z,GET,/customers/b4a706d6-318f-40db-9246-59347c15dac0/with-cars,200,1,11362.611,13b4fbc0-6c31-4dec-b534-843339579078
2026-07-22T16:10:22.550Z,GET,/cars/4c23ae8d-6be0-4105-964d-f1ddf1199d0f,200,1,5871.874,6773da7e-ab1b-403d-8bfc-d6ac2367ee8c
2026-07-22T16:10:21.493Z,GET,/work/?page=1&pageSize=10,200,1,6947.928,f34cc6b8-0c99-4a07-bf48-b8b4648729a1
2026-07-22T16:10:20.073Z,GET,/customers/b4a706d6-318f-40db-9246-59347c15dac0,200,1,8396.282,614bf325-7e34-41a3-b46e-04eab76d8519
2026-07-22T16:10:24.200Z,GET,/work/?page=1&pageSize=10,200,1,4285.154,b2a04077-a51e-4e0f-aa82-4ce8e24d401d
2026-07-22T16:10:21.495Z,GET,/users/d7d2d1e7-410e-4a68-9f44-a3f36750f7af,200,1,6993.300,d2d66ddc-c9f5-4b7b-86f9-715cb1b609a2
2026-07-22T16:10:19.146Z,GET,/workers/?page=1&pageSize=10,200,1,9407.164,6460da4c-2024-4db6-a023-5c7fd5c70f28
2026-07-22T16:10:20.937Z,GET,/orders/c6027a52-fbfc-4001-9a61-c985ab2f10b4,200,1,7624.547,204f75de-460a-46c8-942e-405ade52f3f7
2026-07-22T16:10:21.447Z,GET,/customers/b4a706d6-318f-40db-9246-59347c15dac0,200,1,7122.039,9a05ad13-5bb2-4158-afce-6c11fbafeafe
2026-07-22T16:10:27.950Z,PATCH,/orders/set-priority,200,1,646.888,feb7ddcd-3ff3-4739-945c-14ce1f2ccd75
2026-07-22T16:10:20.826Z,GET,/workers/?page=1&pageSize=10,200,1,7795.944,ba8fe699-0774-4f2b-bf0f-485320207c98
2026-07-22T16:10:21.976Z,GET,/work/29d16e15-2d48-4947-ab59-8a742c1729f8,200,1,6691.169,54cf3ddb-9257-4cae-a4e1-1ca53f53d168
2026-07-22T16:10:25.902Z,GET,/orders/?page=1&pageSize=10,200,1,2827.059,1a046e1d-3d0f-4e7e-b9c3-1d1d36197066
2026-07-22T16:10:20.410Z,GET,/customers/b4a706d6-318f-40db-9246-59347c15dac0,200,1,8322.023,ec708a39-de1e-4d8a-84f3-fff909b366a1
2026-07-22T16:10:21.328Z,GET,/customers/b4a706d6-318f-40db-9246-59347c15dac0/with-cars,200,1,7508.568,89edfc06-639c-4b00-95c3-c5b05ff9f5f9
2026-07-22T16:10:21.427Z,GET,/cars/f629ac10-996c-4cde-a868-46688570fac7,200,1,7425.024,6207ba7e-6203-45b1-8196-b2fc62b23705
2026-07-22T16:10:22.811Z,GET,/customers/b4a706d6-318f-40db-9246-59347c15dac0/with-cars,200,1,6056.365,49e48483-f68c-4fae-b2a9-ca1defbb7848
2026-07-22T16:10:17.701Z,GET,/users/549271f4-5bcd-4e3c-80c2-8b61894e1a99,200,1,11243.984,208cf717-9848-4276-8d4e-adecb420c154
2026-07-22T16:10:18.289Z,GET,/users/?page=1&pageSize=10,200,1,10664.496,6c8f6c40-1eec-481a-8266-c062c4360c82
2026-07-22T16:10:21.214Z,GET,/work/29d16e15-2d48-4947-ab59-8a742c1729f8,200,1,7753.466,e050c2c2-8d12-4b8f-a763-aeefbf8a0d47
2026-07-22T16:10:24.865Z,GET,/customers/b4a706d6-318f-40db-9246-59347c15dac0/with-cars,200,1,4105.736,eb2bfb6b-d5fe-4eae-8282-6859a7000c6f
2026-07-22T16:10:21.468Z,GET,/orders/?page=1&pageSize=10,200,1,7547.183,6ef8b5a8-4266-40f2-91bc-51035e37d977
2026-07-22T16:10:18.806Z,GET,/cars/f629ac10-996c-4cde-a868-46688570fac7,200,1,10210.727,b08d4531-2ae9-469f-a243-b43d2442db5c
2026-07-22T16:10:28.941Z,POST,/cars/,200,1,131.764,e5f7689c-7f37-49cb-b829-5bd7c2ab387e
2026-07-22T16:10:22.266Z,GET,/cars/?page=1&pageSize=10,200,1,6835.964,dc3bf951-6687-44e0-8a81-60e003830a25
2026-07-22T16:10:20.815Z,GET,/work/?page=1&pageSize=10,200,1,8298.356,92e01574-3705-4ca5-848a-2b36b8f9cce4
2026-07-22T16:10:19.013Z,GET,/cars/f629ac10-996c-4cde-a868-46688570fac7,200,1,10102.377,97a21546-55d4-4cad-ba20-09b3c784d981
2026-07-22T16:10:27.308Z,GET,/work/6793eefd-f19c-4adc-b3ac-1537cc981242,200,1,1808.336,ae77cde1-04af-43f1-8614-8dbb8614f5ae
2026-07-22T16:10:23.330Z,GET,/customers/?page=1&pageSize=10,200,1,5788.459,014b5a6a-69a3-47fc-8a47-8b88b77afa59
2026-07-22T16:10:20.429Z,GET,/users/549271f4-5bcd-4e3c-80c2-8b61894e1a99,200,1,8700.667,81ffd0cf-eba4-4dff-a062-30f6ae3e7244
2026-07-22T16:10:20.049Z,GET,/customers/b4a706d6-318f-40db-9246-59347c15dac0/with-cars,200,1,9107.787,1c3f2766-35c9-4d1a-95d0-399f64be1569
2026-07-22T16:10:20.342Z,GET,/work/6793eefd-f19c-4adc-b3ac-1537cc981242,200,1,8829.707,121cd595-3cec-44a4-97c1-76c7f290c7b6
2026-07-22T16:10:25.409Z,GET,/work/6793eefd-f19c-4adc-b3ac-1537cc981242,200,1,3787.355,a58a38d2-3e47-4d11-9163-83486f4b5f11
2026-07-22T16:10:24.990Z,GET,/orders/?page=1&pageSize=10,200,1,4232.740,70ae4e2c-ef1a-4581-a9d2-255de9f53661
2026-07-22T16:10:20.852Z,GET,/users/d7d2d1e7-410e-4a68-9f44-a3f36750f7af,200,1,8393.603,ebd4118e-f40a-4f2e-b432-573499d8f9ec
2026-07-22T16:10:22.374Z,GET,/workers/?page=1&pageSize=10,200,1,6897.773,a53d1207-e0e3-4203-bbac-26d7138efa32
2026-07-22T16:10:20.232Z,GET,/orders/550f7644-5f85-4bc1-88ff-2b7aa1045946,200,1,9047.592,0c2268c5-1424-449a-9548-4e3aaa5eb6b8
2026-07-22T16:10:29.046Z,POST,/cars/,200,1,254.794,1c3a9f8d-da0f-44c3-a959-84af955608fd
2026-07-22T16:10:28.215Z,GET,/workers/?page=1&pageSize=10,200,1,1103.553,dc0344c3-529c-4420-ac92-57aa35ff7eb7
2026-07-22T16:10:19.759Z,GET,/workers/?page=1&pageSize=10,200,1,9573.432,94aff750-bdeb-49e8-aefa-b10f5cf17183
2026-07-22T16:10:19.066Z,GET,/users/d7d2d1e7-410e-4a68-9f44-a3f36750f7af,200,1,10278.598,cf3e861c-9ff8-4cfa-ba27-566f03351a70
2026-07-22T16:10:19.308Z,GET,/users/?page=1&pageSize=10,200,1,10039.678,33490a89-3d39-45f7-89b1-5a017f3a2213
2026-07-22T16:10:22.565Z,GET,/customers/?page=1&pageSize=10,200,1,6787.669,99f5ac8d-d63d-438b-af48-e63803d94dd5
2026-07-22T16:10:20.529Z,GET,/users/549271f4-5bcd-4e3c-80c2-8b61894e1a99,200,1,8848.976,03207dd9-9673-479c-bb94-5ede322a06ff
2026-07-22T16:10:23.665Z,GET,/work/29d16e15-2d48-4947-ab59-8a742c1729f8,200,1,5733.671,24b54cb7-cc42-473f-b445-30c2e97b38fc
2026-07-22T16:10:19.420Z,GET,/orders/?page=1&pageSize=10,200,1,10005.469,42b0c6eb-6797-485a-aa16-0a775685a836
2026-07-22T16:10:24.565Z,GET,/customers/b4a706d6-318f-40db-9246-59347c15dac0/with-cars,200,1,4868.869,a003f2d5-b546-427b-8d62-e2dd674440b3
2026-07-22T16:10:15.169Z,GET,/orders/?page=1&pageSize=10,200,1,14273.453,46d93c4c-798c-447a-ba8b-83bab06c48ad
2026-07-22T16:10:23.295Z,GET,/users/d7d2d1e7-410e-4a68-9f44-a3f36750f7af,200,1,6169.085,772a1bc6-7835-4272-ae63-2a4cc13300b0
2026-07-22T16:10:23.901Z,GET,/cars/f629ac10-996c-4cde-a868-46688570fac7,200,1,5580.068,d938b4b4-6867-4ef0-a77f-5eb0db5f4745
2026-07-22T16:10:22.702Z,GET,/users/d7d2d1e7-410e-4a68-9f44-a3f36750f7af,200,1,6821.877,206b6d7a-3a1c-4d1a-ac77-80c0c21814ec
2026-07-22T16:10:20.619Z,GET,/users/?page=1&pageSize=10,200,1,8917.342,b9f59a0a-b83b-4094-8766-edc3879db9a1
2026-07-22T16:10:18.154Z,GET,/orders/?page=1&pageSize=10,200,1,11410.478,015f0520-e520-462e-9b01-65a6bbd7ee30
2026-07-22T16:10:23.098Z,GET,/customers/b4a706d6-318f-40db-9246-59347c15dac0/with-cars,200,1,6479.552,c8ef0018-20cf-4c18-814e-43d8a20b90b1
2026-07-22T16:10:18.535Z,GET,/customers/b4a706d6-318f-40db-9246-59347c15dac0/with-cars,200,1,11043.351,eeb9f5ad-333c-4794-a4ac-09791d9be715
2026-07-22T16:10:29.578Z,GET,/workers/8142efaf-aba3-4c1b-b97c-f8b419f7aa0c,0,0,0.373,
2026-07-22T16:10:20.514Z,GET,/users/?page=1&pageSize=10,200,1,9076.056,33fd0b12-cf25-49e4-9b35-b237fe060d9b
2026-07-22T16:10:18.905Z,GET,/users/549271f4-5bcd-4e3c-80c2-8b61894e1a99,200,1,10719.685,cdfc1e6e-39a2-4dd1-9495-e709318340ae
2026-07-22T16:10:25.907Z,GET,/cars/f629ac10-996c-4cde-a868-46688570fac7,200,1,3760.715,2064250c-c733-4683-9412-b9e64af378f5
2026-07-22T16:10:26.020Z,GET,/work/6793eefd-f19c-4adc-b3ac-1537cc981242,200,1,3681.015,ca0816c9-a1e6-4b3a-94b0-2eabd60a027c
2026-07-22T16:10:21.705Z,GET,/orders/c6027a52-fbfc-4001-9a61-c985ab2f10b4,200,1,8025.585,af04e73a-7f70-436a-843b-a45b77ac3491
2026-07-22T16:10:29.290Z,PATCH,/work/change-description,200,1,452.039,261050a0-1bfd-4cfd-af1c-184bbac543dc
2026-07-22T16:10:28.063Z,GET,/customers/?page=1&pageSize=10,200,1,1694.727,2c20ab5f-ba19-4c4e-b25d-7d3469af1230
2026-07-22T16:10:19.423Z,GET,/cars/?page=1&pageSize=10,200,1,10418.675,80318547-5fad-4390-863a-f299dfdecbb6
2026-07-22T16:10:27.671Z,GET,/orders/8b3c7b07-ec20-4a5f-b1a4-377b529f1a20,200,1,2190.868,5cf44872-e18b-4ca9-8028-b44dafefb830
2026-07-22T16:10:22.923Z,GET,/customers/b4a706d6-318f-40db-9246-59347c15dac0,200,1,6941.769,1c5935f9-69bc-4c40-9045-548e9c4d8822
2026-07-22T16:10:22.824Z,GET,/workers/8142efaf-aba3-4c1b-b97c-f8b419f7aa0c,200,1,7052.126,fc5c3c9f-ef76-4a45-a29d-cc4d578b4ab3
2026-07-22T16:10:24.366Z,GET,/work/?page=1&pageSize=10,200,1,5519.108,e73bd465-c64a-4cc1-93f1-28412b1ca125
2026-07-22T16:10:25.349Z,GET,/customers/b4a706d6-318f-40db-9246-59347c15dac0/with-cars,200,1,4560.689,be5c0c73-38ed-4e6b-a472-30a1cda7e2ff
2026-07-22T16:10:26.807Z,GET,/customers/3eeca84a-edac-4c04-97e5-44a16d262300,200,1,3185.283,3469cd58-bde5-4813-a2c0-97a2a46856b8
2026-07-22T16:10:29.869Z,PATCH,/cars/record-mileage,200,1,134.328,2f3f44f5-eb5b-4987-903b-8a914a843377
2026-07-22T16:10:29.925Z,POST,/customers/,200,1,133.641,2c3e3b4f-08e5-4d51-b952-e6e09ad69b2a
2026-07-22T16:10:23.495Z,GET,/customers/b4a706d6-318f-40db-9246-59347c15dac0/with-cars,200,1,6587.692,92d10a2b-7c9d-47db-9507-13cde81803db
2026-07-22T16:10:24.621Z,GET,/cars/f629ac10-996c-4cde-a868-46688570fac7,200,1,5511.281,07f72a74-bc99-4092-83f2-fb8db29f32a7
2026-07-22T16:10:22.651Z,GET,/work/?page=1&pageSize=10,200,1,7484.471,7bf0a9af-3a2e-46e6-8c86-9438f4d34637
2026-07-22T16:10:23.191Z,GET,/work/29d16e15-2d48-4947-ab59-8a742c1729f8,200,1,6962.408,c8e736e6-9305-4543-8361-2b39f12aecce
2026-07-22T16:10:19.801Z,GET,/orders/?page=1&pageSize=10,200,1,10379.640,d7ef5eb2-05c6-4b47-8a4c-49f6df67b5bd
2026-07-22T16:10:23.500Z,GET,/cars/f629ac10-996c-4cde-a868-46688570fac7,200,1,6702.978,961ad4c2-b983-4477-b656-fd0d03574ee9
2026-07-22T16:10:30.093Z,PATCH,/customers/change-contacts,200,1,138.421,308e2462-de08-4b27-b8c4-58a77a174837
2026-07-22T16:10:26.269Z,GET,/orders/8b3c7b07-ec20-4a5f-b1a4-377b529f1a20,200,1,3969.825,60af843a-7ad2-4f5e-8f50-60027a972730
2026-07-22T16:10:22.825Z,GET,/work/6793eefd-f19c-4adc-b3ac-1537cc981242,200,1,7419.243,d5654f8b-6f3f-4256-90f9-7b63cd510c89
2026-07-22T16:10:21.565Z,GET,/cars/f629ac10-996c-4cde-a868-46688570fac7,200,1,8705.295,43c17af2-d611-4b32-8027-be19964da7c6
2026-07-22T16:10:26.147Z,GET,/customers/?page=1&pageSize=10,200,1,4176.001,d8b1a630-281e-4ccf-8846-6d2696f67e6f
2026-07-22T16:10:16.470Z,GET,/users/?page=1&pageSize=10,200,1,13900.735,9b497afe-549c-409c-be2a-f99222e8c13e
2026-07-22T16:10:26.909Z,GET,/cars/9665e185-530d-4f15-bcbe-f825a8d53dec,200,1,3478.205,a874fde2-4e1c-453d-87bd-63f2dbb1e2e2
2026-07-22T16:10:24.902Z,GET,/work/?page=1&pageSize=10,200,1,5494.214,2b4577a6-5f99-4f8f-bf7f-a24585ee72de
2026-07-22T16:10:21.318Z,GET,/customers/b4a706d6-318f-40db-9246-59347c15dac0/with-cars,200,1,9080.349,64b0d75d-b43e-44de-9454-56d6b7fbca20
2026-07-22T16:10:29.294Z,GET,/customers/?page=1&pageSize=10,200,1,1112.490,f0b0aff0-3504-43a2-9cae-e084f3654d20
2026-07-22T16:10:20.461Z,GET,/orders/c6027a52-fbfc-4001-9a61-c985ab2f10b4,200,1,9972.334,427a0e53-0567-4c03-b379-a75097a74fdb
2026-07-22T16:10:27.176Z,GET,/customers/?page=1&pageSize=10,200,1,3258.895,2776be4a-855d-403b-a832-ec175c59b8c4
2026-07-22T16:10:18.133Z,GET,/users/549271f4-5bcd-4e3c-80c2-8b61894e1a99,200,1,12309.473,e69f5f17-a2f4-4a78-85b8-88fa0033031b
2026-07-22T16:10:21.890Z,GET,/customers/b4a706d6-318f-40db-9246-59347c15dac0/with-cars,200,1,8599.927,34b44a67-48ec-4f84-9112-414d2b96af65
2026-07-22T16:10:23.814Z,GET,/work/?page=1&pageSize=10,200,1,6728.290,3bcb9801-5eaf-4288-895e-297026b87063
2026-07-22T16:10:21.455Z,GET,/work/6793eefd-f19c-4adc-b3ac-1537cc981242,200,1,9127.575,3839206d-360d-482c-904c-3c647c1af70c
2026-07-22T16:10:30.464Z,PATCH,/work/change-description,200,1,131.678,159920c7-0ada-4884-80fe-6ad26a48fe1c
2026-07-22T16:10:25.062Z,GET,/workers/8142efaf-aba3-4c1b-b97c-f8b419f7aa0c,200,1,5539.518,cd2686ff-721b-42e7-a1b5-fddd4f3cce75
2026-07-22T16:10:26.796Z,GET,/users/d7d2d1e7-410e-4a68-9f44-a3f36750f7af,200,1,3837.673,ebca5cdd-974e-4107-9600-fe1c23ea660c
2026-07-22T16:10:25.900Z,GET,/orders/?page=1&pageSize=10,200,1,4761.290,462280cb-78ec-4b35-9f66-4aeaf0998a42
2026-07-22T16:10:18.380Z,GET,/users/?page=1&pageSize=10,200,1,12341.592,6809abdc-a5ef-4bdb-ab12-e26c6be2f1aa
2026-07-22T16:10:23.978Z,GET,/work/?page=1&pageSize=10,200,1,6751.404,57366d65-5949-41c2-9d1c-e7b7dbef4a2b
2026-07-22T16:10:28.409Z,GET,/users/d7d2d1e7-410e-4a68-9f44-a3f36750f7af,200,1,2336.770,b03b54c0-1d7c-427a-b080-34513398b15a
2026-07-22T16:10:23.950Z,GET,/work/?page=1&pageSize=10,200,1,6833.742,20b4b8c9-44a5-4d34-a243-204ea15c018c
2026-07-22T16:10:25.488Z,GET,/work/6793eefd-f19c-4adc-b3ac-1537cc981242,200,1,5361.843,0985899e-09ef-4fc8-bb8a-4dfbae055b5b
2026-07-22T16:10:23.030Z,GET,/users/?page=1&pageSize=10,200,1,7836.744,ae6e92d7-27c1-4f9e-9f3c-7968813d3db8
2026-07-22T16:10:22.728Z,GET,/orders/c6027a52-fbfc-4001-9a61-c985ab2f10b4,200,1,8151.016,4bd513ff-4991-4df3-923b-08b5ff771f4d
2026-07-22T16:10:21.708Z,GET,/customers/b4a706d6-318f-40db-9246-59347c15dac0/with-cars,200,1,9199.587,f6d509c3-98a3-4838-8fe1-438976c52d64
2026-07-22T16:10:26.805Z,GET,/users/?page=1&pageSize=10,200,1,4126.151,291c5f92-cd05-4b49-8e01-a80a92794182
2026-07-22T16:10:20.527Z,GET,/users/549271f4-5bcd-4e3c-80c2-8b61894e1a99,200,1,10428.058,bb9181a9-572e-426d-b813-fd30905ca94d
2026-07-22T16:10:28.282Z,GET,/users/d7d2d1e7-410e-4a68-9f44-a3f36750f7af,200,1,2684.546,4e8de2ce-2220-46ed-ac43-cc6a7d59f2f4
2026-07-22T16:10:24.164Z,GET,/orders/c6027a52-fbfc-4001-9a61-c985ab2f10b4,200,1,6838.537,5f16d4a2-fd4f-4113-9979-194234981cb1
2026-07-22T16:10:21.466Z,GET,/users/549271f4-5bcd-4e3c-80c2-8b61894e1a99,200,1,9548.168,689e1c39-d92d-4fc3-9758-aea79798ae9b
2026-07-22T16:10:24.515Z,GET,/work/6793eefd-f19c-4adc-b3ac-1537cc981242,200,1,6507.834,2ff19439-fefe-43f5-8405-7e911218f1c5
2026-07-22T16:10:28.359Z,GET,/orders/8b3c7b07-ec20-4a5f-b1a4-377b529f1a20,200,1,2693.877,56780a12-5c37-45d4-887b-ecf5284a88e2
2026-07-22T16:10:20.279Z,GET,/workers/8142efaf-aba3-4c1b-b97c-f8b419f7aa0c,200,1,10786.960,05d709d1-e693-4259-b9f8-4aad1a22bab5
2026-07-22T16:10:28.512Z,GET,/cars/?page=1&pageSize=10,200,1,2568.030,cd6331e1-0bec-410d-9062-2030e3e6ac4d
2026-07-22T16:10:29.306Z,GET,/cars/f629ac10-996c-4cde-a868-46688570fac7,200,1,1822.618,3420a157-f730-4bb2-b013-ecd8c0aa4f37
2026-07-22T16:10:30.224Z,GET,/orders/7102ccba-e3e9-472b-bbdf-079acb42c422,200,1,972.526,18b9eb65-ddcb-47e8-b9c4-07ee059cbc5e
2026-07-22T16:10:26.989Z,GET,/workers/8142efaf-aba3-4c1b-b97c-f8b419f7aa0c,200,1,4217.290,5e07bcdd-8ca9-4082-b142-4129c455debb
2026-07-22T16:10:24.436Z,GET,/users/549271f4-5bcd-4e3c-80c2-8b61894e1a99,200,1,6779.362,b4dd0eee-e019-4767-ad33-d83b168be0ac
2026-07-22T16:10:23.454Z,GET,/workers/8142efaf-aba3-4c1b-b97c-f8b419f7aa0c,200,1,7795.382,fa5e2b71-ebc5-418d-a8f7-a31c2085a702
2026-07-22T16:10:23.483Z,GET,/work/?page=1&pageSize=10,200,1,7780.590,93be3f77-27a6-4538-8852-4970b4f7c1ed
2026-07-22T16:10:21.722Z,GET,/cars/f629ac10-996c-4cde-a868-46688570fac7,200,1,9551.478,7985c7d3-3442-486c-b555-707a6e1a6638
2026-07-22T16:10:23.726Z,GET,/users/549271f4-5bcd-4e3c-80c2-8b61894e1a99,200,1,7606.030,7643c196-e78d-4ce2-9e32-867fd76d9a3d
2026-07-22T16:10:21.855Z,GET,/cars/?page=1&pageSize=10,200,1,9480.497,dba0ffc2-8b3b-438c-b484-99c8342ff0d2
2026-07-22T16:10:28.155Z,GET,/orders/?page=1&pageSize=10,200,1,3202.935,29511b42-b6dd-421f-82b2-187c89786aea
2026-07-22T16:10:25.113Z,GET,/workers/?page=1&pageSize=10,200,1,6251.908,e74269f2-228f-4687-a5f8-d0e2db09184b
2026-07-22T16:10:22.209Z,GET,/work/?page=1&pageSize=10,200,1,9215.862,a6b22325-51e6-4c14-a55d-83ae562945f2
2026-07-22T16:10:27.238Z,GET,/customers/b4a706d6-318f-40db-9246-59347c15dac0,200,1,4202.419,8e92ab24-0728-4c04-8ba4-f7d9e3a29d77
2026-07-22T16:10:19.718Z,GET,/customers/b4a706d6-318f-40db-9246-59347c15dac0/with-cars,200,1,11785.218,f38ef805-57c9-4efc-b86d-d9e3d851165a
2026-07-22T16:10:22.013Z,GET,/cars/4c23ae8d-6be0-4105-964d-f1ddf1199d0f,200,1,9510.119,6078fd60-8fef-4cc6-862f-aa8eb524e3cc
2026-07-22T16:10:26.494Z,GET,/cars/?page=1&pageSize=10,200,1,5040.728,0b7876fb-065f-4706-814f-289f88511804
2026-07-22T16:10:25.689Z,GET,/customers/?page=1&pageSize=10,200,1,5871.486,1254f35d-3f5c-44ec-a99e-23c878b66fb5
2026-07-22T16:10:25.272Z,GET,/workers/8142efaf-aba3-4c1b-b97c-f8b419f7aa0c,200,1,6318.577,fadf9815-12f5-46da-bab4-331977181494
2026-07-22T16:10:27.491Z,GET,/work/?page=1&pageSize=10,200,1,4122.988,83a7e8ab-54d9-44c1-918c-0f4910d31a64
2026-07-22T16:10:17.058Z,GET,/customers/b4a706d6-318f-40db-9246-59347c15dac0,200,1,14570.125,38b2d419-9abc-43e9-bf5c-f82977f0f63a
2026-07-22T16:10:25.202Z,GET,/work/?page=1&pageSize=10,200,1,6426.175,18129f5b-2120-4351-9316-19dbcf659491
2026-07-22T16:10:24.597Z,GET,/cars/4c23ae8d-6be0-4105-964d-f1ddf1199d0f,200,1,7038.346,b4176b95-aa05-4d92-808a-495ca2c42a4d
2026-07-22T16:10:24.779Z,GET,/orders/?page=1&pageSize=10,200,1,6894.054,fb592950-c452-4414-aa1a-d26af89914f7
2026-07-22T16:10:28.276Z,GET,/orders/?page=1&pageSize=10,200,1,3406.371,6f14f033-df2b-4406-b88b-75351ead6dab
2026-07-22T16:10:28.550Z,GET,/cars/f629ac10-996c-4cde-a868-46688570fac7,200,1,3149.705,9f385b1d-b086-4b78-8788-822639e10f89
2026-07-22T16:10:23.361Z,GET,/customers/de510cf4-d037-461e-ac0b-04d11b6c0aad,200,1,8357.660,56ea5755-e318-4605-975e-7d7ad6a18e2c
2026-07-22T16:10:29.281Z,GET,/cars/f629ac10-996c-4cde-a868-46688570fac7,200,1,2442.432,46bb4b0e-c3f1-47a5-8289-7659abcc5649
2026-07-22T16:10:23.522Z,GET,/work/29d16e15-2d48-4947-ab59-8a742c1729f8,200,1,8218.402,31594fbd-f060-4029-a09f-5c8787382a01
2026-07-22T16:10:21.771Z,GET,/cars/f629ac10-996c-4cde-a868-46688570fac7,200,1,10016.466,ea7f4e3b-bdb1-4333-96c9-e39186550cfc
2026-07-22T16:10:25.799Z,GET,/orders/?page=1&pageSize=10,200,1,6050.251,06904882-bd65-40f3-acf8-9fae99bcb3c1
2026-07-22T16:10:24.295Z,GET,/work/6793eefd-f19c-4adc-b3ac-1537cc981242,200,1,7567.624,769d07c2-fc27-4218-8448-7fc494870864
2026-07-22T16:10:24.740Z,GET,/work/6793eefd-f19c-4adc-b3ac-1537cc981242,200,1,7127.205,f95ef022-a858-4450-aee4-7d7b8274c99e
2026-07-22T16:10:23.229Z,GET,/work/29d16e15-2d48-4947-ab59-8a742c1729f8,200,1,8655.466,7dee915d-28f0-4bd9-a3a6-e31cc38cfb47
2026-07-22T16:10:22.654Z,GET,/workers/?page=1&pageSize=10,200,1,9262.733,dc687bc6-9c2a-4b18-94b1-a28c80b330ea
2026-07-22T16:10:23.830Z,GET,/workers/?page=1&pageSize=10,200,1,8102.697,5ef78871-85a8-4692-b6ff-324ea7119a7d
2026-07-22T16:10:26.546Z,GET,/cars/?page=1&pageSize=10,200,1,5413.875,e199ecb7-ba9b-4a18-a5ae-abfb3f188425
2026-07-22T16:10:24.879Z,GET,/work/?page=1&pageSize=10,200,1,7096.988,799478c4-6393-433c-84e1-7b322c4d4bf5
2026-07-22T16:10:24.919Z,GET,/customers/b4a706d6-318f-40db-9246-59347c15dac0/with-cars,200,1,7066.400,6a2091a9-0fc8-4047-b9be-2c119a1a24bd
2026-07-22T16:10:24.556Z,GET,/cars/?page=1&pageSize=10,200,1,7430.381,918738b0-23f7-439a-9c76-f1792a4ca80d
2026-07-22T16:10:26.226Z,GET,/orders/?page=1&pageSize=10,200,1,5774.000,dec2506d-1501-48e2-9e6a-46c6acbaf286
2026-07-22T16:10:28.470Z,GET,/workers/?page=1&pageSize=10,200,1,3543.268,39aecf25-431a-4f1f-a569-568ed6dce17f
2026-07-22T16:10:21.796Z,GET,/cars/4c23ae8d-6be0-4105-964d-f1ddf1199d0f,200,1,10262.941,dc06ea8a-16a8-4c08-bf45-b3d76829f47a
2026-07-22T16:10:26.291Z,GET,/customers/b4a706d6-318f-40db-9246-59347c15dac0,200,1,5772.253,2a5826d2-ae0f-4f1e-98a4-9c41c8c84d00
2026-07-22T16:10:22.931Z,GET,/customers/de510cf4-d037-461e-ac0b-04d11b6c0aad,200,1,9134.342,e8feb0e4-35b6-4419-a109-7c773aeb2136
2026-07-22T16:10:19.948Z,GET,/customers/?page=1&pageSize=10,200,1,12136.593,89166d29-1a0b-47cf-b309-11c72f36fd51
2026-07-22T16:10:24.895Z,GET,/orders/550f7644-5f85-4bc1-88ff-2b7aa1045946,200,1,7209.236,54f95e5d-3835-4c05-9331-71368da4a608
2026-07-22T16:10:25.454Z,GET,/cars/?page=1&pageSize=10,200,1,6651.477,7311ef0f-420a-4974-b2ff-02b155f77d06
2026-07-22T16:10:22.843Z,GET,/work/?page=1&pageSize=10,200,1,9270.805,673e3845-2d81-4276-8eac-457d0efa1750
2026-07-22T16:10:20.601Z,GET,/customers/de510cf4-d037-461e-ac0b-04d11b6c0aad,200,1,11515.153,155e39fd-b634-4344-a0e2-772035af08ae
2026-07-22T16:10:27.678Z,GET,/customers/b4a706d6-318f-40db-9246-59347c15dac0/with-cars,200,1,4438.984,768fc2a1-9e8b-4026-b44b-3c1f49b52200
2026-07-22T16:10:25.035Z,GET,/orders/?page=1&pageSize=10,200,1,7106.441,6a7e0b5d-dd5e-4454-b233-bf469dba4156
2026-07-22T16:10:26.162Z,GET,/workers/?page=1&pageSize=10,200,1,5979.389,0b178f76-539d-441a-8b88-a5c54e94a6b1
2026-07-22T16:10:19.546Z,GET,/users/?page=1&pageSize=10,200,1,12616.576,2e128884-1cd2-4644-ab65-7b9d24677c74
2026-07-22T16:10:29.326Z,GET,/work/6793eefd-f19c-4adc-b3ac-1537cc981242,200,1,2838.716,45032a60-a0fc-4e79-a0b5-f57c85c09b97
2026-07-22T16:10:24.362Z,GET,/work/6793eefd-f19c-4adc-b3ac-1537cc981242,200,1,7828.540,9236f50e-4dca-49ae-bf82-0d5b9707df84
2026-07-22T16:10:23.050Z,GET,/cars/4c23ae8d-6be0-4105-964d-f1ddf1199d0f,200,1,9148.941,0c3d1f05-d5f4-43df-8051-5146eae0a0a4
2026-07-22T16:10:23.791Z,GET,/cars/?page=1&pageSize=10,200,1,8448.400,6494a31f-1d30-4535-b331-e29867566819
2026-07-22T16:10:27.373Z,GET,/customers/b4a706d6-318f-40db-9246-59347c15dac0,200,1,4898.134,8d9bfb42-1ace-4efa-9635-b71626673a1d
2026-07-22T16:10:27.259Z,GET,/work/29d16e15-2d48-4947-ab59-8a742c1729f8,200,1,5071.093,1d697073-5a67-4d41-8ee5-8ab8461b2926
2026-07-22T16:10:25.070Z,GET,/customers/?page=1&pageSize=10,200,1,7273.567,b45968ed-c66b-4bdf-ab58-8291c08cc256
2026-07-22T16:10:26.629Z,GET,/workers/?page=1&pageSize=10,200,1,5718.276,251b6822-4586-45c8-885c-f7c0908ef3bd
2026-07-22T16:10:22.961Z,GET,/customers/b4a706d6-318f-40db-9246-59347c15dac0/with-cars,200,1,9389.102,54cdfd8f-1e64-4cad-8a3a-9d10ba942107
2026-07-22T16:10:26.680Z,GET,/customers/b4a706d6-318f-40db-9246-59347c15dac0/with-cars,200,1,5678.434,44404341-1acd-462a-944e-1bcce940181b
2026-07-22T16:10:25.825Z,GET,/workers/8142efaf-aba3-4c1b-b97c-f8b419f7aa0c,200,1,6540.147,ae57d65d-7d04-442e-a6bf-3e6a6789d4c5
2026-07-22T16:10:24.720Z,GET,/work/?page=1&pageSize=10,200,1,7647.073,89e12c2c-95bb-4e81-8b4e-6f480212ddd3
2026-07-22T16:10:27.683Z,GET,/customers/?page=1&pageSize=10,200,1,4688.016,d8aa8bcc-a510-4c28-80ca-f3245e119a9a
2026-07-22T16:10:22.854Z,GET,/orders/8b3c7b07-ec20-4a5f-b1a4-377b529f1a20,200,1,9527.593,250e7e21-8586-40d1-8433-8639eaeb4fec
2026-07-22T16:10:23.375Z,GET,/customers/b4a706d6-318f-40db-9246-59347c15dac0/with-cars,200,1,9026.531,0815c053-97c5-4855-ab33-9ce4b764c7ec
2026-07-22T16:10:24.224Z,GET,/customers/b4a706d6-318f-40db-9246-59347c15dac0/with-cars,200,1,8195.362,a40b7399-9b0f-4c45-8f02-c125ad1e4ccd
2026-07-22T16:10:27.471Z,GET,/customers/de510cf4-d037-461e-ac0b-04d11b6c0aad,200,1,4955.551,d511cf87-5e98-4059-9461-4b61432b1f20
2026-07-22T16:10:23.469Z,GET,/workers/8142efaf-aba3-4c1b-b97c-f8b419f7aa0c,200,1,8964.589,a5c4fa82-41ba-43d9-b36f-afa8bd67a4e2
2026-07-22T16:10:27.072Z,GET,/workers/8142efaf-aba3-4c1b-b97c-f8b419f7aa0c,200,1,5368.094,19d14dc2-889e-44e6-9946-adb66ad72db0
2026-07-22T16:10:23.598Z,GET,/workers/?page=1&pageSize=10,200,1,8858.675,e03547ee-504f-4181-9715-ba840500ee78
2026-07-22T16:10:26.049Z,GET,/orders/?page=1&pageSize=10,200,1,6417.712,eacaf4e4-d2b8-482e-8833-d265cb416dde
2026-07-22T16:10:29.628Z,GET,/work/?page=1&pageSize=10,200,1,2849.178,19f3e242-e79f-49fc-90e1-79f090798f87
2026-07-22T16:10:26.514Z,GET,/orders/?page=1&pageSize=10,200,1,5970.686,ec784e37-aedd-4aee-be03-f0fbd636957a
2026-07-22T16:10:22.266Z,GET,/cars/?page=1&pageSize=10,200,1,10223.787,ac303649-32c3-4923-a61a-7f80d152002a
2026-07-22T16:10:26.958Z,GET,/workers/8142efaf-aba3-4c1b-b97c-f8b419f7aa0c,200,1,5624.407,9e07b65f-c6e4-4c9e-8df7-910ee9e0edbf
2026-07-22T16:10:27.858Z,GET,/cars/?page=1&pageSize=10,200,1,4742.478,8693fe48-2518-4637-8360-e68af73d8eb2
2026-07-22T16:10:26.301Z,GET,/workers/?page=1&pageSize=10,200,1,6304.697,c5854c2c-10af-4bc0-8437-5a6cd3406504
2026-07-22T16:10:22.511Z,GET,/customers/?page=1&pageSize=10,200,1,10098.716,2df0f96b-f1aa-4fda-ad5a-e15eb2d8997b
2026-07-22T16:10:26.129Z,GET,/workers/8142efaf-aba3-4c1b-b97c-f8b419f7aa0c,200,1,6490.398,759f7e62-2b03-4d07-bb66-0f575e7e4a03
2026-07-22T16:10:26.895Z,GET,/users/d7d2d1e7-410e-4a68-9f44-a3f36750f7af,200,1,5731.462,9a7034de-6673-4a39-b54d-c3a0228436f2
2026-07-22T16:10:28.208Z,GET,/orders/550f7644-5f85-4bc1-88ff-2b7aa1045946,200,1,4454.688,aecfdfcb-11a8-4787-9725-185ff6c702a5
2026-07-22T16:10:25.923Z,GET,/workers/?page=1&pageSize=10,200,1,6765.929,3d0c9d91-6a95-4689-87b2-81fac7ae9a0e
2026-07-22T16:10:29.998Z,GET,/users/d7d2d1e7-410e-4a68-9f44-a3f36750f7af,200,1,2694.374,9143d88f-9e2b-459d-99c2-b6740736b787
2026-07-22T16:10:29.537Z,GET,/orders/c6027a52-fbfc-4001-9a61-c985ab2f10b4,200,1,3192.263,8b227759-41ff-4e4e-b33a-c767fe72c08c
2026-07-22T16:10:26.639Z,GET,/workers/8142efaf-aba3-4c1b-b97c-f8b419f7aa0c,200,1,6112.079,dcad9853-e3d4-4a35-8788-661f5733d0e0
2026-07-22T16:10:22.855Z,GET,/cars/4c23ae8d-6be0-4105-964d-f1ddf1199d0f,200,1,9896.989,b7108645-b579-4c63-86b1-a3c8249e67c0
2026-07-22T16:10:27.358Z,GET,/customers/de510cf4-d037-461e-ac0b-04d11b6c0aad,200,1,5409.146,0b409bd7-3119-43c9-a9ed-4158bca08d2e
2026-07-22T16:10:26.808Z,GET,/customers/b4a706d6-318f-40db-9246-59347c15dac0/with-cars,200,1,5962.484,f28f7486-5071-4a11-a310-361a592539b6
2026-07-22T16:10:27.406Z,GET,/workers/?page=1&pageSize=10,200,1,5381.735,0911d298-a18a-47fa-9339-2d9bd7fe7d89
2026-07-22T16:10:24.626Z,GET,/orders/550f7644-5f85-4bc1-88ff-2b7aa1045946,200,1,8172.747,5a519c74-c8da-4ce7-9f50-de1c584e5340
2026-07-22T16:10:25.653Z,GET,/work/29d16e15-2d48-4947-ab59-8a742c1729f8,200,1,7168.658,d1d4c3df-5788-44f6-bcde-3f294bff3900
2026-07-22T16:10:24.587Z,GET,/users/?page=1&pageSize=10,200,1,8237.785,5f8e8cee-d14b-4aad-8e6a-3401a9eb45d4
2026-07-22T16:10:27.537Z,GET,/workers/?page=1&pageSize=10,200,1,5295.821,d1c28285-4e8f-4e7c-abac-00c2e6f44618
2026-07-22T16:10:23.234Z,GET,/orders/8b3c7b07-ec20-4a5f-b1a4-377b529f1a20,200,1,9600.348,e9aef0a8-49ba-4a64-bf3c-5db0d0665ffd
2026-07-22T16:10:23.973Z,GET,/cars/?page=1&pageSize=10,200,1,8872.182,3d111b8d-2e0d-412e-9cd7-3bf65bede62c
2026-07-22T16:10:28.014Z,GET,/users/?page=1&pageSize=10,200,1,4847.106,c1cb8c2d-45db-4636-8c20-9787c3510ccb
2026-07-22T16:10:28.758Z,GET,/orders/8b3c7b07-ec20-4a5f-b1a4-377b529f1a20,200,1,4111.185,293ec59f-61a3-471f-8598-e1f294a5a800
2026-07-22T16:10:28.023Z,GET,/workers/?page=1&pageSize=10,200,1,4864.555,410482f1-390b-4a99-ae3e-2dcadc79009f
2026-07-22T16:10:26.257Z,GET,/workers/?page=1&pageSize=10,200,1,6636.656,8955fa4a-777e-473c-8ae2-29aa8e30f26a
2026-07-22T16:10:25.745Z,GET,/orders/?page=1&pageSize=10,200,1,7149.722,1ce266dc-3092-4c31-a9f9-3d756b0d5e8f
2026-07-22T16:10:25.006Z,GET,/workers/8142efaf-aba3-4c1b-b97c-f8b419f7aa0c,200,1,7897.570,6f56c2ec-7569-4f14-bea1-7ef6fbef7f3a
2026-07-22T16:10:27.320Z,GET,/users/?page=1&pageSize=10,200,1,5587.078,df6e1dcb-7a20-4859-ba76-be5acdb39a2b
2026-07-22T16:10:25.691Z,GET,/customers/b4a706d6-318f-40db-9246-59347c15dac0/with-cars,200,1,7216.647,dfed7ea7-4511-492a-ac54-f5e63e321786
2026-07-22T16:10:25.227Z,GET,/orders/?page=1&pageSize=10,200,1,7682.329,0a194312-280f-4f3d-a0e0-0c4a12892e33
2026-07-22T16:10:29.553Z,GET,/work/6793eefd-f19c-4adc-b3ac-1537cc981242,200,1,3402.614,2c0f99d1-4bcc-447b-8547-63e25ee98af6
2026-07-22T16:10:29.670Z,GET,/users/549271f4-5bcd-4e3c-80c2-8b61894e1a99,200,1,3311.046,bdc30ce2-3b38-47a1-bd78-87e2047c4642
2026-07-22T16:10:27.445Z,GET,/orders/c6027a52-fbfc-4001-9a61-c985ab2f10b4,200,1,5553.942,8cdacf92-bf62-4cfb-8112-e5fe1a98f0c1
2026-07-22T16:10:28.725Z,GET,/workers/8142efaf-aba3-4c1b-b97c-f8b419f7aa0c,200,1,4292.782,ebac45dd-a73a-4a19-b4fb-64411376b52c
2026-07-22T16:10:29.203Z,GET,/cars/401807fd-6722-461f-a712-2ce739d1bd2f,200,1,3818.270,85c0b295-2481-4cc2-ac0b-e0d7e6f6d5e5
2026-07-22T16:10:27.880Z,GET,/users/?page=1&pageSize=10,200,1,5142.023,43a5c820-0e23-406e-84c0-d5fb3996995c
2026-07-22T16:10:26.956Z,GET,/customers/b4a706d6-318f-40db-9246-59347c15dac0/with-cars,200,1,6073.496,1b4eb56c-631b-4cd4-b3a1-b01ec4aaa4c2
2026-07-22T16:10:23.125Z,GET,/orders/?page=1&pageSize=10,200,1,9907.082,38fd5ad7-7989-41c7-bd8c-b48cdf5ec9db
2026-07-22T16:10:27.769Z,GET,/customers/de510cf4-d037-461e-ac0b-04d11b6c0aad,200,1,5266.952,85f0dd12-bbc2-4ea0-ab20-4b626bf6f8ea
2026-07-22T16:10:28.799Z,GET,/work/?page=1&pageSize=10,200,1,4248.597,063fead8-eba8-478b-941c-1e0e625e53ec
2026-07-22T16:10:26.230Z,GET,/users/d7d2d1e7-410e-4a68-9f44-a3f36750f7af,200,1,6836.158,1c04bab7-51ba-4e4d-9f49-34a540781fad
2026-07-22T16:10:26.512Z,GET,/cars/?page=1&pageSize=10,200,1,6575.881,082857f3-14df-4775-86b1-19edfca80067
2026-07-22T16:10:27.846Z,GET,/users/?page=1&pageSize=10,200,1,5245.582,b901d3b0-47e7-4034-af3d-eccfd0e90a4d
2026-07-22T16:10:27.837Z,GET,/work/?page=1&pageSize=10,200,1,5258.628,b96e494b-fcff-46bc-8a8b-50771bb6ee04
2026-07-22T16:10:26.530Z,GET,/cars/f629ac10-996c-4cde-a868-46688570fac7,200,1,6586.063,ae6f10fb-a1f4-4f4c-845e-d333c8f8e012
2026-07-22T16:10:27.758Z,GET,/work/?page=1&pageSize=10,200,1,5363.947,2b954001-71fc-47c9-baf1-3f3815ef62b1
2026-07-22T16:10:28.072Z,GET,/work/6793eefd-f19c-4adc-b3ac-1537cc981242,200,1,5065.061,88b0c23c-da7a-4f80-abe3-696f00d15fbe
2026-07-22T16:10:26.267Z,GET,/orders/?page=1&pageSize=10,200,1,6872.532,f20c3959-3cf5-49e1-814e-97480013298a
2026-07-22T16:10:30.232Z,GET,/customers/?page=1&pageSize=10,200,1,2909.123,255f85c6-6d26-41a2-9f3a-c994b3473435
2026-07-22T16:10:28.489Z,GET,/customers/3eeca84a-edac-4c04-97e5-44a16d262300,200,1,4683.797,b9c3f53e-70e2-4ea5-80d0-ffd4e90155dc
2026-07-22T16:10:30.381Z,GET,/orders/?page=1&pageSize=10,200,1,2795.896,5ee149c0-c2e9-4450-aac4-63ea87b373a4
2026-07-22T16:10:26.478Z,GET,/workers/?page=1&pageSize=10,200,1,6703.591,66c433f0-f227-4112-b335-a674640c0f0f
2026-07-22T16:10:29.117Z,GET,/users/d7d2d1e7-410e-4a68-9f44-a3f36750f7af,200,1,4065.336,81990ae5-728a-4caa-aaa2-71413e3e05dd
2026-07-22T16:10:28.957Z,GET,/customers/b4a706d6-318f-40db-9246-59347c15dac0,200,1,4243.883,6960db16-07f5-4079-aeb5-6c6702de3e72
2026-07-22T16:10:25.811Z,GET,/work/6793eefd-f19c-4adc-b3ac-1537cc981242,200,1,7398.422,8454b465-2284-4d68-940b-2bbf611338ee
2026-07-22T16:10:25.654Z,GET,/work/29d16e15-2d48-4947-ab59-8a742c1729f8,200,1,7574.582,c7b2961b-e8ef-4af0-8b4f-c9633e084829
2026-07-22T16:10:27.278Z,GET,/orders/?page=1&pageSize=10,200,1,5952.774,32a9b48a-934c-421b-b7b2-4312351ffc43
2026-07-22T16:10:26.555Z,GET,/orders/?page=1&pageSize=10,200,1,6685.436,69c0345e-3ff0-4984-85b1-992bbcf0108b
2026-07-22T16:10:29.874Z,GET,/workers/8142efaf-aba3-4c1b-b97c-f8b419f7aa0c,200,1,3379.187,d01b8e7f-646d-4c5d-bb01-37c1ff5f17f2
2026-07-22T16:10:28.016Z,GET,/users/?page=1&pageSize=10,200,1,5247.329,af5f34f7-2c86-41ef-a91d-b198a2bab275
2026-07-22T16:10:25.986Z,GET,/cars/f629ac10-996c-4cde-a868-46688570fac7,200,1,7288.642,07da0b42-7695-4f50-90e8-bddcac3d3d8c
2026-07-22T16:10:29.236Z,GET,/users/?page=1&pageSize=10,200,1,4041.397,8ed3ee0f-d886-4751-ba6e-3f92085b59af
2026-07-22T16:10:26.346Z,GET,/users/?page=1&pageSize=10,200,1,6932.740,7294c251-efe0-4f83-961f-3509f13fa779
2026-07-22T16:10:24.133Z,GET,/users/?page=1&pageSize=10,200,1,9205.201,c004a704-32f3-4448-8958-0e5526cf2f5c
2026-07-22T16:10:26.700Z,GET,/work/?page=1&pageSize=10,200,1,6642.533,7d87e3a5-df9e-487e-9eb5-3908c16ffe38
2026-07-22T16:10:28.137Z,GET,/users/d7d2d1e7-410e-4a68-9f44-a3f36750f7af,200,1,5215.586,84d918bd-8c8e-4e51-a238-b9befd07e524
2026-07-22T16:10:30.094Z,GET,/customers/b4a706d6-318f-40db-9246-59347c15dac0/with-cars,200,1,3271.516,2332c6c7-e153-4cb5-98a5-7517c7ec4f33
2026-07-22T16:10:22.672Z,GET,/cars/4c23ae8d-6be0-4105-964d-f1ddf1199d0f,200,1,10713.881,0e092812-c7bb-4f29-b05a-105bfb1df470
2026-07-22T16:10:29.923Z,GET,/work/29d16e15-2d48-4947-ab59-8a742c1729f8,200,1,3480.210,ecfe5ec5-4b60-486a-a5a5-158e70c5dd1d
2026-07-22T16:10:28.405Z,GET,/workers/?page=1&pageSize=10,200,1,5001.189,143d4b5b-d3db-44a2-b627-cf36889e82b1
2026-07-22T16:10:27.901Z,GET,/cars/?page=1&pageSize=10,200,1,5509.405,3e7981bf-990b-42e1-abed-5152086c5ffd
2026-07-22T16:10:25.593Z,GET,/users/549271f4-5bcd-4e3c-80c2-8b61894e1a99,200,1,7819.658,3698dc8f-154a-4376-bed4-0e1b4fe6fcd4
2026-07-22T16:10:28.700Z,GET,/customers/?page=1&pageSize=10,200,1,4728.074,901e68a6-4e82-41eb-9df7-efe3a4c6462f
2026-07-22T16:10:23.876Z,GET,/users/?page=1&pageSize=10,200,1,9561.915,c54a6f9f-8f4f-4739-b0e1-d584433c1c24
2026-07-22T16:10:30.317Z,GET,/users/?page=1&pageSize=10,200,1,3132.687,bf340827-9c28-41d5-b582-9ecdebb5b7b4
2026-07-22T16:10:23.952Z,GET,/customers/de510cf4-d037-461e-ac0b-04d11b6c0aad,200,1,9502.685,36f2af5b-2082-4606-bb68-fa90734429b4
2026-07-22T16:10:29.238Z,GET,/work/6793eefd-f19c-4adc-b3ac-1537cc981242,200,1,4226.090,8c8272f1-1da1-43c8-810b-5a3ee0803cd8
2026-07-22T16:10:29.004Z,GET,/users/?page=1&pageSize=10,200,1,4469.905,3d604226-74db-4bc6-9bcd-ecead1dbe4f5
2026-07-22T16:10:27.011Z,GET,/customers/de510cf4-d037-461e-ac0b-04d11b6c0aad,200,1,6470.014,2ed3400f-5446-4f94-9cbd-81fc8a1dc082
2026-07-22T16:10:28.077Z,GET,/users/?page=1&pageSize=10,200,1,5414.071,4b549ac5-9b89-4178-80ec-d665c2c9bfd0
2026-07-22T16:10:29.673Z,GET,/work/6793eefd-f19c-4adc-b3ac-1537cc981242,200,1,3836.495,1edfcb5b-cf85-4d09-a639-79c995210579
2026-07-22T16:10:29.009Z,GET,/workers/?page=1&pageSize=10,200,1,4515.148,abc466f0-cd70-478c-aafc-575fcdd3d807
2026-07-22T16:10:27.710Z,GET,/cars/?page=1&pageSize=10,200,1,5821.390,3dca0c27-0401-415e-bc3b-d001986b45db
2026-07-22T16:10:24.637Z,GET,/orders/?page=1&pageSize=10,200,1,8896.718,17616e32-0b95-4f04-824d-32e833d52309
2026-07-22T16:10:28.049Z,GET,/users/?page=1&pageSize=10,200,1,5489.662,7e0ced30-0403-4f75-ac9f-1a6709098b1c
2026-07-22T16:10:28.413Z,GET,/customers/b4a706d6-318f-40db-9246-59347c15dac0/with-cars,200,1,5138.425,59d9586b-19f0-464e-a6b3-787b1ae987d4
2026-07-22T16:10:29.291Z,GET,/orders/?page=1&pageSize=10,200,1,4263.242,e6be2116-464c-46e4-97e3-30abd8c13684
2026-07-22T16:10:23.657Z,GET,/workers/?page=1&pageSize=10,200,1,9898.458,4e8be27e-2f22-4284-a8e6-f58a84784c32
2026-07-22T16:10:27.033Z,GET,/customers/?page=1&pageSize=10,200,1,6535.048,2444cc66-b2f4-4d2c-ad8d-844857562350
2026-07-22T16:10:29.665Z,GET,/cars/?page=1&pageSize=10,200,1,3906.367,bbcf878a-ad70-49b2-8acd-9f9c40dfc2e5
2026-07-22T16:10:27.241Z,GET,/customers/b4a706d6-318f-40db-9246-59347c15dac0,200,1,6332.345,927f0d3a-4a25-4db7-b289-7c8f4d56909a
2026-07-22T16:10:29.491Z,GET,/work/?page=1&pageSize=10,200,1,4091.273,686d0d51-8a88-4dd8-a87a-0053e9cabb6d
2026-07-22T16:10:25.553Z,GET,/customers/de510cf4-d037-461e-ac0b-04d11b6c0aad,200,1,8033.294,f1a572d9-6068-453c-a6a5-850416d170a4
2026-07-22T16:10:27.975Z,GET,/customers/b4a706d6-318f-40db-9246-59347c15dac0/with-cars,200,1,5611.547,ad428ebd-f524-45e7-b12f-468b89359fff
2026-07-22T16:10:28.173Z,GET,/customers/b4a706d6-318f-40db-9246-59347c15dac0/with-cars,200,1,5417.535,c87aacfa-8c27-4ff7-89e4-70f9fecac430
2026-07-22T16:10:28.151Z,GET,/customers/b4a706d6-318f-40db-9246-59347c15dac0,200,1,5450.164,a477bc46-66d5-48b9-a976-a3156bd1e978
2026-07-22T16:10:27.977Z,GET,/orders/?page=1&pageSize=10,200,1,5632.064,71083905-bdcb-4997-b434-12a1628c6e36
2026-07-22T16:10:27.448Z,GET,/workers/?page=1&pageSize=10,200,1,6162.075,48527428-93f4-4686-8784-456e4b769bc9
2026-07-22T16:10:28.237Z,GET,/work/?page=1&pageSize=10,200,1,5378.436,de712ff9-efdd-4a7f-8191-965ffed3ddf3
2026-07-22T16:10:29.077Z,GET,/orders/?page=1&pageSize=10,200,1,4540.643,9d2e6613-b4b5-4fcf-a26f-90809890bc4f
2026-07-22T16:10:29.995Z,GET,/customers/de510cf4-d037-461e-ac0b-04d11b6c0aad,200,1,3634.939,e99f8720-22a6-4fe2-8e79-9c6e6e006e68
2026-07-22T16:10:27.132Z,GET,/cars/?page=1&pageSize=10,200,1,6500.087,df07a682-4319-453c-b99b-4e18b732d516
2026-07-22T16:10:26.204Z,GET,/users/?page=1&pageSize=10,200,1,7440.881,fa8448d2-346f-41bf-8217-9dd8c572f4be
2026-07-22T16:10:25.320Z,GET,/orders/c6027a52-fbfc-4001-9a61-c985ab2f10b4,200,1,8335.511,2fde3cf3-252f-4240-99a4-7acd78945f06
2026-07-22T16:10:27.300Z,GET,/customers/b4a706d6-318f-40db-9246-59347c15dac0/with-cars,200,1,6358.297,35f0dcd5-683a-4acc-8c2b-0f99c07404da
2026-07-22T16:10:23.189Z,GET,/orders/?page=1&pageSize=10,200,1,10478.084,02b00bc1-b64d-40f9-9ff7-cf24e7d388e8
2026-07-22T16:10:30.220Z,GET,/cars/?page=1&pageSize=10,200,1,3454.558,4cb2c43e-8ec4-418c-aa2c-688b8d076aa4
2026-07-22T16:10:29.943Z,GET,/users/?page=1&pageSize=10,200,1,3734.268,a516ca15-abdf-45c3-bf27-15c497095ace
2026-07-22T16:10:29.299Z,GET,/workers/?page=1&pageSize=10,200,1,4385.304,cebe8227-5a8a-46ae-bf8b-809412190499
2026-07-22T16:10:29.781Z,GET,/workers/?page=1&pageSize=10,200,1,3904.413,e7b12359-9c30-44ae-a3eb-3072fb9b3278
2026-07-22T16:10:29.754Z,GET,/cars/401807fd-6722-461f-a712-2ce739d1bd2f,200,1,3931.804,5c9a1c98-3f83-4087-a769-4a0c6d369fb4
2026-07-22T16:10:28.234Z,GET,/users/d7d2d1e7-410e-4a68-9f44-a3f36750f7af,200,1,5467.980,9bd297c6-c40b-40c1-9492-aace20ff1da9
2026-07-22T16:10:25.458Z,GET,/workers/8142efaf-aba3-4c1b-b97c-f8b419f7aa0c,200,1,8245.106,037d4c8c-6590-493f-8d99-27d2a158b768
2026-07-22T16:10:28.149Z,GET,/users/?page=1&pageSize=10,200,1,5568.184,550179b0-920d-4c2a-8a6e-7933265801d4
2026-07-22T16:10:27.479Z,GET,/workers/8142efaf-aba3-4c1b-b97c-f8b419f7aa0c,200,1,6240.813,12df0bb3-dd70-44e9-a30c-2acebc85ba00
2026-07-22T16:10:27.767Z,GET,/users/d7d2d1e7-410e-4a68-9f44-a3f36750f7af,200,1,5964.125,2af1dd5e-247f-4fbc-843f-f8389f2309e0
2026-07-22T16:10:28.388Z,GET,/orders/c6027a52-fbfc-4001-9a61-c985ab2f10b4,200,1,5346.576,7400c720-3ef4-481e-89b6-1d6ec5e5f429
2026-07-22T16:10:30.406Z,GET,/cars/ee9400ec-0da4-4755-a4c1-002ed491b99f,200,1,3335.730,4ff0850a-84df-4001-ba9e-a93e9e06cc84
2026-07-22T16:10:29.102Z,GET,/orders/?page=1&pageSize=10,200,1,4648.756,73c3ef5a-0891-4c9c-ba71-c39ffc202969
2026-07-22T16:10:29.941Z,GET,/workers/8142efaf-aba3-4c1b-b97c-f8b419f7aa0c,200,1,3820.456,395e65ae-0a0c-447b-821c-5a65dda2a202
2026-07-22T16:10:27.364Z,GET,/workers/?page=1&pageSize=10,200,1,6397.114,f4033526-a809-4c19-a003-05d57b564e4c
2026-07-22T16:10:27.638Z,GET,/cars/9665e185-530d-4f15-bcbe-f825a8d53dec,200,1,6141.311,aa6164b0-a6ee-464a-873e-c4d1390f511b
2026-07-22T16:10:30.391Z,GET,/orders/550f7644-5f85-4bc1-88ff-2b7aa1045946,200,1,3388.234,4bb32299-cbd1-4050-b348-6e83a9f3e5d9
2026-07-22T16:10:30.063Z,GET,/workers/8142efaf-aba3-4c1b-b97c-f8b419f7aa0c,200,1,3735.466,46bfa64e-cb9d-4f48-aee7-2621586d5dbc
2026-07-22T16:10:30.287Z,GET,/customers/2091f353-0a96-46c0-9e8c-bebf1cda05c5,200,1,3519.507,85672776-29c2-4655-977c-60808f752bb1
2026-07-22T16:10:29.906Z,GET,/work/6793eefd-f19c-4adc-b3ac-1537cc981242,200,1,3903.528,e2317960-ed86-42bf-8a39-1890275ff54e
2026-07-22T16:10:27.941Z,GET,/customers/b4a706d6-318f-40db-9246-59347c15dac0/with-cars,200,1,5873.875,19517aec-1a04-4e7d-a1f7-031ecca272e7
2026-07-22T16:10:30.198Z,GET,/users/d7d2d1e7-410e-4a68-9f44-a3f36750f7af,200,1,3619.162,28fb7345-1195-42a4-9611-952a7cdb7fe5
2026-07-22T16:10:28.487Z,GET,/users/549271f4-5bcd-4e3c-80c2-8b61894e1a99,200,1,5343.090,fa3ee93b-cee8-4556-8ee4-3b7bb0ac1567
2026-07-22T16:10:30.094Z,GET,/customers/b4a706d6-318f-40db-9246-59347c15dac0,200,1,3741.563,2c168b39-6df2-40d2-8733-754cf363e07a
2026-07-22T16:10:28.821Z,GET,/workers/?page=1&pageSize=10,200,1,5015.177,3311412c-3b2b-4fc4-9459-f2786a8cb6e9
2026-07-22T16:10:27.681Z,GET,/orders/8b3c7b07-ec20-4a5f-b1a4-377b529f1a20,200,1,6162.442,3f0f1180-663e-457f-85c1-d0550fadaad5
2026-07-22T16:10:26.398Z,GET,/workers/?page=1&pageSize=10,200,1,7452.335,0ec8f790-a8e8-44c1-bbec-ae30b9d01298
2026-07-22T16:10:27.655Z,GET,/workers/?page=1&pageSize=10,200,1,6197.023,be9f26a4-6308-4777-b6ba-3019bcd5ef34
2026-07-22T16:10:28.802Z,GET,/work/?page=1&pageSize=10,200,1,5056.238,7fa5212c-f1f1-4279-9c31-84f468b54133
2026-07-22T16:10:28.642Z,GET,/workers/?page=1&pageSize=10,200,1,5225.230,03dec1f4-a380-4647-8f24-462938e2bb9b
2026-07-22T16:10:30.348Z,GET,/customers/?page=1&pageSize=10,200,1,3521.480,ebf10233-8098-40a2-a51b-3ba4e5b956d5
2026-07-22T16:10:29.627Z,GET,/customers/?page=1&pageSize=10,200,1,4260.969,921dfded-3c29-4069-a5f3-3a2e51203dd3
2026-07-22T16:10:29.925Z,GET,/users/549271f4-5bcd-4e3c-80c2-8b61894e1a99,200,1,3983.883,e9c0de91-ec9e-4ebe-9032-e03f583e356b
2026-07-22T16:10:29.239Z,GET,/work/6793eefd-f19c-4adc-b3ac-1537cc981242,200,1,4679.488,93ff7c21-3a46-4885-8d78-85101066e6aa
2026-07-22T16:10:27.749Z,GET,/workers/?page=1&pageSize=10,200,1,6175.691,a79e4d96-5625-4866-9f7f-93af0659474a
2026-07-22T16:10:29.988Z,GET,/work/29d16e15-2d48-4947-ab59-8a742c1729f8,200,1,3945.317,29436950-b7da-41fa-9df2-5bdd958d4a11
2026-07-22T16:10:28.139Z,GET,/customers/b4a706d6-318f-40db-9246-59347c15dac0/with-cars,200,1,5800.337,21c4df11-6a1d-41f8-bf3e-4aac12d45b06
2026-07-22T16:10:28.453Z,GET,/users/d7d2d1e7-410e-4a68-9f44-a3f36750f7af,200,1,5496.785,0334e54a-d17c-4d48-b9be-8c98b9144420
2026-07-22T16:10:29.693Z,GET,/cars/?page=1&pageSize=10,200,1,4269.868,b76462b4-2726-4def-b7e2-337fa72d9ef8
2026-07-22T16:10:27.662Z,GET,/workers/?page=1&pageSize=10,200,1,6303.101,01126f65-0b9d-4540-866e-921b7914f26f
2026-07-22T16:10:28.797Z,GET,/workers/?page=1&pageSize=10,200,1,5169.631,ab47ae91-c68c-47d9-a10e-a4f51f3277cc
2026-07-22T16:10:29.972Z,GET,/customers/3eeca84a-edac-4c04-97e5-44a16d262300,200,1,4008.511,fb680d2a-1c8b-4c58-ba18-e9b5ef172baa
2026-07-22T16:10:26.729Z,GET,/customers/3eeca84a-edac-4c04-97e5-44a16d262300,200,1,7251.885,05419c69-fe26-47e0-b88d-b9c6e848c578
2026-07-22T16:10:28.560Z,GET,/cars/?page=1&pageSize=10,200,1,5430.213,8d3f2d80-0a24-43cc-b21b-f1448e932278
2026-07-22T16:10:30.008Z,GET,/customers/de510cf4-d037-461e-ac0b-04d11b6c0aad/with-cars,200,1,4019.393,d842f52b-16da-4984-8f6e-3cabb126c8f5
2026-07-22T16:10:29.100Z,GET,/customers/?page=1&pageSize=10,200,1,4928.812,3477b5f7-5d20-4ec9-9945-c6a9fccc6ecc
2026-07-22T16:10:29.664Z,GET,/cars/?page=1&pageSize=10,200,1,4365.876,d1bb6dd6-d1e5-4d46-9356-4dd15c718db1
2026-07-22T16:10:26.372Z,GET,/workers/?page=1&pageSize=10,200,1,7663.559,30501b2f-c580-44b8-81fd-1a46a2b099a5
2026-07-22T16:10:30.499Z,GET,/workers/?page=1&pageSize=10,200,1,3538.216,fc311fd7-b108-4ec1-bd55-0e6482b619c6
2026-07-22T16:10:29.403Z,GET,/cars/9665e185-530d-4f15-bcbe-f825a8d53dec,200,1,4660.886,38be8721-20c4-4b47-bd41-7ec5b3b07708
2026-07-22T16:10:29.020Z,GET,/work/?page=1&pageSize=10,200,1,5063.151,4c813d91-1408-4579-b8e3-318d6f198a60
2026-07-22T16:10:30.165Z,GET,/work/6793eefd-f19c-4adc-b3ac-1537cc981242,200,1,3923.349,c4556d11-3ac5-49a6-87dd-b1cc738d4c98
2026-07-22T16:10:29.568Z,GET,/work/6793eefd-f19c-4adc-b3ac-1537cc981242,200,1,4521.173,ae1dfdd1-55cb-4874-9ad4-a96ccd4586d6
2026-07-22T16:10:29.050Z,GET,/customers/?page=1&pageSize=10,200,1,5056.162,f0ee52bd-2870-4e51-940a-3eb4a2dff47f
2026-07-22T16:10:28.254Z,GET,/customers/b4a706d6-318f-40db-9246-59347c15dac0/with-cars,200,1,5875.710,2aa6e90d-b61b-4c14-b241-afcc3ef7c948
2026-07-22T16:10:30.368Z,GET,/customers/de510cf4-d037-461e-ac0b-04d11b6c0aad/with-cars,200,1,3776.798,fa97485c-e5b9-4c98-92fb-a5b142cb1b5c
2026-07-22T16:10:29.882Z,GET,/orders/c6027a52-fbfc-4001-9a61-c985ab2f10b4,200,1,4309.820,08c634bd-a073-4cbf-809e-f0e32e117987
2026-07-22T16:10:30.331Z,GET,/cars/?page=1&pageSize=10,200,1,3873.902,ed079631-a1b9-4b7e-8e05-b2191df42161
2026-07-22T16:10:30.349Z,GET,/workers/?page=1&pageSize=10,200,1,3869.414,374969a0-a303-4f20-8086-ec48e1b3fb3a
